自動車メーカー,車種,型式,適合詳細,セット内容,商品タイプ,サブバルブ,備考,販売価格,Camp価格,商品ID,物販コード,取付コード,メーカー名,自由長【F|R】(mm),レ-ト【F|R】(N/mm),全長調整範囲【F|R】(mm),ダウン量【F|R】,キャンセレーションキット,注意事項,定価,掛け,送料,SET価格
ABARTH,124スパイダー,NF2EK,,コンプリートキット,ネジ式車高・全長調整モデル,DFV,,205936,,258309,OHLINS-qq-e-h-279k,OHLINS-qq-e-d-h-279k,OHLINS,200|100,200|50,±15|±15,30/30,,基準ダウン量は、メーカーでのテスト時に車高を計測したデータであり、あくまで目安となるものです(実際には車両個体差等により変化する場合がございます),278000,66,0,232400
ABARTH,124スパイダー,NF2EK,,スプリングレスキット,ネジ式車高・全長調整モデル,DFV,,187654,,258273,OHLINS-qq-e-h-114k,OHLINS-qq-e-d-h-114k,OHLINS,200|100,200|50,±15|±15,30/30,,バネの付属はございません<br>基準ダウン量は、メーカーでのテスト時に車高を計測したデータであり、あくまで目安となるものです(実際には車両個体差等により変化する場合がございます),253000,66,0,214700
AUDI,A3,8P,2WD,コンプリートキット,ネジ式車高調整モデル,DFV,,339468,,258468,OHLINS-qq-e-h-252k,OHLINS-qq-e-d-h-252k,OHLINS,180|70,200|70,,20/20,<a href=https://www.kts-web.com/ec_shop/products/detail/258224>35020-22</a>,ご購入時のスプリングレート変更不可<br>基準ダウン量は、メーカーでのテスト時に車高を計測したデータであり、あくまで目安となるものです(実際には車両個体差等により変化する場合がございます),380000,80,0,363000
AUDI,A3,8P,4WD,コンプリートキット,ネジ式車高調整モデル,DFV,,339468,,258469,OHLINS-qq-e-h-253k,OHLINS-qq-e-d-h-253k,OHLINS,180|70,200|80,,20/20,<a href=https://www.kts-web.com/ec_shop/products/detail/258224>35020-22</a>,ご購入時のスプリングレート変更不可<br>基準ダウン量は、メーカーでのテスト時に車高を計測したデータであり、あくまで目安となるものです(実際には車両個体差等により変化する場合がございます),380000,80,0,363000
AUDI,A3/S3,8V,2WD,コンプリートキット,ネジ式車高調整モデル,DFV,,339468,,258492,OHLINS-qq-e-h-257k,出さない,OHLINS,200|70,200|70,,20/20,<a href=https://www.kts-web.com/ec_shop/products/detail/258225>35020-23</a>,ご購入時のスプリングレート変更不可<br>基準ダウン量は、メーカーでのテスト時に車高を計測したデータであり、あくまで目安となるものです(実際には車両個体差等により変化する場合がございます),380000,80,0,出さない
AUDI,A3/S3,8V,4WD,コンプリートキット,ネジ式車高調整モデル,DFV,,339468,,258493,OHLINS-qq-e-h-258k,出さない,OHLINS,200|70,200|80,,20/20,<a href=https://www.kts-web.com/ec_shop/products/detail/258225>35020-23</a>,ご購入時のスプリングレート変更不可<br>基準ダウン量は、メーカーでのテスト時に車高を計測したデータであり、あくまで目安となるものです(実際には車両個体差等により変化する場合がございます),380000,80,0,出さない
AUDI,A4/S4,B8,,コンプリートキット,ネジ式車高調整モデル,DFV,,366059,,258486,OHLINS-qq-e-h-248k,出さない,OHLINS,180|120,200|50,,15/15,<a href=https://www.kts-web.com/ec_shop/products/detail/258221>35020-19</a>,ご購入時のスプリングレート変更不可<br>基準ダウン量は、メーカーでのテスト時に車高を計測したデータであり、あくまで目安となるものです(実際には車両個体差等により変化する場合がございます),410000,80,0,出さない
AUDI,A5/S4,B8,,コンプリートキット,ネジ式車高調整モデル,DFV,,366059,,258487,OHLINS-qq-e-h-250k,出さない,OHLINS,180|120,200|50,,10/10,<a href=https://www.kts-web.com/ec_shop/products/detail/258221>35020-19</a>,ご購入時のスプリングレート変更不可<br>基準ダウン量は、メーカーでのテスト時に車高を計測したデータであり、あくまで目安となるものです(実際には車両個体差等により変化する場合がございます),410000,80,0,出さない
AUDI,RS3,8V,,コンプリートキット,ネジ式車高調整モデル,DFV,,339468,,258494,OHLINS-qq-e-h-259k,出さない,OHLINS,200|70,200|80,,20/20,<a href=https://www.kts-web.com/ec_shop/products/detail/258226>35020-24</a>,ご購入時のスプリングレート変更不可<br>基準ダウン量は、メーカーでのテスト時に車高を計測したデータであり、あくまで目安となるものです(実際には車両個体差等により変化する場合がございます),380000,80,0,出さない
AUDI,RS4,B8,,コンプリートキット,ネジ式車高調整モデル,DFV,,366059,,258488,OHLINS-qq-e-h-249k,出さない,OHLINS,180|120,200|50,,15/15,<a href=https://www.kts-web.com/ec_shop/products/detail/258223>35020-21</a>,ご購入時のスプリングレート変更不可<br>基準ダウン量は、メーカーでのテスト時に車高を計測したデータであり、あくまで目安となるものです(実際には車両個体差等により変化する場合がございます),410000,80,0,出さない
AUDI,RS5,B8,,コンプリートキット,ネジ式車高調整モデル,DFV,,366059,,258489,OHLINS-qq-e-h-251k,出さない,OHLINS,180|120,200|50,,10/10,<a href=https://www.kts-web.com/ec_shop/products/detail/258223>35020-21</a>,ご購入時のスプリングレート変更不可<br>基準ダウン量は、メーカーでのテスト時に車高を計測したデータであり、あくまで目安となるものです(実際には車両個体差等により変化する場合がございます),410000,80,0,出さない
AUDI,S3,8P,4WD,コンプリートキット,ネジ式車高調整モデル,DFV,,339468,,258503,OHLINS-qq-e-h-254k,出さない,OHLINS,180|70,200|80,,20/20,,ご購入時のスプリングレート変更不可<br>基準ダウン量は、メーカーでのテスト時に車高を計測したデータであり、あくまで目安となるものです(実際には車両個体差等により変化する場合がございます),380000,80,0,出さない
AUDI,TT/TTS/TTRS,8J,2WD,コンプリートキット,ネジ式車高調整モデル,DFV,,339468,,258490,OHLINS-qq-e-h-255k,出さない,OHLINS,180|70,200|70,,20/20,<a href=https://www.kts-web.com/ec_shop/products/detail/258224>35020-22</a>,ご購入時のスプリングレート変更不可<br>基準ダウン量は、メーカーでのテスト時に車高を計測したデータであり、あくまで目安となるものです(実際には車両個体差等により変化する場合がございます),380000,80,0,出さない
AUDI,TT/TTS/TTRS,8J,4WD,コンプリートキット,ネジ式車高調整モデル,DFV,,339468,,258491,OHLINS-qq-e-h-256k,出さない,OHLINS,180|70,200|80,,20/20,<a href=https://www.kts-web.com/ec_shop/products/detail/258224>35020-22</a>,ご購入時のスプリングレート変更不可<br>基準ダウン量は、メーカーでのテスト時に車高を計測したデータであり、あくまで目安となるものです(実際には車両個体差等により変化する場合がございます),380000,80,0,出さない
AUDI,TT/TTS/TTRS,8S,2WD,コンプリートキット,ネジ式車高調整モデル,DFV,,339468,,258496,OHLINS-qq-e-h-260k,出さない,OHLINS,200|70,200|80,,15/15,<a href=https://www.kts-web.com/ec_shop/products/detail/258226>35020-24</a>,ご購入時のスプリングレート変更不可<br>基準ダウン量は、メーカーでのテスト時に車高を計測したデータであり、あくまで目安となるものです(実際には車両個体差等により変化する場合がございます),380000,80,0,出さない
AUDI,TT/TTS/TTRS,8S,4WD,コンプリートキット,ネジ式車高調整モデル,DFV,,339468,,258495,OHLINS-qq-e-h-261k,出さない,OHLINS,200|70,200|80,,20/20,<a href=https://www.kts-web.com/ec_shop/products/detail/258226>35020-24</a>,ご購入時のスプリングレート変更不可<br>基準ダウン量は、メーカーでのテスト時に車高を計測したデータであり、あくまで目安となるものです(実際には車両個体差等により変化する場合がございます),380000,80,0,出さない
BMW,1M,E82,,コンプリートキット,ネジ式車高・全長調整モデル,DFV,,330604,,258462,OHLINS-qq-e-h-237k,OHLINS-qq-e-d-h-237k,OHLINS,200|60,250|120,±15|-,15/5,,ご購入時のスプリングレート変更不可<br>基準ダウン量は、メーカーでのテスト時に車高を計測したデータであり、あくまで目安となるものです(実際には車両個体差等により変化する場合がございます),370000,80,0,349500
BMW,3シリーズ,E90/E91/E92/E93,,コンプリートキット,ネジ式車高調整モデル,DFV,,213248,,258357,OHLINS-qq-e-h-88,OHLINS-qq-e-d-h-88,OHLINS,200|60,250|70,,20/20,,E90以外への装着にはSPレートの変更が必要<br>基準ダウン量は、メーカーでのテスト時に車高を計測したデータであり、あくまで目安となるものです(実際には車両個体差等により変化する場合がございます),288000,66,0,244500
BMW,3シリーズ,E90/E91/E92/E93,,スプリングレスキット,ネジ式車高調整モデル,DFV,,198623,,258306,OHLINS-qq-e-h-105k,OHLINS-qq-e-d-h-105k,OHLINS,200|60,250|70,,20/20,,E90以外への装着にはSPレートの変更が必要<br>バネの付属はございません<br>基準ダウン量は、メーカーでのテスト時に車高を計測したデータであり、あくまで目安となるものです(実際には車両個体差等により変化する場合がございます),268000,66,0,230300
BMW,3シリーズ,F30,,コンプリートキット,ネジ式車高・全長調整モデル,DFV,,321740,,258475,OHLINS-qq-e-h-232k,出さない,OHLINS,200|60,230|160,+15/-10|±15,20/15,<a href=https://www.kts-web.com/ec_shop/products/detail/258207>35020-03</a>,ご購入時のスプリングレート変更不可<br>基準ダウン量は、メーカーでのテスト時に車高を計測したデータであり、あくまで目安となるものです(実際には車両個体差等により変化する場合がございます),360000,80,0,出さない
BMW,M2,F87,,コンプリートキット,ネジ式車高調整モデル,DFV,,366059,,258472,OHLINS-qq-e-h-238k,OHLINS-qq-e-d-h-238k,OHLINS,200|90,200|190,±15|±15,10/10,,ご購入時のスプリングレート変更不可<br>基準ダウン量は、メーカーでのテスト時に車高を計測したデータであり、あくまで目安となるものです(実際には車両個体差等により変化する場合がございます),410000,80,0,383500
BMW,M3,E46,,コンプリートキット,ネジ式車高・全長調整モデル,DFV,,321740,,258461,OHLINS-qq-e-h-89,OHLINS-qq-e-d-h-89,OHLINS,200|70,130|110,+6/-15|+15/-10,20/20,,ご購入時のスプリングレート変更不可<br>基準ダウン量は、メーカーでのテスト時に車高を計測したデータであり、あくまで目安となるものです(実際には車両個体差等により変化する場合がございます),360000,80,0,341000
BMW,M3,E92/E90,,コンプリートキット,ネジ式車高・全長調整モデル,DFV,,330604,,258476,OHLINS-qq-e-h-90,出さない,OHLINS,200|60,250|120,±15|±15,15/10,<a href=https://www.kts-web.com/ec_shop/products/detail/258208>35020-04</a>,ご購入時のスプリングレート変更不可<br>基準ダウン量は、メーカーでのテスト時に車高を計測したデータであり、あくまで目安となるものです(実際には車両個体差等により変化する場合がございます),370000,80,0,出さない
BMW,M3/M4,F80/F82,,コンプリートキット,ネジ式車高・全長調整モデル,DFV,,366059,,258471,OHLINS-qq-e-h-235k,OHLINS-qq-e-d-h-235k,OHLINS,200|90,230|230,±25|-,10/5,<a href=https://www.kts-web.com/ec_shop/products/detail/258206>35020-02</a>,ご購入時のスプリングレート変更不可<br>基準ダウン量は、メーカーでのテスト時に車高を計測したデータであり、あくまで目安となるものです(実際には車両個体差等により変化する場合がございます),410000,80,0,383500
BMW,Z4,E89,,コンプリートキット,ネジ式車高調整モデル,DFV,,383787,,258474,OHLINS-qq-e-h-236k,OHLINS-qq-e-d-h-236k,OHLINS,200|60,200|70,±5|+15/-9,10/0,<a href=https://www.kts-web.com/ec_shop/products/detail/258209>35020-05</a>,ご購入時のスプリングレート変更不可<br>基準ダウン量は、メーカーでのテスト時に車高を計測したデータであり、あくまで目安となるものです(実際には車両個体差等により変化する場合がございます),430000,80,0,405500
BMW,ミニ,R50/R53,,コンプリートキット,ネジ式車高調整モデル,DFV,,218367,,258358,OHLINS-qq-e-h-91,OHLINS-qq-e-d-h-91,OHLINS,180|60,200|50,,20/25,,基準ダウン量は、メーカーでのテスト時に車高を計測したデータであり、あくまで目安となるものです(実際には車両個体差等により変化する場合がございます),295000,66,0,244500
BMW,ミニ,R50/R53,,スプリングレスキット,ネジ式車高調整モデル,DFV,,203742,,258307,OHLINS-qq-e-h-106k,OHLINS-qq-e-d-h-106k,OHLINS,180|60,200|50,,20/25,,バネの付属はございません<br>基準ダウン量は、メーカーでのテスト時に車高を計測したデータであり、あくまで目安となるものです(実際には車両個体差等により変化する場合がございます),275000,66,0,230300
BMW,ミニ,R56,,コンプリートキット,ネジ式車高調整モデル,DFV,,225680,,258405,OHLINS-qq-e-h-93,OHLINS-qq-e-d-h-93,OHLINS,180|60,200|40,,25/30,,基準ダウン量は、メーカーでのテスト時に車高を計測したデータであり、あくまで目安となるものです(実際には車両個体差等により変化する場合がございます),305000,66,0,256600
BMW,ミニ,R56,,スプリングレスキット,ネジ式車高調整モデル,DFV,,211054,,258349,OHLINS-qq-e-h-108k,OHLINS-qq-e-d-h-108k,OHLINS,180|60,200|40,,25/30,,バネの付属はございません<br>基準ダウン量は、メーカーでのテスト時に車高を計測したデータであり、あくまで目安となるものです(実際には車両個体差等により変化する場合がございます),285000,66,0,242400
BMW,ミニ,R57,,コンプリートキット,ネジ式車高調整モデル,DFV,,225680,,258381,OHLINS-qq-e-h-94,OHLINS-qq-e-d-h-94,OHLINS,180|70,200|50,,30/30,,基準ダウン量は、メーカーでのテスト時に車高を計測したデータであり、あくまで目安となるものです(実際には車両個体差等により変化する場合がございます),305000,66,0,251600
BMW,ミニ,R57,,スプリングレスキット,ネジ式車高調整モデル,DFV,,211054,,258328,OHLINS-qq-e-h-109k,OHLINS-qq-e-d-h-109k,OHLINS,180|70,200|50,,30/30,,バネの付属はございません<br>基準ダウン量は、メーカーでのテスト時に車高を計測したデータであり、あくまで目安となるものです(実際には車両個体差等により変化する場合がございます),285000,66,0,237400
BMW,ミニ,R58,,コンプリートキット,ネジ式車高調整モデル,DFV,,225680,,258504,OHLINS-qq-e-h-95,出さない,OHLINS,180|70,200|50,,30/30,,基準ダウン量は、メーカーでのテスト時に車高を計測したデータであり、あくまで目安となるものです(実際には車両個体差等により変化する場合がございます),305000,66,0,出さない
BMW,ミニ,R58,,スプリングレスキット,ネジ式車高調整モデル,DFV,,211054,,258500,OHLINS-qq-e-h-110k,出さない,OHLINS,180|70,200|50,,30/30,,バネの付属はございません<br>基準ダウン量は、メーカーでのテスト時に車高を計測したデータであり、あくまで目安となるものです(実際には車両個体差等により変化する場合がございます),285000,66,0,出さない
BMW,ミニ,R59,,コンプリートキット,ネジ式車高調整モデル,DFV,,225680,,258505,OHLINS-qq-e-h-96,出さない,OHLINS,180|70,200|50,,30/30,,基準ダウン量は、メーカーでのテスト時に車高を計測したデータであり、あくまで目安となるものです(実際には車両個体差等により変化する場合がございます),305000,66,0,出さない
BMW,ミニ,R59,,スプリングレスキット,ネジ式車高調整モデル,DFV,,211054,,258501,OHLINS-qq-e-h-111k,出さない,OHLINS,180|70,200|50,,30/30,,バネの付属はございません<br>基準ダウン量は、メーカーでのテスト時に車高を計測したデータであり、あくまで目安となるものです(実際には車両個体差等により変化する場合がございます),285000,66,0,出さない
BMW,ミニクラブマン,R55,,コンプリートキット,ネジ式車高調整モデル,DFV,,225680,,258380,OHLINS-qq-e-h-92,OHLINS-qq-e-d-h-92,OHLINS,180|60,200|50,,25/30,,基準ダウン量は、メーカーでのテスト時に車高を計測したデータであり、あくまで目安となるものです(実際には車両個体差等により変化する場合がございます),305000,66,0,251600
BMW,ミニクラブマン,R55,,スプリングレスキット,ネジ式車高調整モデル,DFV,,211054,,258327,OHLINS-qq-e-h-107k,OHLINS-qq-e-d-h-107k,OHLINS,180|60,200|50,,25/30,,バネの付属はございません<br>基準ダウン量は、メーカーでのテスト時に車高を計測したデータであり、あくまで目安となるものです(実際には車両個体差等により変化する場合がございます),285000,66,0,237400
BMW,ミニクロスオーバー,R60,,コンプリートキット,ネジ式車高調整モデル,DFV,FF車に装着の場合ダウン量が異なります,242499,,258506,OHLINS-qq-e-h-97,出さない,OHLINS,180|80,200|70,,35/35,,基準ダウン量は、メーカーでのテスト時に車高を計測したデータであり、あくまで目安となるものです(実際には車両個体差等により変化する場合がございます),328000,66,0,出さない
BMW,ミニクロスオーバー,R60,,スプリングレスキット,ネジ式車高調整モデル,DFV,FF車に装着の場合ダウン量が異なります,227873,,258502,OHLINS-qq-e-h-112k,出さない,OHLINS,180|80,200|70,,35/35,,バネの付属はございません<br>基準ダウン量は、メーカーでのテスト時に車高を計測したデータであり、あくまで目安となるものです(実際には車両個体差等により変化する場合がございます),308000,66,0,出さない
FORD,フォーカスRS,3rdジェネレーション,,コンプリートキット,ネジ式車高調整モデル,DFV,リアはネジ式車高・全長調整モデル,339468,,258485,OHLINS-qq-e-h-247k,出さない,OHLINS,200|80,200|70,,25/25,<a href=https://www.kts-web.com/ec_shop/products/detail/258220>35020-18</a>,基準ダウン量は、メーカーでのテスト時に車高を計測したデータであり、あくまで目安となるものです(実際には車両個体差等により変化する場合がございます),380000,66,0,出さない
FORD,マスタング,6thジェネレーション,,コンプリートキット,ネジ式車高調整モデル,DFV,リアはネジ式車高・全長調整モデル,339468,,258456,OHLINS-qq-e-h-246k,OHLINS-qq-e-d-h-246k,OHLINS,180|90,180|140,,15/15,,基準ダウン量は、メーカーでのテスト時に車高を計測したデータであり、あくまで目安となるものです(実際には車両個体差等により変化する場合がございます),380000,66,0,358000
PORSCHE,911 GT3 RS,991/991.2,,コンプリートキット,ネジ式車高・全長調整モデル,DFV,,359500,,258483,OHLINS-qq-e-h-262k,出さない,OHLINS,150|100,180|140,+15/-12|±15,5/5,<a href=https://www.kts-web.com/ec_shop/products/detail/258215>35020-13</a>,ご購入時のスプリングレート変更不可<br>基準ダウン量は、メーカーでのテスト時に車高を計測したデータであり、あくまで目安となるものです(実際には車両個体差等により変化する場合がございます),488000,80,0,出さない
PORSCHE,911 GT3 RS,991/991.2,,スプリングレスキット,ネジ式車高・全長調整モデル,DFV,,337562,,258482,OHLINS-qq-e-h-113k,出さない,OHLINS,150|100,180|140,+15/-12|±15,5/5,<a href=https://www.kts-web.com/ec_shop/products/detail/258215>35020-13</a>,ご購入時のスプリングレート変更不可<br>バネの付属はございません<br>基準ダウン量は、メーカーでのテスト時に車高を計測したデータであり、あくまで目安となるものです(実際には車両個体差等により変化する場合がございます),458000,80,0,出さない
PORSCHE,GT3/GT2,996,,コンプリートキット,ネジ式車高・全長調整モデル,DFV,,357196,,258499,OHLINS-qq-e-h-102,出さない,OHLINS,200|70,200|140,±15|+12/-11,20/20,,ご購入時のスプリングレート変更不可<br>基準ダウン量は、メーカーでのテスト時に車高を計測したデータであり、あくまで目安となるものです(実際には車両個体差等により変化する場合がございます),400000,80,0,出さない
PORSCHE,GT3/GT2,997,,コンプリートキット,ネジ式車高・全長調整モデル,DFV,,410378,,258481,OHLINS-qq-e-h-105,出さない,OHLINS,200|90,200|140,±10|+15/-8,5/5,<a href=https://www.kts-web.com/ec_shop/products/detail/258214>35020-10</a>,ご購入時のスプリングレート変更不可<br>基準ダウン量は、メーカーでのテスト時に車高を計測したデータであり、あくまで目安となるものです(実際には車両個体差等により変化する場合がございます),460000,80,0,出さない
PORSCHE,カレラ,991/991.2,,コンプリートキット,ネジ式車高・全長調整モデル,DFV,,357196,,258477,OHLINS-qq-e-h-269k,出さない,OHLINS,200|70,200|120,±15|-,8/10,<a href=https://www.kts-web.com/ec_shop/products/detail/258211>35020-07</a>,ご購入時のスプリングレート変更不可<br>基準ダウン量は、メーカーでのテスト時に車高を計測したデータであり、あくまで目安となるものです(実際には車両個体差等により変化する場合がございます),400000,80,0,出さない
PORSCHE,カレラ,996,,コンプリートキット,ネジ式車高・全長調整モデル,DFV,,339468,,258497,OHLINS-qq-e-h-100,出さない,OHLINS,200|60,200|120,±10|±10,,,ご購入時のスプリングレート変更不可<br>基準ダウン量は、メーカーでのテスト時に車高を計測したデータであり、あくまで目安となるものです(実際には車両個体差等により変化する場合がございます),380000,80,0,出さない
PORSCHE,カレラ,997,,コンプリートキット,ネジ式車高・全長調整モデル,DFV,,339468,,258479,OHLINS-qq-e-h-103,出さない,OHLINS,200|60,200|120,±15|+15/-8,20/20,<a href=https://www.kts-web.com/ec_shop/products/detail/258214>35020-10</a>,ご購入時のスプリングレート変更不可<br>基準ダウン量は、メーカーでのテスト時に車高を計測したデータであり、あくまで目安となるものです(実際には車両個体差等により変化する場合がございます),380000,80,0,出さない
PORSCHE,カレラ4/ターボ,996,,コンプリートキット,ネジ式車高・全長調整モデル,DFV,,401514,,258498,OHLINS-qq-e-h-101,出さない,OHLINS,200|70,200|120,±10|±10,20/25,,ご購入時のスプリングレート変更不可<br>基準ダウン量は、メーカーでのテスト時に車高を計測したデータであり、あくまで目安となるものです(実際には車両個体差等により変化する場合がございます),450000,80,0,出さない
PORSCHE,カレラ4/ターボ,997,,コンプリートキット,ネジ式車高・全長調整モデル,DFV,,410378,,258480,OHLINS-qq-e-h-104,出さない,OHLINS,200|70,200|120,±12|+15/-8,5/5,<a href=https://www.kts-web.com/ec_shop/products/detail/258214>35020-10</a>,ご購入時のスプリングレート変更不可<br>基準ダウン量は、メーカーでのテスト時に車高を計測したデータであり、あくまで目安となるものです(実際には車両個体差等により変化する場合がございます),460000,80,0,出さない
PORSCHE,ケイマン GT4,981,,コンプリートキット,ネジ式車高調整モデル,DFV,,419242,,258484,OHLINS-qq-e-h-270k,出さない,OHLINS,180|80,180|90,±15|-,20/20,<a href=https://www.kts-web.com/ec_shop/products/detail/258215>35020-13</a>,ご購入時のスプリングレート変更不可<br>基準ダウン量は、メーカーでのテスト時に車高を計測したデータであり、あくまで目安となるものです(実際には車両個体差等により変化する場合がございます),470000,80,0,出さない
PORSCHE,ケイマン/ボクスター,981/718,,コンプリートキット,ネジ式車高・全長調整モデル,DFV,,357196,,258478,OHLINS-qq-e-h-271k,出さない,OHLINS,200|70,200|80,±15|-,20/20,<a href=https://www.kts-web.com/ec_shop/products/detail/258211>35020-07</a>,ご購入時のスプリングレート変更不可<br>基準ダウン量は、メーカーでのテスト時に車高を計測したデータであり、あくまで目安となるものです(実際には車両個体差等により変化する場合がございます),400000,80,0,出さない
PORSCHE,ケイマン/ボクスター,986/987,,コンプリートキット,ネジ式車高・全長調整モデル,DFV,,357196,,258473,OHLINS-qq-e-h-272k,OHLINS-qq-e-d-h-272k,OHLINS,200|70,200|80,,20/20,<a href=https://www.kts-web.com/ec_shop/products/detail/258212>35020-08</a>,ご購入時のスプリングレート変更不可<br>基準ダウン量は、メーカーでのテスト時に車高を計測したデータであり、あくまで目安となるものです(実際には車両個体差等により変化する場合がございます),400000,80,0,400000
VOLKSWAGEN,ゴルフV/VI,1K,2WD,コンプリートキット,ネジ式車高調整モデル,DFV,,339468,,258463,OHLINS-qq-e-h-107,OHLINS-qq-e-d-h-107,OHLINS,180|70,200|70,,20/20,<a href=https://www.kts-web.com/ec_shop/products/detail/258216>35020-14</a>,ご購入時のスプリングレート変更不可<br>基準ダウン量は、メーカーでのテスト時に車高を計測したデータであり、あくまで目安となるものです(実際には車両個体差等により変化する場合がございます),380000,80,0,358000
VOLKSWAGEN,ゴルフV/VI,1K,4WD,コンプリートキット,ネジ式車高調整モデル,DFV,,339468,,258465,OHLINS-qq-e-h-274k,OHLINS-qq-e-d-h-274k,OHLINS,180|70,200|80,,20/20,<a href=https://www.kts-web.com/ec_shop/products/detail/258216>35020-14</a>,ご購入時のスプリングレート変更不可<br>基準ダウン量は、メーカーでのテスト時に車高を計測したデータであり、あくまで目安となるものです(実際には車両個体差等により変化する場合がございます),380000,80,0,358000
VOLKSWAGEN,ゴルフVII,5G,2WD,コンプリートキット,ネジ式車高調整モデル,DFV,,339468,,258466,OHLINS-qq-e-h-275k,OHLINS-qq-e-d-h-275k,OHLINS,200|70,200|70,,20/20,<a href=https://www.kts-web.com/ec_shop/products/detail/258217>35020-15</a>,ご購入時のスプリングレート変更不可<br>基準ダウン量は、メーカーでのテスト時に車高を計測したデータであり、あくまで目安となるものです(実際には車両個体差等により変化する場合がございます),380000,80,0,358000
VOLKSWAGEN,ゴルフVII,5G,4WD,コンプリートキット,ネジ式車高調整モデル,DFV,,339468,,258467,OHLINS-qq-e-h-276k,OHLINS-qq-e-d-h-276k,OHLINS,200|70,200|80,,20/20,<a href=https://www.kts-web.com/ec_shop/products/detail/258217>35020-15</a>,ご購入時のスプリングレート変更不可<br>基準ダウン量は、メーカーでのテスト時に車高を計測したデータであり、あくまで目安となるものです(実際には車両個体差等により変化する場合がございます),380000,80,0,358000
VOLKSWAGEN,シロッコ,13C,,コンプリートキット,ネジ式車高調整モデル,DFV,,339468,,258464,OHLINS-qq-e-h-108,OHLINS-qq-e-d-h-108,OHLINS,180|70,200|60,,20/20,<a href=https://www.kts-web.com/ec_shop/products/detail/258216>35020-14</a>,ご購入時のスプリングレート変更不可<br>基準ダウン量は、メーカーでのテスト時に車高を計測したデータであり、あくまで目安となるものです(実際には車両個体差等により変化する場合がございます),380000,80,0,358000
スズキ,アルトワークス,HA36S,,コンプリートキット,ネジ式車高・全長調整モデル,DFV,FF用/シム式アダプタ(リア),220560,,258290,OHLINS-qq-e-h-209k,OHLINS-qq-e-d-h-209k,OHLINS,180|40,150|30,+10/-15|+13/-10,35/30,,基準ダウン量は、メーカーでのテスト時に車高を計測したデータであり、あくまで目安となるものです(実際には車両個体差等により変化する場合がございます),298000,66,0,226600
スズキ,アルトワークス,HA36S,,スプリングレスキット,ネジ式車高・全長調整モデル,DFV,FF用/シム式アダプタ(リア),205936,,258270,OHLINS-qq-e-h-86k,OHLINS-qq-e-d-h-86k,OHLINS,180|40,150|30,+10/-15|+13/-10,35/30,,バネの付属はございません<br>基準ダウン量は、メーカーでのテスト時に車高を計測したデータであり、あくまで目安となるものです(実際には車両個体差等により変化する場合がございます),278000,66,0,212400
スズキ,スイフトスポーツ,ZC31S,,コンプリートキット,ネジ式車高調整モデル,DFV,リア車高調整不可,140122,,258237,OHLINS-qq-e-h-75,OHLINS-qq-e-d-h-75,OHLINS,200|50,255|50,,30/30,,基準ダウン量は、メーカーでのテスト時に車高を計測したデータであり、あくまで目安となるものです(実際には車両個体差等により変化する場合がございます),188000,66,0,148500
スズキ,スイフトスポーツ,ZC33S,,コンプリートキット,ネジ式車高・全長調整モデル,DFV,シム式アダプタ(リア),220560,,258302,OHLINS-qq-e-h-77,OHLINS-qq-e-d-h-77,OHLINS,180|60,150|40,±15|+13/-10,30/30,,基準ダウン量は、メーカーでのテスト時に車高を計測したデータであり、あくまで目安となるものです(実際には車両個体差等により変化する場合がございます),298000,66,0,226600
スズキ,スイフトスポーツ,ZC33S,,スプリングレスキット,ネジ式車高・全長調整モデル,DFV,シム式アダプタ(リア),205936,,258271,OHLINS-qq-e-h-87k,OHLINS-qq-e-d-h-87k,OHLINS,180|60,150|40,±15|+13/-10,30/30,,バネの付属はございません<br>基準ダウン量は、メーカーでのテスト時に車高を計測したデータであり、あくまで目安となるものです(実際には車両個体差等により変化する場合がございます),278000,66,0,212400
スバル,BRZ,ZC6,,コンプリートキット,ネジ式車高・全長調整モデル,DFV,リアピロボール仕様<br>ダウン量はフォグランプ無し車両の場合,261512,,258438,OHLINS-qq-e-h-56,OHLINS-qq-e-d-h-56,OHLINS,180|90,180|70,±15|±15,30/30,,基準ダウン量は、メーカーでのテスト時に車高を計測したデータであり、あくまで目安となるものです(実際には車両個体差等により変化する場合がございます),354000,66,0,266400
スバル,BRZ,ZC6,,コンプリートキット,ネジ式車高・全長調整モデル,DFV,リアラバーブッシュ仕様<br>ダウン量はフォグランプ無し車両の場合,257123,,258422,OHLINS-qq-e-h-55,OHLINS-qq-e-d-h-55,OHLINS,180|90,180|70,±15|±15,30/30,,基準ダウン量は、メーカーでのテスト時に車高を計測したデータであり、あくまで目安となるものです(実際には車両個体差等により変化する場合がございます),348000,66,0,262100
スバル,BRZ,ZC6,,スプリングレスキット,ネジ式車高・全長調整モデル,DFV,リアピロボール仕様<br>ダウン量はフォグランプ無し車両の場合,246886,,258382,OHLINS-qq-e-h-62k,OHLINS-qq-e-d-h-62k,OHLINS,180|90,180|70,±15|±15,30/30,,バネの付属はございません<br>基準ダウン量は、メーカーでのテスト時に車高を計測したデータであり、あくまで目安となるものです(実際には車両個体差等により変化する場合がございます),334000,66,0,252200
スバル,BRZ,ZC6,,スプリングレスキット,ネジ式車高・全長調整モデル,DFV,リアラバーブッシュ仕様<br>ダウン量はフォグランプ無し車両の場合,242499,,258374,OHLINS-qq-e-h-61k,OHLINS-qq-e-d-h-61k,OHLINS,180|90,180|70,±15|±15,30/30,,バネの付属はございません<br>基準ダウン量は、メーカーでのテスト時に車高を計測したデータであり、あくまで目安となるものです(実際には車両個体差等により変化する場合がございます),328000,66,0,247900
スバル,WRX STI,VAB,,コンプリートキット,ネジ式車高・全長調整モデル,DFV,リアピロボール仕様,257123,,258426,OHLINS-qq-e-h-64,OHLINS-qq-e-d-h-64,OHLINS,200|100,200|80,±15|+15/-6,20/15,,基準ダウン量は、メーカーでのテスト時に車高を計測したデータであり、あくまで目安となるものです(実際には車両個体差等により変化する場合がございます),348000,66,0,265100
スバル,WRX STI,VAB,,コンプリートキット,ネジ式車高・全長調整モデル,DFV,リアラバーブッシュ仕様<br>フロントはピロボールマウント,257123,,258424,OHLINS-qq-e-h-63,OHLINS-qq-e-d-h-63,OHLINS,200|100,200|80,±15|+15/-6,20/15,,基準ダウン量は、メーカーでのテスト時に車高を計測したデータであり、あくまで目安となるものです(実際には車両個体差等により変化する場合がございます),348000,66,0,265100
スバル,WRX STI,VAB,,スプリングレスキット,ネジ式車高・全長調整モデル,DFV,リアピロボール仕様,238842,,258362,OHLINS-qq-e-h-72k,OHLINS-qq-e-d-h-72k,OHLINS,200|100,200|80,±15|+15/-6,20/15,,バネの付属はございません<br>基準ダウン量は、メーカーでのテスト時に車高を計測したデータであり、あくまで目安となるものです(実際には車両個体差等により変化する場合がございます),323000,66,0,247400
スバル,WRX STI,VAB,,スプリングレスキット,ネジ式車高・全長調整モデル,DFV,リアラバーブッシュ仕様<br>フロントはピロボールマウント,238842,,258361,OHLINS-qq-e-h-71k,OHLINS-qq-e-d-h-71k,OHLINS,200|100,200|80,±15|+15/-6,20/15,,バネの付属はございません<br>基準ダウン量は、メーカーでのテスト時に車高を計測したデータであり、あくまで目安となるものです(実際には車両個体差等により変化する場合がございます),323000,66,0,247400
スバル,XVハイブリッド,GPE,,コンプリートキット,ネジ式車高・全長調整モデル,DFV,純正マウント対応,220560,,258303,OHLINS-qq-e-h-183k,OHLINS-qq-e-d-h-183k,OHLINS,250|70,230|50,±15|±15,20/20,,基準ダウン量は、メーカーでのテスト時に車高を計測したデータであり、あくまで目安となるものです(実際には車両個体差等により変化する場合がございます),298000,66,0,229600
スバル,XVハイブリッド,GPE,,スプリングレスキット,ネジ式車高・全長調整モデル,DFV,純正マウント対応,205936,,258274,OHLINS-qq-e-h-60k,OHLINS-qq-e-d-h-60k,OHLINS,250|70,230|50,±15|±15,20/20,,バネの付属はございません<br>基準ダウン量は、メーカーでのテスト時に車高を計測したデータであり、あくまで目安となるものです(実際には車両個体差等により変化する場合がございます),278000,66,0,215400
スバル,インプレッサ,GC8,,コンプリートキット,ネジ式車高・全長調整モデル,DFV,純正マウント対応,271749,,258449,OHLINS-qq-e-h-186k,OHLINS-qq-e-d-h-186k,OHLINS,200|70,230|40,±15|±15,30/30,,基準ダウン量は、メーカーでのテスト時に車高を計測したデータであり、あくまで目安となるものです(実際には車両個体差等により変化する場合がございます),368000,66,0,279300
スバル,インプレッサ,GC8,,スプリングレスキット,ネジ式車高・全長調整モデル,DFV,純正マウント対応,257123,,258425,OHLINS-qq-e-h-63k,OHLINS-qq-e-d-h-63k,OHLINS,200|70,230|40,±15|±15,30/30,,バネの付属はございません<br>基準ダウン量は、メーカーでのテスト時に車高を計測したデータであり、あくまで目安となるものです(実際には車両個体差等により変化する場合がございます),348000,66,0,265100
スバル,インプレッサ,GDB,A-D,コンプリートキット,ネジ式車高・全長調整モデル,DFV,ピロボールマウント仕様<br>リアキャンバー調整式,308311,,258457,OHLINS-qq-e-h-188k,OHLINS-qq-e-d-h-188k,OHLINS,200|80,230|50,±15|±15,40/40,,基準ダウン量は、メーカーでのテスト時に車高を計測したデータであり、あくまで目安となるものです(実際には車両個体差等により変化する場合がございます),418000,66,0,314800
スバル,インプレッサ,GDB,A-D,コンプリートキット,ネジ式車高調整モデル,DFV,,227873,,258321,OHLINS-qq-e-h-57,OHLINS-qq-e-d-h-57,OHLINS,200|70,200|50,,40/30,,基準ダウン量は、メーカーでのテスト時に車高を計測したデータであり、あくまで目安となるものです(実際には車両個体差等により変化する場合がございます),308000,66,0,236700
スバル,インプレッサ,GDB,A-D,スプリングレスキット,ネジ式車高・全長調整モデル,DFV,ピロボールマウント仕様<br>リアキャンバー調整式,293687,,258454,OHLINS-qq-e-h-65k,OHLINS-qq-e-d-h-65k,OHLINS,200|80,230|50,±15|±15,40/40,,バネの付属はございません<br>基準ダウン量は、メーカーでのテスト時に車高を計測したデータであり、あくまで目安となるものです(実際には車両個体差等により変化する場合がございます),398000,66,0,300600
スバル,インプレッサ,GDB,A-D,スプリングレスキット,ネジ式車高調整モデル,DFV,,202279,,258265,OHLINS-qq-e-h-64k,OHLINS-qq-e-d-h-64k,OHLINS,200|70,200|50,,40/30,,バネの付属はございません<br>基準ダウン量は、メーカーでのテスト時に車高を計測したデータであり、あくまで目安となるものです(実際には車両個体差等により変化する場合がございます),273000,66,0,211900
スバル,インプレッサ,GDB,E-G,コンプリートキット,ネジ式車高・全長調整モデル,DFV,ピロボールマウント仕様<br>リアキャンバー調整式,308311,,258458,OHLINS-qq-e-h-189k,OHLINS-qq-e-d-h-189k,OHLINS,200|80,230|50,±15|±15,35/30,,基準ダウン量は、メーカーでのテスト時に車高を計測したデータであり、あくまで目安となるものです(実際には車両個体差等により変化する場合がございます),418000,66,0,314800
スバル,インプレッサ,GDB,E-G,スプリングレスキット,ネジ式車高・全長調整モデル,DFV,ピロボールマウント仕様<br>リアキャンバー調整式,293687,,258455,OHLINS-qq-e-h-66k,OHLINS-qq-e-d-h-66k,OHLINS,200|80,230|50,±15|±15,35/30,,バネの付属はございません<br>基準ダウン量は、メーカーでのテスト時に車高を計測したデータであり、あくまで目安となるものです(実際には車両個体差等により変化する場合がございます),398000,66,0,300600
スバル,インプレッサ,GRB,,コンプリートキット,ネジ式車高・全長調整モデル,DFV,ピロボールマウント仕様,249811,,258407,OHLINS-qq-e-h-60,OHLINS-qq-e-d-h-60,OHLINS,200|90,200|70,+15/-10|±15,20/20,,基準ダウン量は、メーカーでのテスト時に車高を計測したデータであり、あくまで目安となるものです(実際には車両個体差等により変化する場合がございます),338000,66,0,258000
スバル,インプレッサ,GRB,,コンプリートキット,ネジ式車高・全長調整モデル,DFV,ラバーブッシュマウント仕様<br>フロントはピロボールマウント,249811,,258406,OHLINS-qq-e-h-59,OHLINS-qq-e-d-h-59,OHLINS,200|90,200|70,+15/-10|±15,20/20,,基準ダウン量は、メーカーでのテスト時に車高を計測したデータであり、あくまで目安となるものです(実際には車両個体差等により変化する場合がございます),338000,66,0,258000
スバル,インプレッサ,GRB,,スプリングレスキット,ネジ式車高・全長調整モデル,DFV,ピロボールマウント仕様,231529,,258336,OHLINS-qq-e-h-68k,OHLINS-qq-e-d-h-68k,OHLINS,200|90,200|70,+15/-10|±15,20/20,,バネの付属はございません<br>基準ダウン量は、メーカーでのテスト時に車高を計測したデータであり、あくまで目安となるものです(実際には車両個体差等により変化する場合がございます),313000,66,0,240300
スバル,インプレッサ,GRB,,スプリングレスキット,ネジ式車高・全長調整モデル,DFV,ラバーブッシュマウント仕様<br>フロントはピロボールマウント,231529,,258335,OHLINS-qq-e-h-67k,OHLINS-qq-e-d-h-67k,OHLINS,200|90,200|70,+15/-10|±15,20/20,,バネの付属はございません<br>基準ダウン量は、メーカーでのテスト時に車高を計測したデータであり、あくまで目安となるものです(実際には車両個体差等により変化する場合がございます),313000,66,0,240300
スバル,インプレッサ,GVB,,コンプリートキット,ネジ式車高・全長調整モデル,DFV,ピロボールマウント仕様,249811,,258409,OHLINS-qq-e-h-62,OHLINS-qq-e-d-h-62,OHLINS,200|90,200|70,+15/-10|±15,20/20,,基準ダウン量は、メーカーでのテスト時に車高を計測したデータであり、あくまで目安となるものです(実際には車両個体差等により変化する場合がございます),338000,66,0,258000
スバル,インプレッサ,GVB,,コンプリートキット,ネジ式車高・全長調整モデル,DFV,ラバーブッシュマウント仕様<br>フロントはピロボールマウント,249811,,258408,OHLINS-qq-e-h-61,OHLINS-qq-e-d-h-61,OHLINS,200|90,200|70,+15/-10|±15,20/20,,基準ダウン量は、メーカーでのテスト時に車高を計測したデータであり、あくまで目安となるものです(実際には車両個体差等により変化する場合がございます),338000,66,0,258000
スバル,インプレッサ,GVB,,スプリングレスキット,ネジ式車高・全長調整モデル,DFV,ピロボールマウント仕様,231529,,258338,OHLINS-qq-e-h-70k,OHLINS-qq-e-d-h-70k,OHLINS,200|90,200|70,+15/-10|±15,20/20,,バネの付属はございません<br>基準ダウン量は、メーカーでのテスト時に車高を計測したデータであり、あくまで目安となるものです(実際には車両個体差等により変化する場合がございます),313000,66,0,240300
スバル,インプレッサ,GVB,,スプリングレスキット,ネジ式車高・全長調整モデル,DFV,ラバーブッシュマウント仕様<br>フロントはピロボールマウント,231529,,258337,OHLINS-qq-e-h-69k,OHLINS-qq-e-d-h-69k,OHLINS,200|90,200|70,+15/-10|±15,20/20,,バネの付属はございません<br>基準ダウン量は、メーカーでのテスト時に車高を計測したデータであり、あくまで目安となるものです(実際には車両個体差等により変化する場合がございます),313000,66,0,240300
スバル,フォレスター,SJG,,コンプリートキット,ネジ式車高・全長調整モデル,DFV,ピロボール仕様,264436,,258442,OHLINS-qq-e-h-207k,OHLINS-qq-e-d-h-207k,OHLINS,250|70,250|50,+30/-0|+30/-0,30/30,,基準ダウン量は、メーカーでのテスト時に車高を計測したデータであり、あくまで目安となるものです(実際には車両個体差等により変化する場合がございます),358000,66,0,272200
スバル,フォレスター,SJG,,コンプリートキット,ネジ式車高・全長調整モデル,DFV,純正マウント対応,235186,,258350,OHLINS-qq-e-h-208k,OHLINS-qq-e-d-h-208k,OHLINS,250|70,250|50,+30/-0|+30/-0,30/30,,基準ダウン量は、メーカーでのテスト時に車高を計測したデータであり、あくまで目安となるものです(実際には車両個体差等により変化する場合がございます),318000,66,0,243800
スバル,フォレスター,SJG,,スプリングレスキット,ネジ式車高・全長調整モデル,DFV,ピロボール仕様,242499,,258379,OHLINS-qq-e-h-84k,OHLINS-qq-e-d-h-84k,OHLINS,250|70,250|50,+30/-0|+30/-0,30/30,,バネの付属はございません<br>基準ダウン量は、メーカーでのテスト時に車高を計測したデータであり、あくまで目安となるものです(実際には車両個体差等により変化する場合がございます),328000,66,0,250900
スバル,フォレスター,SJG,,スプリングレスキット,ネジ式車高・全長調整モデル,DFV,純正マウント対応,220560,,258304,OHLINS-qq-e-h-85k,OHLINS-qq-e-d-h-85k,OHLINS,250|70,250|50,+30/-0|+30/-0,30/30,,バネの付属はございません<br>基準ダウン量は、メーカーでのテスト時に車高を計測したデータであり、あくまで目安となるものです(実際には車両個体差等により変化する場合がございます),298000,66,0,229600
スバル,レヴォーグ,VMG,,コンプリートキット,ネジ式車高・全長調整モデル,DFV,ピロボールマウント仕様,257123,,258432,OHLINS-qq-e-h-74,OHLINS-qq-e-d-h-74,OHLINS,200|100,200|70,±15|±15,20/20,,基準ダウン量は、メーカーでのテスト時に車高を計測したデータであり、あくまで目安となるものです(実際には車両個体差等により変化する場合がございます),348000,66,0,265100
スバル,レヴォーグ,VMG,,コンプリートキット,ネジ式車高・全長調整モデル,DFV,ラバーブッシュマウント仕様<br>フロントはピロボールマウント,257123,,258431,OHLINS-qq-e-h-73,OHLINS-qq-e-d-h-73,OHLINS,200|100,200|70,±15|±15,20/20,,基準ダウン量は、メーカーでのテスト時に車高を計測したデータであり、あくまで目安となるものです(実際には車両個体差等により変化する場合がございます),348000,66,0,265100
スバル,レヴォーグ,VMG,,コンプリートキット,ネジ式車高・全長調整モデル,DFV,純正マウント対応,227873,,258320,OHLINS-qq-e-h-206k,OHLINS-qq-e-d-h-206k,OHLINS,200|100,200|70,±15|±15,20/20,,基準ダウン量は、メーカーでのテスト時に車高を計測したデータであり、あくまで目安となるものです(実際には車両個体差等により変化する場合がございます),308000,66,0,236700
スバル,レヴォーグ,VMG,,スプリングレスキット,ネジ式車高・全長調整モデル,DFV,ピロボールマウント仕様,238842,,258364,OHLINS-qq-e-h-82k,OHLINS-qq-e-d-h-82k,OHLINS,200|100,200|70,±15|±15,20/20,,バネの付属はございません<br>基準ダウン量は、メーカーでのテスト時に車高を計測したデータであり、あくまで目安となるものです(実際には車両個体差等により変化する場合がございます),323000,66,0,247400
スバル,レヴォーグ,VMG,,スプリングレスキット,ネジ式車高・全長調整モデル,DFV,ラバーブッシュマウント仕様<br>フロントはピロボールマウント,238842,,258363,OHLINS-qq-e-h-81k,OHLINS-qq-e-d-h-81k,OHLINS,200|100,200|70,±15|±15,20/20,,バネの付属はございません<br>基準ダウン量は、メーカーでのテスト時に車高を計測したデータであり、あくまで目安となるものです(実際には車両個体差等により変化する場合がございます),323000,66,0,247400
スバル,レヴォーグ,VMG,,スプリングレスキット,ネジ式車高・全長調整モデル,DFV,純正マウント対応,213248,,258287,OHLINS-qq-e-h-83k,OHLINS-qq-e-d-h-83k,OHLINS,200|100,200|70,±15|±15,20/20,,バネの付属はございません<br>基準ダウン量は、メーカーでのテスト時に車高を計測したデータであり、あくまで目安となるものです(実際には車両個体差等により変化する場合がございます),288000,66,0,222500
スバル,レガシィ,BE5,,コンプリートキット,ネジ式車高・全長調整モデル,DFV,,257123,,258428,OHLINS-qq-e-h-66,OHLINS-qq-e-d-h-66,OHLINS,200|70,200|70,±15|±15,25/20,,基準ダウン量は、メーカーでのテスト時に車高を計測したデータであり、あくまで目安となるものです(実際には車両個体差等により変化する場合がございます),348000,66,0,265100
スバル,レガシィ,BE5,,スプリングレスキット,ネジ式車高・全長調整モデル,DFV,,235186,,258352,OHLINS-qq-e-h-74k,OHLINS-qq-e-d-h-74k,OHLINS,200|70,200|70,±15|±15,25/20,,バネの付属はございません<br>基準ダウン量は、メーカーでのテスト時に車高を計測したデータであり、あくまで目安となるものです(実際には車両個体差等により変化する場合がございます),318000,66,0,243800
スバル,レガシィ,BH5,,コンプリートキット,ネジ式車高・全長調整モデル,DFV,,257123,,258427,OHLINS-qq-e-h-65,OHLINS-qq-e-d-h-65,OHLINS,200|70,200|70,±15|±15,25/20,,基準ダウン量は、メーカーでのテスト時に車高を計測したデータであり、あくまで目安となるものです(実際には車両個体差等により変化する場合がございます),348000,66,0,265100
スバル,レガシィ,BH5,,スプリングレスキット,ネジ式車高・全長調整モデル,DFV,,235186,,258351,OHLINS-qq-e-h-73k,OHLINS-qq-e-d-h-73k,OHLINS,200|70,200|70,±15|±15,25/20,,バネの付属はございません<br>基準ダウン量は、メーカーでのテスト時に車高を計測したデータであり、あくまで目安となるものです(実際には車両個体差等により変化する場合がございます),318000,66,0,243800
スバル,レガシィ,BL5,,コンプリートキット,ネジ式車高・全長調整モデル,DFV,,257123,,258430,OHLINS-qq-e-h-68,OHLINS-qq-e-d-h-68,OHLINS,200|70,200|70,±15|±15,25/20,,基準ダウン量は、メーカーでのテスト時に車高を計測したデータであり、あくまで目安となるものです(実際には車両個体差等により変化する場合がございます),348000,66,0,265100
スバル,レガシィ,BL5,,スプリングレスキット,ネジ式車高・全長調整モデル,DFV,,235186,,258353,OHLINS-qq-e-h-76k,OHLINS-qq-e-d-h-76k,OHLINS,200|70,200|70,±15|±15,25/20,,バネの付属はございません<br>基準ダウン量は、メーカーでのテスト時に車高を計測したデータであり、あくまで目安となるものです(実際には車両個体差等により変化する場合がございます),318000,66,0,243800
スバル,レガシィ,BM9,,コンプリートキット,ネジ式車高・全長調整モデル,DFV,ピロボールマウント仕様,271749,,258453,OHLINS-qq-e-h-72,OHLINS-qq-e-d-h-72,OHLINS,200|90,200|80,±15|+15/-7,30/30,,基準ダウン量は、メーカーでのテスト時に車高を計測したデータであり、あくまで目安となるものです(実際には車両個体差等により変化する場合がございます),368000,66,0,279300
スバル,レガシィ,BM9,,コンプリートキット,ネジ式車高・全長調整モデル,DFV,ラバーブッシュマウント仕様<br>フロントはピロボールマウント,271749,,258452,OHLINS-qq-e-h-71,OHLINS-qq-e-d-h-71,OHLINS,200|90,200|80,±15|+15/-7,30/30,,基準ダウン量は、メーカーでのテスト時に車高を計測したデータであり、あくまで目安となるものです(実際には車両個体差等により変化する場合がございます),368000,66,0,279300
スバル,レガシィ,BM9,,スプリングレスキット,ネジ式車高・全長調整モデル,DFV,ピロボールマウント仕様,257123,,258435,OHLINS-qq-e-h-80k,OHLINS-qq-e-d-h-80k,OHLINS,200|90,200|80,±15|+15/-7,30/30,,バネの付属はございません<br>基準ダウン量は、メーカーでのテスト時に車高を計測したデータであり、あくまで目安となるものです(実際には車両個体差等により変化する場合がございます),348000,66,0,265100
スバル,レガシィ,BM9,,スプリングレスキット,ネジ式車高・全長調整モデル,DFV,ラバーブッシュマウント仕様<br>フロントはピロボールマウント,257123,,258434,OHLINS-qq-e-h-79k,OHLINS-qq-e-d-h-79k,OHLINS,200|90,200|80,±15|+15/-7,30/30,,バネの付属はございません<br>基準ダウン量は、メーカーでのテスト時に車高を計測したデータであり、あくまで目安となるものです(実際には車両個体差等により変化する場合がございます),348000,66,0,265100
スバル,レガシィ,BP5,,コンプリートキット,ネジ式車高・全長調整モデル,DFV,,257123,,258429,OHLINS-qq-e-h-67,OHLINS-qq-e-d-h-67,OHLINS,200|70,200|70,±15|±15,25/20,,基準ダウン量は、メーカーでのテスト時に車高を計測したデータであり、あくまで目安となるものです(実際には車両個体差等により変化する場合がございます),348000,66,0,265100
スバル,レガシィ,BP5,,スプリングレスキット,ネジ式車高・全長調整モデル,DFV,,235186,,258354,OHLINS-qq-e-h-75k,OHLINS-qq-e-d-h-75k,OHLINS,200|70,200|70,±15|±15,25/20,,バネの付属はございません<br>基準ダウン量は、メーカーでのテスト時に車高を計測したデータであり、あくまで目安となるものです(実際には車両個体差等により変化する場合がございます),318000,66,0,243800
スバル,レガシィ,BR9,,コンプリートキット,ネジ式車高・全長調整モデル,DFV,ピロボールマウント仕様,271749,,258451,OHLINS-qq-e-h-70,OHLINS-qq-e-d-h-70,OHLINS,200|90,200|80,±15|+15/-7,30/30,,基準ダウン量は、メーカーでのテスト時に車高を計測したデータであり、あくまで目安となるものです(実際には車両個体差等により変化する場合がございます),368000,66,0,279300
スバル,レガシィ,BR9,,コンプリートキット,ネジ式車高・全長調整モデル,DFV,ラバーブッシュマウント仕様<br>フロントはピロボールマウント,271749,,258450,OHLINS-qq-e-h-69,OHLINS-qq-e-d-h-69,OHLINS,200|90,200|80,±15|+15/-7,30/30,,基準ダウン量は、メーカーでのテスト時に車高を計測したデータであり、あくまで目安となるものです(実際には車両個体差等により変化する場合がございます),368000,66,0,279300
スバル,レガシィ,BR9,,スプリングレスキット,ネジ式車高・全長調整モデル,DFV,ピロボールマウント仕様,257123,,258436,OHLINS-qq-e-h-78k,OHLINS-qq-e-d-h-78k,OHLINS,200|90,200|80,±15|+15/-7,30/30,,バネの付属はございません<br>基準ダウン量は、メーカーでのテスト時に車高を計測したデータであり、あくまで目安となるものです(実際には車両個体差等により変化する場合がございます),348000,66,0,265100
スバル,レガシィ,BR9,,スプリングレスキット,ネジ式車高・全長調整モデル,DFV,ラバーブッシュマウント仕様<br>フロントはピロボールマウント,257123,,258433,OHLINS-qq-e-h-77k,OHLINS-qq-e-d-h-77k,OHLINS,200|90,200|80,±15|+15/-7,30/30,,バネの付属はございません<br>基準ダウン量は、メーカーでのテスト時に車高を計測したデータであり、あくまで目安となるものです(実際には車両個体差等により変化する場合がございます),348000,66,0,265100
トヨタ,86,ZN6,,コンプリートキット,ネジ式車高・全長調整モデル,DFV,リアピロボール仕様,261512,,258437,OHLINS-qq-e-h-79,OHLINS-qq-e-d-h-79,OHLINS,180|90,180|70,+5/-30|+5/-25,15/15,,基準ダウン量は、メーカーでのテスト時に車高を計測したデータであり、あくまで目安となるものです(実際には車両個体差等により変化する場合がございます),354000,66,0,266400
トヨタ,86,ZN6,,コンプリートキット,ネジ式車高・全長調整モデル,DFV,リアラバーブッシュ仕様,257123,,258420,OHLINS-qq-e-h-78,OHLINS-qq-e-d-h-78,OHLINS,180|90,180|70,+5/-30|+5/-25,15/15,,基準ダウン量は、メーカーでのテスト時に車高を計測したデータであり、あくまで目安となるものです(実際には車両個体差等により変化する場合がございます),348000,66,0,262100
トヨタ,86,ZN6,,スプリングレスキット,ネジ式車高・全長調整モデル,DFV,リアピロボール仕様,246886,,258383,OHLINS-qq-e-h-92k,OHLINS-qq-e-d-h-92k,OHLINS,180|90,180|70,+5/-30|+5/-25,15/15,,バネの付属はございません<br>基準ダウン量は、メーカーでのテスト時に車高を計測したデータであり、あくまで目安となるものです(実際には車両個体差等により変化する場合がございます),334000,66,0,252200
トヨタ,86,ZN6,,スプリングレスキット,ネジ式車高・全長調整モデル,DFV,リアラバーブッシュ仕様,242499,,258375,OHLINS-qq-e-h-91k,OHLINS-qq-e-d-h-91k,OHLINS,180|90,180|70,+5/-30|+5/-25,15/15,,バネの付属はございません<br>基準ダウン量は、メーカーでのテスト時に車高を計測したデータであり、あくまで目安となるものです(実際には車両個体差等により変化する場合がございます),328000,66,0,247900
トヨタ,C-HRハイブリッド,ZYX10,,コンプリートキット,ネジ式車高・全長調整モデル,DFV,,249811,,258402,OHLINS-qq-e-h-223k,OHLINS-qq-e-d-h-223k,OHLINS,230|60,250|50,-20/+10|-20/+10,20/20,,基準ダウン量は、メーカーでのテスト時に車高を計測したデータであり、あくまで目安となるものです(実際には車両個体差等により変化する場合がございます),338000,66,0,255000
トヨタ,C-HRハイブリッド,ZYX10,,スプリングレスキット,ネジ式車高・全長調整モデル,DFV,,233724,,258334,OHLINS-qq-e-h-99k,OHLINS-qq-e-d-h-99k,OHLINS,230|60,250|50,-20/+10|-20/+10,20/20,,バネの付属はございません<br>基準ダウン量は、メーカーでのテスト時に車高を計測したデータであり、あくまで目安となるものです(実際には車両個体差等により変化する場合がございます),316000,66,0,239400
トヨタ,アクア,NHP10,,コンプリートキット,ネジ式車高調整モデル,DFV,,162060,,258241,OHLINS-qq-e-h-82,OHLINS-qq-e-d-h-82,OHLINS,200|50,180|40,,30/30,,基準ダウン量は、メーカーでのテスト時に車高を計測したデータであり、あくまで目安となるものです(実際には車両個体差等により変化する場合がございます),218000,66,0,169800
トヨタ,アクア,NHP10,,スプリングレスキット,ネジ式車高調整モデル,DFV,,140122,,258236,OHLINS-qq-e-h-100k,OHLINS-qq-e-d-h-100k,OHLINS,200|50,180|40,,30/30,,バネの付属はございません<br>基準ダウン量は、メーカーでのテスト時に車高を計測したデータであり、あくまで目安となるものです(実際には車両個体差等により変化する場合がございます),188000,66,0,148500
トヨタ,アリスト,JZS161,,コンプリートキット,ネジ式車高・全長調整モデル,DFV,,220560,,258291,OHLINS-qq-e-h-225k,OHLINS-qq-e-d-h-225k,OHLINS,200|140,250|120,±15|±15,40/20,,基準ダウン量は、メーカーでのテスト時に車高を計測したデータであり、あくまで目安となるものです(実際には車両個体差等により変化する場合がございます),298000,66,0,226600
トヨタ,アリスト,JZS161,,スプリングレスキット,ネジ式車高・全長調整モデル,DFV,,205936,,258266,OHLINS-qq-e-h-101k,OHLINS-qq-e-d-h-101k,OHLINS,200|140,250|120,±15|±15,40/20,,バネの付属はございません<br>基準ダウン量は、メーカーでのテスト時に車高を計測したデータであり、あくまで目安となるものです(実際には車両個体差等により変化する場合がございます),278000,66,0,212400
トヨタ,アルファード,AGH30W/GGH30W,,コンプリートキット,ネジ式車高・全長調整モデル,DFV,,271749,,258445,OHLINS-qq-e-h-218k,OHLINS-qq-e-d-h-218k,OHLINS,230|70,230|100,±15|+15/-10,40/40,,基準ダウン量は、メーカーでのテスト時に車高を計測したデータであり、あくまで目安となるものです(実際には車両個体差等により変化する場合がございます),368000,66,0,276300
トヨタ,アルファード,AGH30W/GGH30W,,スプリングレスキット,ネジ式車高・全長調整モデル,DFV,,249811,,258396,OHLINS-qq-e-h-94k,OHLINS-qq-e-d-h-94k,OHLINS,230|70,230|100,±15|+15/-10,40/40,,バネの付属はございません<br>基準ダウン量は、メーカーでのテスト時に車高を計測したデータであり、あくまで目安となるものです(実際には車両個体差等により変化する場合がございます),338000,66,0,255000
トヨタ,アルファード,ANH20W/GGH20W,,コンプリートキット,ネジ式車高・全長調整モデル,DFV,,249811,,258401,OHLINS-qq-e-h-217k,OHLINS-qq-e-d-h-217k,OHLINS,230|70,200|100,±15|±15,35/35,,基準ダウン量は、メーカーでのテスト時に車高を計測したデータであり、あくまで目安となるものです(実際には車両個体差等により変化する場合がございます),338000,66,0,255000
トヨタ,アルファード,ANH20W/GGH20W,,スプリングレスキット,ネジ式車高・全長調整モデル,DFV,,233724,,258333,OHLINS-qq-e-h-93k,OHLINS-qq-e-d-h-93k,OHLINS,230|70,200|100,±15|±15,35/35,,バネの付属はございません<br>基準ダウン量は、メーカーでのテスト時に車高を計測したデータであり、あくまで目安となるものです(実際には車両個体差等により変化する場合がございます),316000,66,0,239400
トヨタ,アルファードハイブリッド,AYH30W,,コンプリートキット,ネジ式車高・全長調整モデル,DFV,,271749,,258446,OHLINS-qq-e-h-219k,OHLINS-qq-e-d-h-219k,OHLINS,230|70,230|100,±15|+15/-10,40/40,,基準ダウン量は、メーカーでのテスト時に車高を計測したデータであり、あくまで目安となるものです(実際には車両個体差等により変化する場合がございます),368000,66,0,276300
トヨタ,アルファードハイブリッド,AYH30W,,スプリングレスキット,ネジ式車高・全長調整モデル,DFV,,249811,,258397,OHLINS-qq-e-h-95k,OHLINS-qq-e-d-h-95k,OHLINS,230|70,230|100,±15|+15/-10,40/40,,バネの付属はございません<br>基準ダウン量は、メーカーでのテスト時に車高を計測したデータであり、あくまで目安となるものです(実際には車両個体差等により変化する場合がございます),338000,66,0,255000
トヨタ,ヴィッツ,NCP13,,コンプリートキット,ネジ式車高調整モデル,PCV,リア車高調整不可,118184,,258230,OHLINS-qq-e-h-86,OHLINS-qq-e-d-h-86,OHLINS,230|35,250|33,,35/30,,基準ダウン量は、メーカーでのテスト時に車高を計測したデータであり、あくまで目安となるものです(実際には車両個体差等により変化する場合がございます),158000,66,0,127200
トヨタ,ヴィッツ,NCP91/SCP90,,コンプリートキット,ネジ式車高調整モデル,DFV,リア車高調整不可,132809,,258234,OHLINS-qq-e-h-87,OHLINS-qq-e-d-h-87,OHLINS,200|50,255|35,,30/30,,基準ダウン量は、メーカーでのテスト時に車高を計測したデータであり、あくまで目安となるものです(実際には車両個体差等により変化する場合がございます),178000,66,0,141400
トヨタ,ヴェルファイア,AGH30W/GGH30W,,コンプリートキット,ネジ式車高・全長調整モデル,DFV,,271749,,258447,OHLINS-qq-e-h-220k,OHLINS-qq-e-d-h-220k,OHLINS,230|70,230|100,±15|+15/-10,40/40,,基準ダウン量は、メーカーでのテスト時に車高を計測したデータであり、あくまで目安となるものです(実際には車両個体差等により変化する場合がございます),368000,66,0,276300
トヨタ,ヴェルファイア,AGH30W/GGH30W,,スプリングレスキット,ネジ式車高・全長調整モデル,DFV,,249811,,258398,OHLINS-qq-e-h-96k,OHLINS-qq-e-d-h-96k,OHLINS,230|70,230|100,±15|+15/-10,40/40,,バネの付属はございません<br>基準ダウン量は、メーカーでのテスト時に車高を計測したデータであり、あくまで目安となるものです(実際には車両個体差等により変化する場合がございます),338000,66,0,255000
トヨタ,ヴェルファイアハイブリッド,AYH30W,,コンプリートキット,ネジ式車高・全長調整モデル,DFV,,271749,,258448,OHLINS-qq-e-h-221k,OHLINS-qq-e-d-h-221k,OHLINS,230|230,230|100,±15|+15/-10,40/40,,基準ダウン量は、メーカーでのテスト時に車高を計測したデータであり、あくまで目安となるものです(実際には車両個体差等により変化する場合がございます),368000,66,0,276300
トヨタ,ヴェルファイアハイブリッド,AYH30W,,スプリングレスキット,ネジ式車高・全長調整モデル,DFV,,249811,,258399,OHLINS-qq-e-h-97k,OHLINS-qq-e-d-h-97k,OHLINS,230|230,230|100,±15|+15/-10,40/40,,バネの付属はございません<br>基準ダウン量は、メーカーでのテスト時に車高を計測したデータであり、あくまで目安となるものです(実際には車両個体差等により変化する場合がございます),338000,66,0,255000
トヨタ,スープラ,JZA80,,コンプリートキット,ネジ式車高・全長調整モデル,DFV,,220560,,258292,OHLINS-qq-e-h-226k,OHLINS-qq-e-d-h-226k,OHLINS,200|160,200|120,±15|±15,30/30,,基準ダウン量は、メーカーでのテスト時に車高を計測したデータであり、あくまで目安となるものです(実際には車両個体差等により変化する場合がございます),298000,66,0,226600
トヨタ,スープラ,JZA80,,スプリングレスキット,ネジ式車高・全長調整モデル,DFV,,202279,,258261,OHLINS-qq-e-h-102k,OHLINS-qq-e-d-h-102k,OHLINS,200|160,200|120,±15|±15,30/30,,バネの付属はございません<br>基準ダウン量は、メーカーでのテスト時に車高を計測したデータであり、あくまで目安となるものです(実際には車両個体差等により変化する場合がございます),273000,66,0,208900
トヨタ,ハリアー,ZSU60,,コンプリートキット,ネジ式車高・全長調整モデル,DFV,,257123,,258419,OHLINS-qq-e-h-222k,OHLINS-qq-e-d-h-222k,OHLINS,230|80,200|80,±15|+15/-10,40/40,,基準ダウン量は、メーカーでのテスト時に車高を計測したデータであり、あくまで目安となるものです(実際には車両個体差等により変化する場合がございます),348000,66,0,262100
トヨタ,ハリアー,ZSU60,,スプリングレスキット,ネジ式車高・全長調整モデル,DFV,,241035,,258360,OHLINS-qq-e-h-98k,OHLINS-qq-e-d-h-98k,OHLINS,230|80,200|80,±15|+15/-10,40/40,,バネの付属はございません<br>基準ダウン量は、メーカーでのテスト時に車高を計測したデータであり、あくまで目安となるものです(実際には車両個体差等により変化する場合がございます),326000,66,0,246500
トヨタ,プリウス,ZVW50,,コンプリートキット,ネジ式車高・全長調整モデル,DFV,,249811,,258389,OHLINS-qq-e-h-212k,OHLINS-qq-e-d-h-212k,OHLINS,230|60,200|60,±15|±15,30/30,,基準ダウン量は、メーカーでのテスト時に車高を計測したデータであり、あくまで目安となるものです(実際には車両個体差等により変化する場合がございます),338000,66,0,255000
トヨタ,プリウス,ZVW50,,スプリングレスキット,ネジ式車高・全長調整モデル,DFV,,233724,,258331,OHLINS-qq-e-h-88k,OHLINS-qq-e-d-h-88k,OHLINS,230|60,200|60,±15|±15,30/30,,バネの付属はございません<br>基準ダウン量は、メーカーでのテスト時に車高を計測したデータであり、あくまで目安となるものです(実際には車両個体差等により変化する場合がございます),316000,66,0,239400
トヨタ,プリウスPHV,ZVW52,,コンプリートキット,ネジ式車高・全長調整モデル,DFV,,249811,,258390,OHLINS-qq-e-h-213k,OHLINS-qq-e-d-h-213k,OHLINS,230|60,200|60,±15|±15,30/30,,基準ダウン量は、メーカーでのテスト時に車高を計測したデータであり、あくまで目安となるものです(実際には車両個体差等により変化する場合がございます),338000,66,0,255000
トヨタ,プリウスPHV,ZVW52,,スプリングレスキット,ネジ式車高・全長調整モデル,DFV,,233724,,258332,OHLINS-qq-e-h-89k,OHLINS-qq-e-d-h-89k,OHLINS,230|60,200|60,±15|±15,30/30,,バネの付属はございません<br>基準ダウン量は、メーカーでのテスト時に車高を計測したデータであり、あくまで目安となるものです(実際には車両個体差等により変化する場合がございます),316000,66,0,239400
トヨタ,プリウスα,ZVW41,,コンプリートキット,ネジ式車高・全長調整モデル,DFV,,242499,,258372,OHLINS-qq-e-h-214k,OHLINS-qq-e-d-h-214k,OHLINS,230|60,200|60,±15|±15,40/40,,基準ダウン量は、メーカーでのテスト時に車高を計測したデータであり、あくまで目安となるものです(実際には車両個体差等により変化する場合がございます),328000,66,0,247900
トヨタ,プリウスα,ZVW41,,スプリングレスキット,ネジ式車高・全長調整モデル,DFV,,226411,,258308,OHLINS-qq-e-h-90k,OHLINS-qq-e-d-h-90k,OHLINS,230|60,200|60,±15|±15,40/40,,バネの付属はございません<br>基準ダウン量は、メーカーでのテスト時に車高を計測したデータであり、あくまで目安となるものです(実際には車両個体差等により変化する場合がございます),306000,66,0,232300
トヨタ,マークII,JZX100,,コンプリートキット,ネジ式車高・全長調整モデル,DFV,,220560,,258293,OHLINS-qq-e-h-228k,OHLINS-qq-e-d-h-228k,OHLINS,200|160,250|100,±15|±15,40/40,,基準ダウン量は、メーカーでのテスト時に車高を計測したデータであり、あくまで目安となるものです(実際には車両個体差等により変化する場合がございます),298000,66,0,226600
トヨタ,マークII,JZX100,,スプリングレスキット,ネジ式車高・全長調整モデル,DFV,,205936,,258267,OHLINS-qq-e-h-104k,OHLINS-qq-e-d-h-104k,OHLINS,200|160,250|100,±15|±15,40/40,,バネの付属はございません<br>基準ダウン量は、メーカーでのテスト時に車高を計測したデータであり、あくまで目安となるものです(実際には車両個体差等により変化する場合がございます),278000,66,0,212400
トヨタ,マークX,GRX120,,コンプリートキット,ネジ式車高・全長調整モデル,DFV,,249811,,258395,OHLINS-qq-e-h-84,OHLINS-qq-e-d-h-84,OHLINS,200|140,250|120,±15|±15,25/25,,基準ダウン量は、メーカーでのテスト時に車高を計測したデータであり、あくまで目安となるものです(実際には車両個体差等により変化する場合がございます),338000,66,0,255000
トヨタ,マークX,GRX120,,スプリングレスキット,ネジ式車高・全長調整モデル,DFV,,231529,,258322,OHLINS-qq-e-h-103k,OHLINS-qq-e-d-h-103k,OHLINS,200|140,250|120,±15|±15,25/25,,バネの付属はございません<br>基準ダウン量は、メーカーでのテスト時に車高を計測したデータであり、あくまで目安となるものです(実際には車両個体差等により変化する場合がございます),313000,66,0,237300
日産,GT-R,R35,,コンプリートキット,ネジ式車高・全長調整モデル,DFV,フロントに別途純正部品購入が必要,315624,,258460,OHLINS-qq-e-h-39,OHLINS-qq-e-d-h-39,OHLINS,200|140,250|80,±15|±15,10/10,,基準ダウン量は、メーカーでのテスト時に車高を計測したデータであり、あくまで目安となるものです(実際には車両個体差等により変化する場合がございます),428000,66,0,338900
日産,キューブ,Z11,,コンプリートキット,ネジ式車高調整モデル,DFV,リア車高調整不可,125496,,258231,OHLINS-qq-e-h-33,OHLINS-qq-e-d-h-33,OHLINS,200|40,242|50,,30/30,,基準ダウン量は、メーカーでのテスト時に車高を計測したデータであり、あくまで目安となるものです(実際には車両個体差等により変化する場合がございます),168000,66,0,134300
日産,シーマ,HGY51,,コンプリートキット,ネジ式車高・全長調整モデル,DFV,,249811,,258423,OHLINS-qq-e-h-32,OHLINS-qq-e-d-h-32,OHLINS,200|140,250|100,±15|±15,40/40,,基準ダウン量は、メーカーでのテスト時に車高を計測したデータであり、あくまで目安となるものです(実際には車両個体差等により変化する場合がございます),338000,66,0,265000
日産,シーマ,HGY51,,スプリングレスキット,ネジ式車高・全長調整モデル,DFV,,235186,,258378,OHLINS-qq-e-h-34k,OHLINS-qq-e-d-h-34k,OHLINS,200|140,250|100,±15|±15,40/40,,バネの付属はございません<br>基準ダウン量は、メーカーでのテスト時に車高を計測したデータであり、あくまで目安となるものです(実際には車両個体差等により変化する場合がございます),318000,66,0,250800
日産,シーマ,HY51/HGY51,,コンプリートキット,ネジ式車高・全長調整モデル,DFV,純正マウント対応,235186,,258377,OHLINS-qq-e-h-153k,OHLINS-qq-e-d-h-153k,OHLINS,200|140,200|100,±15|±15,40/40,,基準ダウン量は、メーカーでのテスト時に車高を計測したデータであり、あくまで目安となるものです(実際には車両個体差等により変化する場合がございます),318000,66,0,250800
日産,シーマ,HY51/HGY51,,スプリングレスキット,ネジ式車高・全長調整モデル,DFV,純正マウント対応,220560,,258319,OHLINS-qq-e-h-35k,OHLINS-qq-e-d-h-35k,OHLINS,200|140,200|100,±15|±15,40/40,,バネの付属はございません<br>基準ダウン量は、メーカーでのテスト時に車高を計測したデータであり、あくまで目安となるものです(実際には車両個体差等により変化する場合がございます),298000,66,0,236600
日産,シルビア,S13,,コンプリートキット,ネジ式車高・全長調整モデル,DFV,ピロボールマウント仕様<br>リアヘルパースプリング付,257123,,258415,OHLINS-qq-e-h-169k,OHLINS-qq-e-d-h-169k,OHLINS,200|80,230|60,±15|-±15,40/40,,基準ダウン量は、メーカーでのテスト時に車高を計測したデータであり、あくまで目安となるものです(実際には車両個体差等により変化する場合がございます),348000,66,0,262100
日産,シルビア,S13,,コンプリートキット,ネジ式車高・全長調整モデル,DFV,ラバーブッシュマウント仕様<br>リアヘルパースプリング付,257123,,258414,OHLINS-qq-e-h-168k,OHLINS-qq-e-d-h-168k,OHLINS,200|80,230|60,±15|±15,40/40,,基準ダウン量は、メーカーでのテスト時に車高を計測したデータであり、あくまで目安となるものです(実際には車両個体差等により変化する場合がございます),348000,66,0,262100
日産,シルビア,S13,,スプリングレスキット,ネジ式車高・全長調整モデル,DFV,ピロボールマウント仕様<br>リアヘルパースプリング付,238842,,258356,OHLINS-qq-e-h-47k,OHLINS-qq-e-d-h-47k,OHLINS,200|80,230|60,±15|-±15,40/40,,バネの付属はございません<br>基準ダウン量は、メーカーでのテスト時に車高を計測したデータであり、あくまで目安となるものです(実際には車両個体差等により変化する場合がございます),323000,66,0,244400
日産,シルビア,S13,,スプリングレスキット,ネジ式車高・全長調整モデル,DFV,ラバーブッシュマウント仕様<br>リアヘルパースプリング付,238842,,258355,OHLINS-qq-e-h-46k,OHLINS-qq-e-d-h-46k,OHLINS,200|80,230|60,±15|±15,40/40,,バネの付属はございません<br>基準ダウン量は、メーカーでのテスト時に車高を計測したデータであり、あくまで目安となるものです(実際には車両個体差等により変化する場合がございます),323000,66,0,244400
日産,シルビア,S15,,コンプリートキット,ネジ式車高・全長調整モデル,DFV,ピロボールマウント仕様<br>リアヘルパースプリング付,271749,,258444,OHLINS-qq-e-h-171k,OHLINS-qq-e-d-h-171k,OHLINS,200|80,250|60,±15|-15/+5,40/40,,基準ダウン量は、メーカーでのテスト時に車高を計測したデータであり、あくまで目安となるものです(実際には車両個体差等により変化する場合がございます),368000,66,0,276300
日産,シルビア,S15,,コンプリートキット,ネジ式車高・全長調整モデル,DFV,ラバーブッシュマウント仕様<br>リアヘルパースプリング付,271749,,258443,OHLINS-qq-e-h-170k,OHLINS-qq-e-d-h-170k,OHLINS,200|80,250|60,±15|-15/+5,40/40,,基準ダウン量は、メーカーでのテスト時に車高を計測したデータであり、あくまで目安となるものです(実際には車両個体差等により変化する場合がございます),368000,66,0,276300
日産,シルビア,S15,,スプリングレスキット,ネジ式車高・全長調整モデル,DFV,ピロボールマウント仕様<br>リアヘルパースプリング付,253468,,258411,OHLINS-qq-e-h-49k,OHLINS-qq-e-d-h-49k,OHLINS,200|80,250|60,±15|-15/+5,40/40,,バネの付属はございません<br>基準ダウン量は、メーカーでのテスト時に車高を計測したデータであり、あくまで目安となるものです(実際には車両個体差等により変化する場合がございます),343000,66,0,258600
日産,シルビア,S15,,スプリングレスキット,ネジ式車高・全長調整モデル,DFV,ラバーブッシュマウント仕様<br>リアヘルパースプリング付,253468,,258410,OHLINS-qq-e-h-48k,OHLINS-qq-e-d-h-48k,OHLINS,200|80,250|60,±15|-15/+5,40/40,,バネの付属はございません<br>基準ダウン量は、メーカーでのテスト時に車高を計測したデータであり、あくまで目安となるものです(実際には車両個体差等により変化する場合がございます),343000,66,0,258600
日産,スカイライン,ER34,,コンプリートキット,ネジ式車高・全長調整モデル,DFV,ピロボールマウント仕様,220560,,258301,OHLINS-qq-e-h-54,OHLINS-qq-e-d-h-54,OHLINS,200|90,250|70,±15|±15,40/30,,基準ダウン量は、メーカーでのテスト時に車高を計測したデータであり、あくまで目安となるものです(実際には車両個体差等により変化する場合がございます),298000,66,0,226600
日産,スカイライン,ER34,,コンプリートキット,ネジ式車高・全長調整モデル,DFV,ラバーブッシュマウント仕様,220560,,258299,OHLINS-qq-e-h-53,OHLINS-qq-e-d-h-53,OHLINS,200|90,250|70,±15|±15,40/30,,基準ダウン量は、メーカーでのテスト時に車高を計測したデータであり、あくまで目安となるものです(実際には車両個体差等により変化する場合がございます),298000,66,0,226600
日産,スカイライン,ER34,,スプリングレスキット,ネジ式車高・全長調整モデル,DFV,ピロボールマウント仕様,202279,,258264,OHLINS-qq-e-h-51k,OHLINS-qq-e-d-h-51k,OHLINS,200|90,250|70,±15|±15,40/30,,バネの付属はございません<br>基準ダウン量は、メーカーでのテスト時に車高を計測したデータであり、あくまで目安となるものです(実際には車両個体差等により変化する場合がございます),273000,66,0,208900
日産,スカイライン,ER34,,スプリングレスキット,ネジ式車高・全長調整モデル,DFV,ラバーブッシュマウント仕様,202279,,258263,OHLINS-qq-e-h-50k,OHLINS-qq-e-d-h-50k,OHLINS,200|90,250|70,±15|±15,40/30,,バネの付属はございません<br>基準ダウン量は、メーカーでのテスト時に車高を計測したデータであり、あくまで目安となるものです(実際には車両個体差等により変化する場合がございます),273000,66,0,208900
日産,スカイライン,ZV37,,コンプリートキット,ネジ式車高・全長調整モデル,DFV,,235186,,258342,OHLINS-qq-e-h-175k,OHLINS-qq-e-d-h-175k,OHLINS,200|130,200|70,±15|±15,20/20,,基準ダウン量は、メーカーでのテスト時に車高を計測したデータであり、あくまで目安となるものです(実際には車両個体差等により変化する場合がございます),318000,66,0,240800
日産,スカイライン,ZV37,,スプリングレスキット,ネジ式車高・全長調整モデル,DFV,,220560,,258300,OHLINS-qq-e-h-53k,OHLINS-qq-e-d-h-53k,OHLINS,200|130,200|70,±15|±15,20/20,,バネの付属はございません<br>基準ダウン量は、メーカーでのテスト時に車高を計測したデータであり、あくまで目安となるものです(実際には車両個体差等により変化する場合がございます),298000,66,0,226600
日産,スカイラインGT-R,BCNR33,,コンプリートキット,ネジ式車高・全長調整モデル,DFV,ピロボールマウント仕様,227873,,258317,OHLINS-qq-e-h-50,OHLINS-qq-e-d-h-50,OHLINS,200|90,250|80,±15|±15,30/30,,画像はピロボールアッパーマウント装着時のもの<br>基準ダウン量は、メーカーでのテスト時に車高を計測したデータであり、あくまで目安となるものです(実際には車両個体差等により変化する場合がございます),308000,66,0,233700
日産,スカイラインGT-R,BCNR33,,コンプリートキット,ネジ式車高・全長調整モデル,DFV,ラバーブッシュマウント仕様,227873,,258316,OHLINS-qq-e-h-49,OHLINS-qq-e-d-h-49,OHLINS,200|90,250|80,±15|±15,30/30,,画像はピロボールアッパーマウント装着時のもの<br>基準ダウン量は、メーカーでのテスト時に車高を計測したデータであり、あくまで目安となるものです(実際には車両個体差等により変化する場合がございます),308000,66,0,233700
日産,スカイラインGT-R,BCNR33,,スプリングレスキット,ネジ式車高・全長調整モデル,DFV,ピロボールマウント仕様,209591,,258278,OHLINS-qq-e-h-57k,OHLINS-qq-e-d-h-57k,OHLINS,200|90,250|80,±15|±15,30/30,,画像はピロボールアッパーマウント装着時のもの<br>バネの付属はございません<br>基準ダウン量は、メーカーでのテスト時に車高を計測したデータであり、あくまで目安となるものです(実際には車両個体差等により変化する場合がございます),283000,66,0,216000
日産,スカイラインGT-R,BCNR33,,スプリングレスキット,ネジ式車高・全長調整モデル,DFV,ラバーブッシュマウント仕様,209591,,258277,OHLINS-qq-e-h-56k,OHLINS-qq-e-d-h-56k,OHLINS,200|90,250|80,±15|±15,30/30,,画像はピロボールアッパーマウント装着時のもの<br>バネの付属はございません<br>基準ダウン量は、メーカーでのテスト時に車高を計測したデータであり、あくまで目安となるものです(実際には車両個体差等により変化する場合がございます),283000,66,0,216000
日産,スカイラインGT-R,BNR32,,コンプリートキット,ネジ式車高・全長調整モデル,DFV,ピロボールマウント仕様,213248,,258286,OHLINS-qq-e-h-48,OHLINS-qq-e-d-h-48,OHLINS,200|100,200|80,±15|±15,40/25,,基準ダウン量は、メーカーでのテスト時に車高を計測したデータであり、あくまで目安となるものです(実際には車両個体差等により変化する場合がございます),288000,66,0,219500
日産,スカイラインGT-R,BNR32,,コンプリートキット,ネジ式車高・全長調整モデル,DFV,ラバーブッシュマウント仕様,213248,,258285,OHLINS-qq-e-h-47,OHLINS-qq-e-d-h-47,OHLINS,200|100,200|80,±15|±15,40/25,,基準ダウン量は、メーカーでのテスト時に車高を計測したデータであり、あくまで目安となるものです(実際には車両個体差等により変化する場合がございます),288000,66,0,219500
日産,スカイラインGT-R,BNR32,,スプリングレスキット,ネジ式車高・全長調整モデル,DFV,ピロボールマウント仕様,194967,,258254,OHLINS-qq-e-h-55k,OHLINS-qq-e-d-h-55k,OHLINS,200|100,200|80,±15|±15,40/25,,バネの付属はございません<br>基準ダウン量は、メーカーでのテスト時に車高を計測したデータであり、あくまで目安となるものです(実際には車両個体差等により変化する場合がございます),263000,66,0,201800
日産,スカイラインGT-R,BNR32,,スプリングレスキット,ネジ式車高・全長調整モデル,DFV,ラバーブッシュマウント仕様,194967,,258253,OHLINS-qq-e-h-54k,OHLINS-qq-e-d-h-54k,OHLINS,200|100,200|80,±15|±15,40/25,,バネの付属はございません<br>基準ダウン量は、メーカーでのテスト時に車高を計測したデータであり、あくまで目安となるものです(実際には車両個体差等により変化する場合がございます),263000,66,0,201800
日産,スカイラインGT-R,BNR34,,コンプリートキット,ネジ式車高・全長調整モデル,DFV,ピロボールマウント仕様,227873,,258312,OHLINS-qq-e-h-182k,OHLINS-qq-e-d-h-182k,OHLINS,200|90,250|80,±15|±15,30/30,,画像はピロボールアッパーマウント装着時のもの<br>基準ダウン量は、メーカーでのテスト時に車高を計測したデータであり、あくまで目安となるものです(実際には車両個体差等により変化する場合がございます),308000,66,0,233700
日産,スカイラインGT-R,BNR34,,コンプリートキット,ネジ式車高・全長調整モデル,DFV,ラバーブッシュマウント仕様,227873,,258318,OHLINS-qq-e-h-52,OHLINS-qq-e-d-h-52,OHLINS,200|90,250|80,±15|±15,30/30,,画像はピロボールアッパーマウント装着時のもの<br>基準ダウン量は、メーカーでのテスト時に車高を計測したデータであり、あくまで目安となるものです(実際には車両個体差等により変化する場合がございます),308000,66,0,233700
日産,スカイラインGT-R,BNR34,,コンプリートキット,ノーマル形状ショートモデル,PCV,,155478,,258239,OHLINS-qq-e-h-51,OHLINS-qq-e-d-h-51,OHLINS,274|39-50,304|27-53,,40/30,,基準ダウン量は、メーカーでのテスト時に車高を計測したデータであり、あくまで目安となるものです(実際には車両個体差等により変化する場合がございます),209000,66,0,163400
日産,スカイラインGT-R,BNR34,,スプリングレスキット,ネジ式車高・全長調整モデル,DFV,ピロボールマウント仕様,209591,,258281,OHLINS-qq-e-h-59k,OHLINS-qq-e-d-h-59k,OHLINS,200|90,250|80,±15|±15,30/30,,画像はピロボールアッパーマウント装着時のもの<br>バネの付属はございません<br>基準ダウン量は、メーカーでのテスト時に車高を計測したデータであり、あくまで目安となるものです(実際には車両個体差等により変化する場合がございます),283000,66,0,216000
日産,スカイラインGT-R,BNR34,,スプリングレスキット,ネジ式車高・全長調整モデル,DFV,ラバーブッシュマウント仕様,209591,,258279,OHLINS-qq-e-h-58k,OHLINS-qq-e-d-h-58k,OHLINS,200|90,250|80,±15|±15,30/30,,画像はピロボールアッパーマウント装着時のもの<br>バネの付属はございません<br>基準ダウン量は、メーカーでのテスト時に車高を計測したデータであり、あくまで目安となるものです(実際には車両個体差等により変化する場合がございます),283000,66,0,216000
日産,スカイラインハイブリッド,HV37,350GT HYBRID,コンプリートキット,ネジ式車高・全長調整モデル,DFV,,235186,,258348,OHLINS-qq-e-h-46,OHLINS-qq-e-d-h-46,OHLINS,200|140,200|80,±15|±15,20/20,,基準ダウン量は、メーカーでのテスト時に車高を計測したデータであり、あくまで目安となるものです(実際には車両個体差等により変化する場合がございます),318000,66,0,240800
日産,スカイラインハイブリッド,HV37,350GT HYBRID,スプリングレスキット,ネジ式車高・全長調整モデル,DFV,,220560,,258298,OHLINS-qq-e-h-52k,OHLINS-qq-e-d-h-52k,OHLINS,200|140,200|80,±15|±15,20/20,,バネの付属はございません<br>基準ダウン量は、メーカーでのテスト時に車高を計測したデータであり、あくまで目安となるものです(実際には車両個体差等により変化する場合がございます),298000,66,0,226600
日産,ノート,E11,,コンプリートキット,ネジ式車高調整モデル,DFV,リア車高調整不可,125496,,258233,OHLINS-qq-e-h-42,OHLINS-qq-e-d-h-42,OHLINS,200|40,242|50,,30/30,,基準ダウン量は、メーカーでのテスト時に車高を計測したデータであり、あくまで目安となるものです(実際には車両個体差等により変化する場合がございます),168000,66,0,134300
日産,ノート,E12,,コンプリートキット,ネジ式車高・全長調整モデル,DFV,,220560,,258297,OHLINS-qq-e-h-43,OHLINS-qq-e-d-h-43,OHLINS,200|70,180|40,±15|-11/+15,35/25,,基準ダウン量は、メーカーでのテスト時に車高を計測したデータであり、あくまで目安となるものです(実際には車両個体差等により変化する場合がございます),298000,66,0,226600
日産,ノート,E12,,スプリングレスキット,ネジ式車高・全長調整モデル,DFV,,205936,,258269,OHLINS-qq-e-h-45k,OHLINS-qq-e-d-h-45k,OHLINS,200|70,180|40,±15|-11/+15,35/25,,バネの付属はございません<br>基準ダウン量は、メーカーでのテスト時に車高を計測したデータであり、あくまで目安となるものです(実際には車両個体差等により変化する場合がございます),278000,66,0,212400
日産,フーガ,Y51,,コンプリートキット,ネジ式車高・全長調整モデル,DFV,純正マウント対応,235186,,258340,OHLINS-qq-e-h-159k,OHLINS-qq-e-d-h-159k,OHLINS,200|120,200|70,±15|±15,40/40,,基準ダウン量は、メーカーでのテスト時に車高を計測したデータであり、あくまで目安となるものです(実際には車両個体差等により変化する場合がございます),318000,66,0,240800
日産,フーガ,Y51,,コンプリートキット,ネジ式車高・全長調整モデル,DFV,,249811,,258404,OHLINS-qq-e-h-37,OHLINS-qq-e-d-h-37,OHLINS,200|120,250|70,±15|±15,40/40,,基準ダウン量は、メーカーでのテスト時に車高を計測したデータであり、あくまで目安となるものです(実際には車両個体差等により変化する場合がございます),338000,66,0,255000
日産,フーガ,Y51,,スプリングレスキット,ネジ式車高・全長調整モデル,DFV,純正マウント対応,220560,,258295,OHLINS-qq-e-h-40k,OHLINS-qq-e-d-h-40k,OHLINS,200|120,200|70,±15|±15,40/40,,バネの付属はございません<br>基準ダウン量は、メーカーでのテスト時に車高を計測したデータであり、あくまで目安となるものです(実際には車両個体差等により変化する場合がございます),298000,66,0,226600
日産,フーガ,Y51,,スプリングレスキット,ネジ式車高・全長調整モデル,DFV,,235186,,258345,OHLINS-qq-e-h-39k,OHLINS-qq-e-d-h-39k,OHLINS,200|120,250|70,±15|±15,40/40,,バネの付属はございません<br>基準ダウン量は、メーカーでのテスト時に車高を計測したデータであり、あくまで目安となるものです(実際には車両個体差等により変化する場合がございます),318000,66,0,240800
日産,フーガハイブリッド,HY51,,コンプリートキット,ネジ式車高・全長調整モデル,DFV,純正マウント対応,235186,,258341,OHLINS-qq-e-h-161k,OHLINS-qq-e-d-h-161k,OHLINS,200|140,200|100,±15|±15,40/40,,基準ダウン量は、メーカーでのテスト時に車高を計測したデータであり、あくまで目安となるものです(実際には車両個体差等により変化する場合がございます),318000,66,0,240800
日産,フーガハイブリッド,HY51,,コンプリートキット,ネジ式車高・全長調整モデル,DFV,,249811,,258394,OHLINS-qq-e-h-38,OHLINS-qq-e-d-h-38,OHLINS,200|140,250|100,±15|±15,40/40,,基準ダウン量は、メーカーでのテスト時に車高を計測したデータであり、あくまで目安となるものです(実際には車両個体差等により変化する場合がございます),338000,66,0,255000
日産,フーガハイブリッド,HY51,,スプリングレスキット,ネジ式車高・全長調整モデル,DFV,純正マウント対応,220560,,258296,OHLINS-qq-e-h-42k,OHLINS-qq-e-d-h-42k,OHLINS,200|140,200|100,±15|±15,40/40,,バネの付属はございません<br>基準ダウン量は、メーカーでのテスト時に車高を計測したデータであり、あくまで目安となるものです(実際には車両個体差等により変化する場合がございます),298000,66,0,226600
日産,フーガハイブリッド,HY51,,スプリングレスキット,ネジ式車高・全長調整モデル,DFV,,235186,,258347,OHLINS-qq-e-h-41k,OHLINS-qq-e-d-h-41k,OHLINS,200|140,250|100,±15|±15,40/40,,バネの付属はございません<br>基準ダウン量は、メーカーでのテスト時に車高を計測したデータであり、あくまで目安となるものです(実際には車両個体差等により変化する場合がございます),318000,66,0,240800
日産,フェアレディZ,Z33,,コンプリートキット,ネジ式車高・全長調整モデル,DFV,,242499,,258373,OHLINS-qq-e-h-35,OHLINS-qq-e-d-h-35,OHLINS,200|100,240|70,+15/-10|+10/-15,20/20,,基準ダウン量は、メーカーでのテスト時に車高を計測したデータであり、あくまで目安となるものです(実際には車両個体差等により変化する場合がございます),328000,66,0,247900
日産,フェアレディZ,Z33,,スプリングレスキット,ネジ式車高・全長調整モデル,DFV,,224217,,258305,OHLINS-qq-e-h-36k,OHLINS-qq-e-d-h-36k,OHLINS,200|100,240|70,+15/-10|+10/-15,20/20,,バネの付属はございません<br>基準ダウン量は、メーカーでのテスト時に車高を計測したデータであり、あくまで目安となるものです(実際には車両個体差等により変化する場合がございます),303000,66,0,230200
日産,フェアレディZ,Z34,,コンプリートキット,ネジ式車高・全長調整モデル,DFV,純正マウント対応,242499,,258369,OHLINS-qq-e-h-157k,OHLINS-qq-e-d-h-157k,OHLINS,200|110,230|100,±15|±15,20/25,,基準ダウン量は、メーカーでのテスト時に車高を計測したデータであり、あくまで目安となるものです(実際には車両個体差等により変化する場合がございます),328000,66,0,247900
日産,フェアレディZ,Z34,,コンプリートキット,ネジ式車高・全長調整モデル,DFV,,264436,,258441,OHLINS-qq-e-h-36,OHLINS-qq-e-d-h-36,OHLINS,200|110,230|100,±15|±15,20/25,,基準ダウン量は、メーカーでのテスト時に車高を計測したデータであり、あくまで目安となるものです(実際には車両個体差等により変化する場合がございます),358000,66,0,269200
日産,フェアレディZ,Z34,,スプリングレスキット,ネジ式車高・全長調整モデル,DFV,純正マウント対応,227873,,258315,OHLINS-qq-e-h-38k,OHLINS-qq-e-d-h-38k,OHLINS,200|110,230|100,±15|±15,20/25,,バネの付属はございません<br>基準ダウン量は、メーカーでのテスト時に車高を計測したデータであり、あくまで目安となるものです(実際には車両個体差等により変化する場合がございます),308000,66,0,233700
日産,フェアレディZ,Z34,,スプリングレスキット,ネジ式車高・全長調整モデル,DFV,,249811,,258393,OHLINS-qq-e-h-37k,OHLINS-qq-e-d-h-37k,OHLINS,200|110,230|100,±15|±15,20/25,,バネの付属はございません<br>基準ダウン量は、メーカーでのテスト時に車高を計測したデータであり、あくまで目安となるものです(実際には車両個体差等により変化する場合がございます),338000,66,0,255000
日産,マーチ,K12,,コンプリートキット,ネジ式車高調整モデル,DFV,リア車高調整不可,125496,,258232,OHLINS-qq-e-h-40,OHLINS-qq-e-d-h-40,OHLINS,200|40,225|50,,25/25,,基準ダウン量は、メーカーでのテスト時に車高を計測したデータであり、あくまで目安となるものです(実際には車両個体差等により変化する場合がございます),168000,66,0,134300
日産,リーフ,AZE0,,コンプリートキット,ネジ式車高・全長調整モデル,DFV,リア車高調整不可,227873,,258310,OHLINS-qq-e-h-163k,OHLINS-qq-e-d-h-163k,OHLINS,230|60,225|50,±15|±0,40/40,,基準ダウン量は、メーカーでのテスト時に車高を計測したデータであり、あくまで目安となるものです(実際には車両個体差等により変化する場合がございます),308000,66,0,233700
日産,リーフ,AZE0,,スプリングレスキット,ネジ式車高・全長調整モデル,DFV,リア車高調整不可,209591,,258275,OHLINS-qq-e-h-43k,OHLINS-qq-e-d-h-43k,OHLINS,230|60,225|50,±15|±0,40/40,,バネの付属はございません<br>基準ダウン量は、メーカーでのテスト時に車高を計測したデータであり、あくまで目安となるものです(実際には車両個体差等により変化する場合がございます),283000,66,0,216000
日産,リーフ,ZE1,,コンプリートキット,ネジ式車高・全長調整モデル,DFV,リア車高調整不可,227873,,258311,OHLINS-qq-e-h-164k,OHLINS-qq-e-d-h-164k,OHLINS,230|60,242|50,±15|±0,40/40,,基準ダウン量は、メーカーでのテスト時に車高を計測したデータであり、あくまで目安となるものです(実際には車両個体差等により変化する場合がございます),308000,66,0,233700
日産,リーフ,ZE1,,スプリングレスキット,ネジ式車高・全長調整モデル,DFV,リア車高調整不可,209591,,258276,OHLINS-qq-e-h-44k,OHLINS-qq-e-d-h-44k,OHLINS,230|60,242|50,±15|±0,40/40,,バネの付属はございません<br>基準ダウン量は、メーカーでのテスト時に車高を計測したデータであり、あくまで目安となるものです(実際には車両個体差等により変化する場合がございます),283000,66,0,216000
ホンダ,S2000,AP1/AP2,,コンプリートキット,ネジ式車高・全長調整モデル,DFV,ピロボールマウント仕様,213248,,258283,OHLINS-qq-e-h-14,OHLINS-qq-e-d-h-14,OHLINS,200|100,200|80,±15|±15,25/25,,画像はピロボールアッパーマウント装着時のもの<br>基準ダウン量は、メーカーでのテスト時に車高を計測したデータであり、あくまで目安となるものです(実際には車両個体差等により変化する場合がございます),288000,66,0,219500
ホンダ,S2000,AP1/AP2,,コンプリートキット,ネジ式車高・全長調整モデル,DFV,ラバーブッシュマウント仕様,213248,,258282,OHLINS-qq-e-h-13,OHLINS-qq-e-d-h-13,OHLINS,200|100,200|80,±15|±15,25/25,,画像はピロボールアッパーマウント装着時のもの<br>基準ダウン量は、メーカーでのテスト時に車高を計測したデータであり、あくまで目安となるものです(実際には車両個体差等により変化する場合がございます),288000,66,0,219500
ホンダ,S2000,AP1/AP2,,スプリングレスキット,ネジ式車高・全長調整モデル,DFV,ピロボールマウント仕様,194967,,258251,OHLINS-qq-e-h-11k,OHLINS-qq-e-d-h-11k,OHLINS,200|100,200|80,±15|±15,25/25,,画像はピロボールアッパーマウント装着時のもの<br>バネの付属はございません<br>基準ダウン量は、メーカーでのテスト時に車高を計測したデータであり、あくまで目安となるものです(実際には車両個体差等により変化する場合がございます),263000,66,0,201800
ホンダ,S2000,AP1/AP2,,スプリングレスキット,ネジ式車高・全長調整モデル,DFV,ラバーブッシュマウント仕様,194967,,258250,OHLINS-qq-e-h-10k,OHLINS-qq-e-d-h-10k,OHLINS,200|100,200|80,±15|±15,25/25,,画像はピロボールアッパーマウント装着時のもの<br>バネの付属はございません<br>基準ダウン量は、メーカーでのテスト時に車高を計測したデータであり、あくまで目安となるものです(実際には車両個体差等により変化する場合がございます),263000,66,0,201800
ホンダ,インテグラ,DC2,,コンプリートキット,ネジ式車高・全長調整モデル,DFV,ピロボールマウント仕様,198623,,258260,OHLINS-qq-e-h-9,OHLINS-qq-e-d-h-9,OHLINS,200|140,200|60,+14/-12|±15,20/20,,基準ダウン量は、メーカーでのテスト時に車高を計測したデータであり、あくまで目安となるものです(実際には車両個体差等により変化する場合がございます),268000,66,0,205300
ホンダ,インテグラ,DC2,,コンプリートキット,ネジ式車高・全長調整モデル,DFV,ラバーブッシュマウント仕様,198623,,258255,OHLINS-qq-e-h-10,OHLINS-qq-e-d-h-10,OHLINS,200|140,200|60,+14/-12|±15,20/20,,基準ダウン量は、メーカーでのテスト時に車高を計測したデータであり、あくまで目安となるものです(実際には車両個体差等により変化する場合がございます),268000,66,0,205300
ホンダ,インテグラ,DC2,,スプリングレスキット,ネジ式車高・全長調整モデル,DFV,ピロボールマウント仕様,180341,,258244,OHLINS-qq-e-h-83,OHLINS-qq-e-d-h-83,OHLINS,200|140,200|60,+14/-12|±15,20/20,,バネの付属はございません<br>基準ダウン量は、メーカーでのテスト時に車高を計測したデータであり、あくまで目安となるものです(実際には車両個体差等により変化する場合がございます),243000,66,0,187600
ホンダ,インテグラ,DC2,,スプリングレスキット,ネジ式車高・全長調整モデル,DFV,ラバーブッシュマウント仕様,180341,,258245,OHLINS-qq-e-h-81,OHLINS-qq-e-d-h-81,OHLINS,200|140,200|60,+14/-12|±15,20/20,,バネの付属はございません<br>基準ダウン量は、メーカーでのテスト時に車高を計測したデータであり、あくまで目安となるものです(実際には車両個体差等により変化する場合がございます),243000,66,0,187600
ホンダ,インテグラ,DC5,,コンプリートキット,ネジ式車高調整モデル,DFV,,198623,,258256,OHLINS-qq-e-h-11,OHLINS-qq-e-d-h-11,OHLINS,180|80,180|100,,25/20,,基準ダウン量は、メーカーでのテスト時に車高を計測したデータであり、あくまで目安となるものです(実際には車両個体差等により変化する場合がございます),268000,66,0,205300
ホンダ,インテグラ,DC5,,スプリングレスキット,ネジ式車高調整モデル,DFV,,183997,,258246,OHLINS-qq-e-h-9k,OHLINS-qq-e-d-h-9k,OHLINS,180|80,180|100,,25/20,,バネの付属はございません<br>基準ダウン量は、メーカーでのテスト時に車高を計測したデータであり、あくまで目安となるものです(実際には車両個体差等により変化する場合がございます),248000,66,0,191100
ホンダ,ヴェゼルハイブリッド,RU3,,コンプリートキット,ネジ式車高・全長調整モデル,DFV,,249811,,258385,OHLINS-qq-e-h-115k,OHLINS-qq-e-d-h-115k,OHLINS,250|50,230|40,±15|±15,20/20,,基準ダウン量は、メーカーでのテスト時に車高を計測したデータであり、あくまで目安となるものです(実際には車両個体差等により変化する場合がございます),338000,66,0,255000
ホンダ,ヴェゼルハイブリッド,RU3,,スプリングレスキット,ネジ式車高・全長調整モデル,DFV,,235186,,258339,OHLINS-qq-e-h-1,OHLINS-qq-e-d-h-1,OHLINS,250|50,230|40,±15|±15,20/20,,バネの付属はございません<br>基準ダウン量は、メーカーでのテスト時に車高を計測したデータであり、あくまで目安となるものです(実際には車両個体差等により変化する場合がございます),318000,66,0,240800
ホンダ,オデッセイ,RB1/RB2/RB3,,コンプリートキット,ネジ式車高調整モデル,DFV,減衰力調整非搭載,108678,,258229,OHLINS-qq-e-h-12,OHLINS-qq-e-d-h-12,OHLINS,250|80,250|80,,30/30,,基準ダウン量は、メーカーでのテスト時に車高を計測したデータであり、あくまで目安となるものです(実際には車両個体差等により変化する場合がございます),145000,66,0,118000
ホンダ,シビックタイプR,EK9,,コンプリートキット,ネジ式車高・全長調整モデル,DFV,ピロボールマウント仕様,198623,,258257,OHLINS-qq-e-h-2,OHLINS-qq-e-d-h-2,OHLINS,200|120,200|50,+12/-15|±15,20/20,,基準ダウン量は、メーカーでのテスト時に車高を計測したデータであり、あくまで目安となるものです(実際には車両個体差等により変化する場合がございます),268000,66,0,205300
ホンダ,シビックタイプR,EK9,,コンプリートキット,ネジ式車高・全長調整モデル,DFV,ラバーブッシュマウント仕様,198623,,258259,OHLINS-qq-e-h-3,OHLINS-qq-e-d-h-3,OHLINS,200|120,200|50,+12/-15|±15,20/20,,基準ダウン量は、メーカーでのテスト時に車高を計測したデータであり、あくまで目安となるものです(実際には車両個体差等により変化する場合がございます),268000,66,0,205300
ホンダ,シビックタイプR,EK9,,スプリングレスキット,ネジ式車高・全長調整モデル,DFV,ピロボールマウント仕様,180341,,258243,OHLINS-qq-e-h-7,OHLINS-qq-e-d-h-7,OHLINS,200|120,200|50,+12/-15|±15,20/20,,バネの付属はございません<br>基準ダウン量は、メーカーでのテスト時に車高を計測したデータであり、あくまで目安となるものです(実際には車両個体差等により変化する場合がございます),243000,66,0,187600
ホンダ,シビックタイプR,EK9,,スプリングレスキット,ネジ式車高・全長調整モデル,DFV,ラバーブッシュマウント仕様,180341,,258242,OHLINS-qq-e-h-5,OHLINS-qq-e-d-h-5,OHLINS,200|120,200|50,+12/-15|±15,20/20,,バネの付属はございません<br>基準ダウン量は、メーカーでのテスト時に車高を計測したデータであり、あくまで目安となるものです(実際には車両個体差等により変化する場合がございます),243000,66,0,187600
ホンダ,シビックタイプR,FD2,,コンプリートキット,ネジ式車高・全長調整モデル,DFV,リア車高調整不可,235186,,258346,OHLINS-qq-e-h-4,OHLINS-qq-e-d-h-4,OHLINS,200|80,250|70,±15|非調整,15/30,,基準ダウン量は、メーカーでのテスト時に車高を計測したデータであり、あくまで目安となるものです(実際には車両個体差等により変化する場合がございます),318000,66,0,240800
ホンダ,シビックタイプR,FD2,,スプリングレスキット,ネジ式車高・全長調整モデル,DFV,リア車高調整不可,209591,,258280,OHLINS-qq-e-h-76,OHLINS-qq-e-d-h-76,OHLINS,200|80,250|70,±15|非調整,15/30,,バネの付属はございません<br>基準ダウン量は、メーカーでのテスト時に車高を計測したデータであり、あくまで目安となるものです(実際には車両個体差等により変化する場合がございます),283000,66,0,216000
ホンダ,シビックタイプR,FK2,,コンプリートキット,ネジ式車高調整モデル,DFV,,339468,,258459,OHLINS-qq-e-h-121k,OHLINS-qq-e-d-h-121k,OHLINS,200|60,200|50,,25/25,<a href=https://www.kts-web.com/ec_shop/products/detail/258222>35020-20</a>,ご購入時のスプリングレート変更不可<br>基準ダウン量は、メーカーでのテスト時に車高を計測したデータであり、あくまで目安となるものです(実際には車両個体差等により変化する場合がございます),380000,80,0,338000
ホンダ,シビックタイプR,FK8,,コンプリートキット,ネジ式車高調整モデル,DFV,,348332,,258470,OHLINS-qq-e-h-122k,OHLINS-qq-e-d-h-122k,OHLINS,180|60,180|100,,15/25,<a href=https://www.kts-web.com/ec_shop/products/detail/258227>35020-25</a>,ご購入時のスプリングレート変更不可<br>基準ダウン量は、メーカーでのテスト時に車高を計測したデータであり、あくまで目安となるものです(実際には車両個体差等により変化する場合がございます),390000,80,0,366500
ホンダ,ステップワゴン,RK5,,コンプリートキット,ネジ式車高・全長調整モデル,DFV,,249811,,258386,OHLINS-qq-e-h-116k,OHLINS-qq-e-d-h-116k,OHLINS,230|60,200|50,±15|±15,40/40,,基準ダウン量は、メーカーでのテスト時に車高を計測したデータであり、あくまで目安となるものです(実際には車両個体差等により変化する場合がございます),338000,66,0,255000
ホンダ,ステップワゴン,RK5,,スプリングレスキット,ネジ式車高・全長調整モデル,DFV,,233724,,258330,OHLINS-qq-e-h-41,OHLINS-qq-e-d-h-41,OHLINS,230|60,200|50,±15|±15,40/40,,バネの付属はございません<br>基準ダウン量は、メーカーでのテスト時に車高を計測したデータであり、あくまで目安となるものです(実際には車両個体差等により変化する場合がございます),316000,66,0,239400
ホンダ,ステップワゴン,RP3,,コンプリートキット,ネジ式車高・全長調整モデル,DFV,,257123,,258412,OHLINS-qq-e-h-117k,OHLINS-qq-e-d-h-117k,OHLINS,230|60,200|70,±15|±15,40/40,,基準ダウン量は、メーカーでのテスト時に車高を計測したデータであり、あくまで目安となるものです(実際には車両個体差等により変化する場合がございます),348000,66,0,262100
ホンダ,ステップワゴン,RP3,,スプリングレスキット,ネジ式車高・全長調整モデル,DFV,,241035,,258359,OHLINS-qq-e-h-44,OHLINS-qq-e-d-h-44,OHLINS,230|60,200|70,±15|±15,40/40,,バネの付属はございません<br>基準ダウン量は、メーカーでのテスト時に車高を計測したデータであり、あくまで目安となるものです(実際には車両個体差等により変化する場合がございます),326000,66,0,246500
ホンダ,フィット,GD1/GD3,,コンプリートキット,ネジ式車高調整モデル,DFV,リア車高調整不可,137928,,258235,OHLINS-qq-e-h-6,OHLINS-qq-e-d-h-6,OHLINS,200|50,265|70,,35/30,,基準ダウン量は、メーカーでのテスト時に車高を計測したデータであり、あくまで目安となるものです(実際には車両個体差等により変化する場合がございます),185000,66,0,146400
マツダ,RX-7,FD3S,,コンプリートキット,ネジ式車高・全長調整モデル,DFV,,220560,,258294,OHLINS-qq-e-h-26,OHLINS-qq-e-d-h-26,OHLINS,200|110,180|110,±15|±15,25/20,,基準ダウン量は、メーカーでのテスト時に車高を計測したデータであり、あくまで目安となるものです(実際には車両個体差等により変化する場合がございます),298000,66,0,226600
マツダ,RX-7,FD3S,,スプリングレスキット,ネジ式車高・全長調整モデル,DFV,,202279,,258262,OHLINS-qq-e-h-24k,OHLINS-qq-e-d-h-24k,OHLINS,200|110,180|110,±15|±15,25/20,,バネの付属はございません<br>基準ダウン量は、メーカーでのテスト時に車高を計測したデータであり、あくまで目安となるものです(実際には車両個体差等により変化する場合がございます),273000,66,0,208900
マツダ,RX-8,SE3P,,コンプリートキット,ネジ式車高・全長調整モデル,DFV,,213248,,258284,OHLINS-qq-e-h-27,OHLINS-qq-e-d-h-27,OHLINS,200|80,200|50,±15|±15,35/35,,基準ダウン量は、メーカーでのテスト時に車高を計測したデータであり、あくまで目安となるものです(実際には車両個体差等により変化する場合がございます),288000,66,0,219500
マツダ,RX-8,SE3P,,スプリングレスキット,ネジ式車高・全長調整モデル,DFV,,194967,,258252,OHLINS-qq-e-h-25k,OHLINS-qq-e-d-h-25k,OHLINS,200|80,200|50,±15|±15,35/35,,バネの付属はございません<br>基準ダウン量は、メーカーでのテスト時に車高を計測したデータであり、あくまで目安となるものです(実際には車両個体差等により変化する場合がございます),263000,66,0,201800
マツダ,ロードスター,NA/NB,,コンプリートキット,ネジ式車高・全長調整モデル,DFV,,198623,,258258,OHLINS-qq-e-h-23,OHLINS-qq-e-d-h-23,OHLINS,200|80,180|60,+7/-15|+15/-9,20/20,,基準ダウン量は、メーカーでのテスト時に車高を計測したデータであり、あくまで目安となるものです(実際には車両個体差等により変化する場合がございます),268000,66,0,205300
マツダ,ロードスター,NA/NB,,コンプリートキット,ネジ式車高調整モデル,PCV,,162060,,258240,OHLINS-qq-e-h-22,OHLINS-qq-e-d-h-22,OHLINS,200|80,200|60,,30/40,,基準ダウン量は、メーカーでのテスト時に車高を計測したデータであり、あくまで目安となるものです(実際には車両個体差等により変化する場合がございます),218000,66,0,169800
マツダ,ロードスター,NA/NB,,スプリングレスキット,ネジ式車高・全長調整モデル,DFV,,185460,,258247,OHLINS-qq-e-h-21k,OHLINS-qq-e-d-h-21k,OHLINS,200|80,180|60,+7/-15|+15/-9,20/20,,バネの付属はございません<br>基準ダウン量は、メーカーでのテスト時に車高を計測したデータであり、あくまで目安となるものです(実際には車両個体差等により変化する場合がございます),250000,66,0,192500
マツダ,ロードスター,NA/NB,,スプリングレスキット,ネジ式車高調整モデル,PCV,,143778,,258238,OHLINS-qq-e-h-20k,OHLINS-qq-e-d-h-20k,OHLINS,200|80,200|60,,30/40,,バネの付属はございません<br>基準ダウン量は、メーカーでのテスト時に車高を計測したデータであり、あくまで目安となるものです(実際には車両個体差等により変化する場合がございます),193000,66,0,152100
マツダ,ロードスター,NCEC,,コンプリートキット,ネジ式車高・全長調整モデル,DFV,,205936,,258272,OHLINS-qq-e-h-24,OHLINS-qq-e-d-h-24,OHLINS,200|70,200|40,±15|+10/-15,35/35,,基準ダウン量は、メーカーでのテスト時に車高を計測したデータであり、あくまで目安となるものです(実際には車両個体差等により変化する場合がございます),278000,66,0,212400
マツダ,ロードスター,NCEC,,スプリングレスキット,ネジ式車高・全長調整モデル,DFV,,187654,,258248,OHLINS-qq-e-h-22k,OHLINS-qq-e-d-h-22k,OHLINS,200|70,200|40,±15|+10/-15,35/35,,バネの付属はございません<br>基準ダウン量は、メーカーでのテスト時に車高を計測したデータであり、あくまで目安となるものです(実際には車両個体差等により変化する場合がございます),253000,66,0,194700
マツダ,ロードスター,ND5,,コンプリートキット,ネジ式車高・全長調整モデル,DFV,純正タワーバー装着車はタワーバーの変更(交換)もしくは加工が必要,205936,,258268,OHLINS-qq-e-h-141k,OHLINS-qq-e-d-h-141k,OHLINS,200|90,200|40,±15|±15,30/30,,基準ダウン量は、メーカーでのテスト時に車高を計測したデータであり、あくまで目安となるものです(実際には車両個体差等により変化する場合がございます),278000,66,0,212400
マツダ,ロードスター,ND5,,スプリングレスキット,ネジ式車高・全長調整モデル,DFV,純正タワーバー装着車はタワーバーの変更(交換)もしくは加工が必要,187654,,258249,OHLINS-qq-e-h-23k,OHLINS-qq-e-d-h-23k,OHLINS,200|90,200|40,±15|±15,30/30,,バネの付属はございません<br>基準ダウン量は、メーカーでのテスト時に車高を計測したデータであり、あくまで目安となるものです(実際には車両個体差等により変化する場合がございます),253000,66,0,194700
三菱,アウトランダーPHEV,GG2W,後期(2015/07～)モデルのみ適合,コンプリートキット,ネジ式車高・全長調整モデル,DFV,ノーマルマウント仕様,249811,,258387,OHLINS-qq-e-h-150k,OHLINS-qq-e-d-h-150k,OHLINS,230|60,230|60,±15|±15,20/20,,基準ダウン量は、メーカーでのテスト時に車高を計測したデータであり、あくまで目安となるものです(実際には車両個体差等により変化する場合がございます),338000,66,0,255000
三菱,アウトランダーPHEV,GG2W,後期(2015/07～)モデルのみ適合,スプリングレスキット,ネジ式車高・全長調整モデル,DFV,ノーマルマウント仕様,233724,,258329,OHLINS-qq-e-h-32k,OHLINS-qq-e-d-h-32k,OHLINS,230|60,230|60,±15|±15,20/20,,バネの付属はございません<br>基準ダウン量は、メーカーでのテスト時に車高を計測したデータであり、あくまで目安となるものです(実際には車両個体差等により変化する場合がございます),316000,66,0,239400
三菱,デリカD：5,CV5W,,コンプリートキット,ネジ式車高・全長調整モデル,DFV,ノーマルマウント仕様<br>車高アップのみ,264436,,258440,OHLINS-qq-e-h-151k,OHLINS-qq-e-d-h-151k,OHLINS,250|60,250|80,0/+10|0/+15,0/0,,基準ダウン量は、メーカーでのテスト時に車高を計測したデータであり、あくまで目安となるものです(実際には車両個体差等により変化する場合がございます),358000,66,0,269200
三菱,デリカD：5,CV5W,,スプリングレスキット,ネジ式車高・全長調整モデル,DFV,ノーマルマウント仕様<br>車高アップのみ,249811,,258392,OHLINS-qq-e-h-33k,OHLINS-qq-e-d-h-33k,OHLINS,250|60,250|80,0/+10|0/+15,0/0,,バネの付属はございません<br>基準ダウン量は、メーカーでのテスト時に車高を計測したデータであり、あくまで目安となるものです(実際には車両個体差等により変化する場合がございます),338000,66,0,255000
三菱,ランサーエボリューションV/VI,CP9A,,コンプリートキット,ネジ式車高・全長調整モデル,DFV,ピロボール仕様,242499,,258367,OHLINS-qq-e-h-145k,OHLINS-qq-e-d-h-145k,OHLINS,200|100,200|80,±15|±15,40/30,,基準ダウン量は、メーカーでのテスト時に車高を計測したデータであり、あくまで目安となるものです(実際には車両個体差等により変化する場合がございます),328000,66,0,247900
三菱,ランサーエボリューションV/VI,CP9A,,コンプリートキット,ネジ式車高・全長調整モデル,DFV,ラバーブッシュ仕様<br>フロントはピロボールマウント,242499,,258366,OHLINS-qq-e-h-144k,OHLINS-qq-e-d-h-144k,OHLINS,200|100,200|80,±15|±15,40/30,,基準ダウン量は、メーカーでのテスト時に車高を計測したデータであり、あくまで目安となるものです(実際には車両個体差等により変化する場合がございます),328000,66,0,247900
三菱,ランサーエボリューションV/VI,CP9A,,スプリングレスキット,ネジ式車高・全長調整モデル,DFV,ピロボール仕様,227873,,258314,OHLINS-qq-e-h-27k,OHLINS-qq-e-d-h-27k,OHLINS,200|100,200|80,±15|±15,40/30,,バネの付属はございません<br>基準ダウン量は、メーカーでのテスト時に車高を計測したデータであり、あくまで目安となるものです(実際には車両個体差等により変化する場合がございます),308000,66,0,233700
三菱,ランサーエボリューションV/VI,CP9A,,スプリングレスキット,ネジ式車高・全長調整モデル,DFV,ラバーブッシュ仕様<br>フロントはピロボールマウント,227873,,258313,OHLINS-qq-e-h-26k,OHLINS-qq-e-d-h-26k,OHLINS,200|100,200|80,±15|±15,40/30,,バネの付属はございません<br>基準ダウン量は、メーカーでのテスト時に車高を計測したデータであり、あくまで目安となるものです(実際には車両個体差等により変化する場合がございます),308000,66,0,233700
三菱,ランサーエボリューションVII/VIII/IX,CT9A,,コンプリートキット,ネジ式車高・全長調整モデル,DFV,ピロボール仕様,235186,,258344,OHLINS-qq-e-h-29,OHLINS-qq-e-d-h-29,OHLINS,200|100,200|80,±15|±15,35/30,,画像はピロボールアッパーマウント装着時のもの<br>基準ダウン量は、メーカーでのテスト時に車高を計測したデータであり、あくまで目安となるものです(実際には車両個体差等により変化する場合がございます),318000,66,0,240800
三菱,ランサーエボリューションVII/VIII/IX,CT9A,,コンプリートキット,ネジ式車高・全長調整モデル,DFV,ラバーブッシュ仕様<br>フロントはピロボールマウント,235186,,258343,OHLINS-qq-e-h-28,OHLINS-qq-e-d-h-28,OHLINS,200|100,200|80,±15|±15,35/30,,画像はピロボールアッパーマウント装着時のもの<br>基準ダウン量は、メーカーでのテスト時に車高を計測したデータであり、あくまで目安となるものです(実際には車両個体差等により変化する場合がございます),318000,66,0,240800
三菱,ランサーエボリューションVII/VIII/IX,CT9A,,スプリングレスキット,ネジ式車高・全長調整モデル,DFV,ピロボール仕様,216904,,258289,OHLINS-qq-e-h-29k,OHLINS-qq-e-d-h-29k,OHLINS,200|100,200|80,±15|±15,35/30,,画像はピロボールアッパーマウント装着時のもの<br>バネの付属はございません<br>基準ダウン量は、メーカーでのテスト時に車高を計測したデータであり、あくまで目安となるものです(実際には車両個体差等により変化する場合がございます),293000,66,0,223100
三菱,ランサーエボリューションVII/VIII/IX,CT9A,,スプリングレスキット,ネジ式車高・全長調整モデル,DFV,ラバーブッシュ仕様<br>フロントはピロボールマウント,216904,,258288,OHLINS-qq-e-h-28k,OHLINS-qq-e-d-h-28k,OHLINS,200|100,200|80,±15|±15,35/30,,画像はピロボールアッパーマウント装着時のもの<br>バネの付属はございません<br>基準ダウン量は、メーカーでのテスト時に車高を計測したデータであり、あくまで目安となるものです(実際には車両個体差等により変化する場合がございます),293000,66,0,223100
三菱,ランサーエボリューションX,CZ4A,,コンプリートキット,ネジ式車高・全長調整モデル,DFV,ピロボールマウント仕様,249811,,258391,OHLINS-qq-e-h-31,OHLINS-qq-e-d-h-31,OHLINS,200|100,200|70,±15|+12/-15,25/25,,画像はピロボールアッパーマウント装着時のもの<br>基準ダウン量は、メーカーでのテスト時に車高を計測したデータであり、あくまで目安となるものです(実際には車両個体差等により変化する場合がございます),338000,66,0,255000
三菱,ランサーエボリューションX,CZ4A,,コンプリートキット,ネジ式車高・全長調整モデル,DFV,ラバーブッシュマウント仕様<br>フロントはピロボールマウント,249811,,258403,OHLINS-qq-e-h-30,OHLINS-qq-e-d-h-30,OHLINS,200|100,200|70,±15|+8/-15,25/25,,画像はピロボールアッパーマウント装着時のもの<br>基準ダウン量は、メーカーでのテスト時に車高を計測したデータであり、あくまで目安となるものです(実際には車両個体差等により変化する場合がございます),338000,66,0,255000
三菱,ランサーエボリューションX,CZ4A,,スプリングレスキット,ネジ式車高・全長調整モデル,DFV,ピロボールマウント仕様,231529,,258326,OHLINS-qq-e-h-31k,OHLINS-qq-e-d-h-31k,OHLINS,200|100,200|70,±15|+12/-15,25/25,,画像はピロボールアッパーマウント装着時のもの<br>バネの付属はございません<br>基準ダウン量は、メーカーでのテスト時に車高を計測したデータであり、あくまで目安となるものです(実際には車両個体差等により変化する場合がございます),313000,66,0,237300
三菱,ランサーエボリューションX,CZ4A,,スプリングレスキット,ネジ式車高・全長調整モデル,DFV,ラバーブッシュマウント仕様<br>フロントはピロボールマウント,231529,,258325,OHLINS-qq-e-h-30k,OHLINS-qq-e-d-h-30k,OHLINS,200|100,200|70,±15|+8/-15,25/25,,画像はピロボールアッパーマウント装着時のもの<br>バネの付属はございません<br>基準ダウン量は、メーカーでのテスト時に車高を計測したデータであり、あくまで目安となるものです(実際には車両個体差等により変化する場合がございます),313000,66,0,237300
レクサス,GS F,URL10,,コンプリートキット,ネジ式車高・全長調整モデル,DFV,,257123,,258418,OHLINS-qq-e-h-20,OHLINS-qq-e-d-h-20,OHLINS,200|160,200|130,±15|±15,25/20,,基準ダウン量は、メーカーでのテスト時に車高を計測したデータであり、あくまで目安となるものです(実際には車両個体差等により変化する場合がございます),348000,66,0,262100
レクサス,GS F,URL10,,スプリングレスキット,ネジ式車高・全長調整モデル,DFV,,242499,,258371,OHLINS-qq-e-h-17k,OHLINS-qq-e-d-h-17k,OHLINS,200|160,200|130,±15|±15,25/20,,バネの付属はございません<br>基準ダウン量は、メーカーでのテスト時に車高を計測したデータであり、あくまで目安となるものです(実際には車両個体差等により変化する場合がございます),328000,66,0,247900
レクサス,GS350,GRL10,,コンプリートキット,ネジ式車高・全長調整モデル,DFV,,257123,,258413,OHLINS-qq-e-h-15,OHLINS-qq-e-d-h-15,OHLINS,200|140,200|110,+5/-30|+5/-30,15/15,,基準ダウン量は、メーカーでのテスト時に車高を計測したデータであり、あくまで目安となるものです(実際には車両個体差等により変化する場合がございます),348000,66,0,262100
レクサス,GS350,GRL10,,スプリングレスキット,ネジ式車高・全長調整モデル,DFV,,242499,,258365,OHLINS-qq-e-h-12k,OHLINS-qq-e-d-h-12k,OHLINS,200|140,200|110,+5/-30|+5/-30,15/15,,バネの付属はございません<br>基準ダウン量は、メーカーでのテスト時に車高を計測したデータであり、あくまで目安となるものです(実際には車両個体差等により変化する場合がございます),328000,66,0,247900
レクサス,IS F,USE20,,コンプリートキット,ネジ式車高・全長調整モデル,DFV,,249811,,258388,OHLINS-qq-e-h-21,OHLINS-qq-e-d-h-21,OHLINS,200|140,250|100,±15|±15,10/10,,基準ダウン量は、メーカーでのテスト時に車高を計測したデータであり、あくまで目安となるものです(実際には車両個体差等により変化する場合がございます),338000,66,0,255000
レクサス,IS F,USE20,,スプリングレスキット,ネジ式車高・全長調整モデル,DFV,,231529,,258324,OHLINS-qq-e-h-18k,OHLINS-qq-e-d-h-18k,OHLINS,200|140,250|100,±15|±15,10/10,,バネの付属はございません<br>基準ダウン量は、メーカーでのテスト時に車高を計測したデータであり、あくまで目安となるものです(実際には車両個体差等により変化する場合がございます),313000,66,0,237300
レクサス,IS350,GSE21,,コンプリートキット,ネジ式車高・全長調整モデル,DFV,,249811,,258400,OHLINS-qq-e-h-16,OHLINS-qq-e-d-h-16,OHLINS,200|120,250|100,±15|±15,30/30,,基準ダウン量は、メーカーでのテスト時に車高を計測したデータであり、あくまで目安となるものです(実際には車両個体差等により変化する場合がございます),338000,66,0,255000
レクサス,IS350,GSE21,,スプリングレスキット,ネジ式車高・全長調整モデル,DFV,,231529,,258323,OHLINS-qq-e-h-13k,OHLINS-qq-e-d-h-13k,OHLINS,200|120,250|100,±15|±15,30/30,,バネの付属はございません<br>基準ダウン量は、メーカーでのテスト時に車高を計測したデータであり、あくまで目安となるものです(実際には車両個体差等により変化する場合がございます),313000,66,0,237300
レクサス,IS350,GSE31,,コンプリートキット,ネジ式車高・全長調整モデル,DFV,,257123,,258421,OHLINS-qq-e-h-17,OHLINS-qq-e-d-h-17,OHLINS,200|140,200|110,±15|±15,20/20,,基準ダウン量は、メーカーでのテスト時に車高を計測したデータであり、あくまで目安となるものです(実際には車両個体差等により変化する場合がございます),348000,66,0,262100
レクサス,IS350,GSE31,,スプリングレスキット,ネジ式車高・全長調整モデル,DFV,,242499,,258368,OHLINS-qq-e-h-14k,OHLINS-qq-e-d-h-14k,OHLINS,200|140,200|110,±15|±15,20/20,,バネの付属はございません<br>基準ダウン量は、メーカーでのテスト時に車高を計測したデータであり、あくまで目安となるものです(実際には車両個体差等により変化する場合がございます),328000,66,0,247900
レクサス,NX300h,AYZ10,,コンプリートキット,ネジ式車高・全長調整モデル,DFV,,264436,,258439,OHLINS-qq-e-h-137k,OHLINS-qq-e-d-h-137k,OHLINS,230|80,180|90,±15|±15,30/30,,基準ダウン量は、メーカーでのテスト時に車高を計測したデータであり、あくまで目安となるものです(実際には車両個体差等により変化する場合がございます),358000,66,0,269200
レクサス,NX300h,AYZ10,,スプリングレスキット,ネジ式車高・全長調整モデル,DFV,,248348,,258384,OHLINS-qq-e-h-19k,OHLINS-qq-e-d-h-19k,OHLINS,230|80,180|90,±15|±15,30/30,,バネの付属はございません<br>基準ダウン量は、メーカーでのテスト時に車高を計測したデータであり、あくまで目安となるものです(実際には車両個体差等により変化する場合がございます),336000,66,0,253600
レクサス,RC F,USC10,,コンプリートキット,ネジ式車高・全長調整モデル,DFV,,257123,,258417,OHLINS-qq-e-h-19,OHLINS-qq-e-d-h-19,OHLINS,200|160,200|130,±15|±15,25/20,,基準ダウン量は、メーカーでのテスト時に車高を計測したデータであり、あくまで目安となるものです(実際には車両個体差等により変化する場合がございます),348000,66,0,262100
レクサス,RC F,USC10,,スプリングレスキット,ネジ式車高・全長調整モデル,DFV,,242499,,258370,OHLINS-qq-e-h-16k,OHLINS-qq-e-d-h-16k,OHLINS,200|160,200|130,±15|±15,25/20,,バネの付属はございません<br>基準ダウン量は、メーカーでのテスト時に車高を計測したデータであり、あくまで目安となるものです(実際には車両個体差等により変化する場合がございます),328000,66,0,247900
レクサス,RC350,GSC10,,コンプリートキット,ネジ式車高・全長調整モデル,DFV,,257123,,258416,OHLINS-qq-e-h-18,OHLINS-qq-e-d-h-18,OHLINS,200|160,200|130,±15|±15,25/20,,基準ダウン量は、メーカーでのテスト時に車高を計測したデータであり、あくまで目安となるものです(実際には車両個体差等により変化する場合がございます),348000,66,0,262100
レクサス,RC350,GSC10,,スプリングレスキット,ネジ式車高・全長調整モデル,DFV,,242499,,258376,OHLINS-qq-e-h-15k,OHLINS-qq-e-d-h-15k,OHLINS,200|160,200|130,±15|±15,25/20,,バネの付属はございません<br>基準ダウン量は、メーカーでのテスト時に車高を計測したデータであり、あくまで目安となるものです(実際には車両個体差等により変化する場合がございます),328000,66,0,247900
