自動車メーカー,車種,型式,年式,適合詳細,スプリング,販売価格,Camp価格,商品ID,物販コード,取付コード,メーカー品番,メーカー名,商品名,セット内容,備考,注意事項,定価,SET価格,,取付特記事項
ダイハツ,コペン,L880K,02/06～03/08,エンジン形式:JBDET<br>外観形式:アクティブトップ(電動)<br>駆動:FF<br>その他:ディタッチャブルトップ(手動)は適合未確認,,68458,,74590,KYB-qq-e-i-2977,KYB-qq-e-d-i-2977,フロント:SST5278R/SST5278L 各1本<br>リア:SSB1058 2本,KYB,SS For Street,1台分,,特殊品(例:TEMS・Adjustable・アクティブダンパー・セルフレベライザー・車高降下など)は、注釈がない場合は非装着品となります。<br>カートリッジは、非分解式ストラットには装着不可となります。年式内でもストラットの形状をご確認下さい。<br>自動ブレーキおよび車線逸脱警報等の衝突安全装置の作動について一切の保障は致しかねます。,99000,79400,,
トヨタ,MR2,AW10,86/08～87/08,グレード:S<br>エンジン種別:CBR<br>エンジン形式:3ALU<br>外観形式:クーペ,,60613,,71045,KYB-qq-e-i-4738,KYB-qq-e-d-i-4738,フロント:SSP2060 2本<br>リア:SSP4074 2本,KYB,SS For Street,1台分,,特殊品(例:TEMS・Adjustable・アクティブダンパー・セルフレベライザー・車高降下など)は、注釈がない場合は非装着品となります。<br>カートリッジは、非分解式ストラットには装着不可となります。年式内でもストラットの形状をご確認下さい。<br>自動ブレーキおよび車線逸脱警報等の衝突安全装置の作動について一切の保障は致しかねます。,87200,71700,,
トヨタ,MR2,AW11,86/08～89/12,"グレード:G<br>エンジン種別:スーパーチャージャー,ツインカム<br>エンジン形式:4AGZE,4AGELU<br>外観形式:クーペ,Tバールーフ",,60613,,72595,KYB-qq-e-i-4739,KYB-qq-e-d-i-4739,フロント:SSP2060 2本<br>リア:SSP4074 2本,KYB,SS For Street,1台分,,特殊品(例:TEMS・Adjustable・アクティブダンパー・セルフレベライザー・車高降下など)は、注釈がない場合は非装着品となります。<br>カートリッジは、非分解式ストラットには装着不可となります。年式内でもストラットの形状をご確認下さい。<br>自動ブレーキおよび車線逸脱警報等の衝突安全装置の作動について一切の保障は致しかねます。,87200,71700,,
トヨタ,MR2,SW20,91/12～93/11,"グレード:GT<br>エンジン形式:3SGTE<br>外観形式:クーペ,ティバールーフ<br>その他:ビルシュタイン",,89332,,73202,KYB-qq-e-i-2657,KYB-qq-e-d-i-2657,フロント:SST5101R/SST5101L 各1本<br>リア:SST5102R/SST5102L 各1本,KYB,SS For Street,1台分,,特殊品(例:TEMS・Adjustable・アクティブダンパー・セルフレベライザー・車高降下など)は、注釈がない場合は非装着品となります。<br>カートリッジは、非分解式ストラットには装着不可となります。年式内でもストラットの形状をご確認下さい。<br>自動ブレーキおよび車線逸脱警報等の衝突安全装置の作動について一切の保障は致しかねます。,130400,99800,,
トヨタ,アルファード,ANH10W,02/05～,グレード:AX<br>エンジン形式:2AZFE(2.4リットル)<br>駆動:FF,,68458,,74742,KYB-qq-e-i-2660,KYB-qq-e-d-i-2660,フロント:SST5214R/SST5214L 各1本<br>リア:SSB2059Z 2本,KYB,SS For Street,1台分,,特殊品(例:TEMS・Adjustable・アクティブダンパー・セルフレベライザー・車高降下など)は、注釈がない場合は非装着品となります。<br>カートリッジは、非分解式ストラットには装着不可となります。年式内でもストラットの形状をご確認下さい。<br>自動ブレーキおよび車線逸脱警報等の衝突安全装置の作動について一切の保障は致しかねます。,99000,79400,,
トヨタ,アルファード,ANH15W,02/05～,グレード:AX<br>エンジン形式:2AZFE(2.4リットル)<br>駆動:4WD,,68458,,71426,KYB-qq-e-i-2663,KYB-qq-e-d-i-2663,フロント:SST5214R/SST5214L 各1本<br>リア:SSB2059Z 2本,KYB,SS For Street,1台分,,特殊品(例:TEMS・Adjustable・アクティブダンパー・セルフレベライザー・車高降下など)は、注釈がない場合は非装着品となります。<br>カートリッジは、非分解式ストラットには装着不可となります。年式内でもストラットの形状をご確認下さい。<br>自動ブレーキおよび車線逸脱警報等の衝突安全装置の作動について一切の保障は致しかねます。,99000,79400,,
トヨタ,アルファード,MNH10W,02/05～,グレード:MX<br>エンジン形式:1MZFE(3.0リットル)<br>駆動:FF,,68458,,74223,KYB-qq-e-i-2662,KYB-qq-e-d-i-2662,フロント:SST5214R/SST5214L 各1本<br>リア:SSB2059Z 2本,KYB,SS For Street,1台分,,特殊品(例:TEMS・Adjustable・アクティブダンパー・セルフレベライザー・車高降下など)は、注釈がない場合は非装着品となります。<br>カートリッジは、非分解式ストラットには装着不可となります。年式内でもストラットの形状をご確認下さい。<br>自動ブレーキおよび車線逸脱警報等の衝突安全装置の作動について一切の保障は致しかねます。,99000,79400,,
トヨタ,アルファード,MNH10W,02/05～,グレード:MZ<br>エンジン形式:1MZFE<br>駆動:FF<br>その他:除くTEMS装着車,,68458,,70924,KYB-qq-e-i-2661,KYB-qq-e-d-i-2661,フロント:SST5214R/SST5214L 各1本<br>リア:SSB2059Z 2本,KYB,SS For Street,1台分,,特殊品(例:TEMS・Adjustable・アクティブダンパー・セルフレベライザー・車高降下など)は、注釈がない場合は非装着品となります。<br>カートリッジは、非分解式ストラットには装着不可となります。年式内でもストラットの形状をご確認下さい。<br>自動ブレーキおよび車線逸脱警報等の衝突安全装置の作動について一切の保障は致しかねます。,99000,79400,,
トヨタ,アルファード,MNH15W,02/05～,グレード:MX<br>エンジン形式:1MZFE(3.0リットル)<br>駆動:4WD,,68458,,71427,KYB-qq-e-i-2664,KYB-qq-e-d-i-2664,フロント:SST5214R/SST5214L 各1本<br>リア:SSB2059Z 2本,KYB,SS For Street,1台分,,特殊品(例:TEMS・Adjustable・アクティブダンパー・セルフレベライザー・車高降下など)は、注釈がない場合は非装着品となります。<br>カートリッジは、非分解式ストラットには装着不可となります。年式内でもストラットの形状をご確認下さい。<br>自動ブレーキおよび車線逸脱警報等の衝突安全装置の作動について一切の保障は致しかねます。,99000,79400,,
トヨタ,アルファード,MNH15W,02/05～,グレード:MZ<br>エンジン形式:1MZFE(3.0リットル)<br>駆動:4WD<br>その他:除くTEMS装着車,,68458,,72717,KYB-qq-e-i-2665,KYB-qq-e-d-i-2665,フロント:SST5214R/SST5214L 各1本<br>リア:SSB2059Z 2本,KYB,SS For Street,1台分,,特殊品(例:TEMS・Adjustable・アクティブダンパー・セルフレベライザー・車高降下など)は、注釈がない場合は非装着品となります。<br>カートリッジは、非分解式ストラットには装着不可となります。年式内でもストラットの形状をご確認下さい。<br>自動ブレーキおよび車線逸脱警報等の衝突安全装置の作動について一切の保障は致しかねます。,99000,79400,,
トヨタ,アルファードハイブリッド,ATH10W,03/07～,エンジン形式:2AZFXE<br>駆動:4WD,,68458,,70925,KYB-qq-e-i-2666,KYB-qq-e-d-i-2666,フロント:SST5214R/SST5214L 各1本<br>リア:SSB2059Z 2本,KYB,SS For Street,1台分,,特殊品(例:TEMS・Adjustable・アクティブダンパー・セルフレベライザー・車高降下など)は、注釈がない場合は非装着品となります。<br>カートリッジは、非分解式ストラットには装着不可となります。年式内でもストラットの形状をご確認下さい。<br>自動ブレーキおよび車線逸脱警報等の衝突安全装置の作動について一切の保障は致しかねます。,99000,79400,,
トヨタ,カリーナ,AA63,83/05～85/07,グレード:GT<br>エンジン形式:4AGEU<br>外観形式:クーペ<br>乗員数:5,,54099,,72718,KYB-qq-e-i-2670,KYB-qq-e-d-i-2670,フロント:SSC4040 2本<br>リア:SSB1788 2本,KYB,SS For Street,1台分,,特殊品(例:TEMS・Adjustable・アクティブダンパー・セルフレベライザー・車高降下など)は、注釈がない場合は非装着品となります。<br>カートリッジは、非分解式ストラットには装着不可となります。年式内でもストラットの形状をご確認下さい。<br>自動ブレーキおよび車線逸脱警報等の衝突安全装置の作動について一切の保障は致しかねます。,77400,65400,,
トヨタ,カリーナ,RA63,81/09～83/05,グレード:GT<br>エンジン形式:18RGEU<br>外観形式:クーペ<br>乗員数:5,,54099,,70926,KYB-qq-e-i-2671,KYB-qq-e-d-i-2671,フロント:SSC4040 2本<br>リア:SSB1788 2本,KYB,SS For Street,1台分,,特殊品(例:TEMS・Adjustable・アクティブダンパー・セルフレベライザー・車高降下など)は、注釈がない場合は非装着品となります。<br>カートリッジは、非分解式ストラットには装着不可となります。年式内でもストラットの形状をご確認下さい。<br>自動ブレーキおよび車線逸脱警報等の衝突安全装置の作動について一切の保障は致しかねます。,77400,65400,,
トヨタ,カリーナ,TA61,81/09～83/05,グレード:GT<br>エンジン形式:2TGEU<br>外観形式:クーペ<br>乗員数:5,,54099,,73706,KYB-qq-e-i-2669,KYB-qq-e-d-i-2669,フロント:SSC4040 2本<br>リア:SSB1788 2本,KYB,SS For Street,1台分,,特殊品(例:TEMS・Adjustable・アクティブダンパー・セルフレベライザー・車高降下など)は、注釈がない場合は非装着品となります。<br>カートリッジは、非分解式ストラットには装着不可となります。年式内でもストラットの形状をご確認下さい。<br>自動ブレーキおよび車線逸脱警報等の衝突安全装置の作動について一切の保障は致しかねます。,77400,65400,,
トヨタ,カリーナ,TA63,82/10～85/07,グレード:GTターボ<br>エンジン形式:3TGTEU<br>外観形式:クーペ<br>乗員数:5,,54099,,70927,KYB-qq-e-i-2672,KYB-qq-e-d-i-2672,フロント:SSC4040 2本<br>リア:SSB1788 2本,KYB,SS For Street,1台分,,特殊品(例:TEMS・Adjustable・アクティブダンパー・セルフレベライザー・車高降下など)は、注釈がない場合は非装着品となります。<br>カートリッジは、非分解式ストラットには装着不可となります。年式内でもストラットの形状をご確認下さい。<br>自動ブレーキおよび車線逸脱警報等の衝突安全装置の作動について一切の保障は致しかねます。,77400,65400,,
トヨタ,カリーナ,TA63,83/05～83/08,"グレード:SE,ST<br>エンジン形式:3TEU<br>外観形式:クーペ<br>乗員数:5",,54099,,74743,KYB-qq-e-i-2673,KYB-qq-e-d-i-2673,フロント:SSC4040 2本<br>リア:SSB1788 2本,KYB,SS For Street,1台分,,特殊品(例:TEMS・Adjustable・アクティブダンパー・セルフレベライザー・車高降下など)は、注釈がない場合は非装着品となります。<br>カートリッジは、非分解式ストラットには装着不可となります。年式内でもストラットの形状をご確認下さい。<br>自動ブレーキおよび車線逸脱警報等の衝突安全装置の作動について一切の保障は致しかねます。,77400,65400,,
トヨタ,グランドハイエース,KCH10W,99/07～,グレード:リミテッドタイプ<br>ドア数:5ドア<br>駆動:FR,,47584,,74224,KYB-qq-e-i-2693,KYB-qq-e-d-i-2693,フロント:SSB2027 2本<br>リア:SSB2033 2本,KYB,SS For Street,1台分,,特殊品(例:TEMS・Adjustable・アクティブダンパー・セルフレベライザー・車高降下など)は、注釈がない場合は非装着品となります。<br>カートリッジは、非分解式ストラットには装着不可となります。年式内でもストラットの形状をご確認下さい。<br>自動ブレーキおよび車線逸脱警報等の衝突安全装置の作動について一切の保障は致しかねます。,67600,59000,,
トヨタ,グランドハイエース,KCH16W,99/07～,グレード:リミテッドタイプ<br>ドア数:5ドア<br>駆動:4WD,,47584,,70930,KYB-qq-e-i-2700,KYB-qq-e-d-i-2700,フロント:SSB2029 2本<br>リア:SSB2035 2本,KYB,SS For Street,1台分,,特殊品(例:TEMS・Adjustable・アクティブダンパー・セルフレベライザー・車高降下など)は、注釈がない場合は非装着品となります。<br>カートリッジは、非分解式ストラットには装着不可となります。年式内でもストラットの形状をご確認下さい。<br>自動ブレーキおよび車線逸脱警報等の衝突安全装置の作動について一切の保障は致しかねます。,67600,59000,,
トヨタ,グランドハイエース,VCH10W,99/07～,グレード:リミテッドタイプ<br>ドア数:5ドア<br>駆動:FR,,47584,,72720,KYB-qq-e-i-2698,KYB-qq-e-d-i-2698,フロント:SSB2027 2本<br>リア:SSB2033 2本,KYB,SS For Street,1台分,,特殊品(例:TEMS・Adjustable・アクティブダンパー・セルフレベライザー・車高降下など)は、注釈がない場合は非装着品となります。<br>カートリッジは、非分解式ストラットには装着不可となります。年式内でもストラットの形状をご確認下さい。<br>自動ブレーキおよび車線逸脱警報等の衝突安全装置の作動について一切の保障は致しかねます。,67600,59000,,
トヨタ,グランドハイエース,VCH16W,99/07～,グレード:リミテッドタイプ<br>ドア数:5ドア<br>駆動:4WD,,47584,,72723,KYB-qq-e-i-2704,KYB-qq-e-d-i-2704,フロント:SSB2029 2本<br>リア:SSB2035 2本,KYB,SS For Street,1台分,,特殊品(例:TEMS・Adjustable・アクティブダンパー・セルフレベライザー・車高降下など)は、注釈がない場合は非装着品となります。<br>カートリッジは、非分解式ストラットには装着不可となります。年式内でもストラットの形状をご確認下さい。<br>自動ブレーキおよび車線逸脱警報等の衝突安全装置の作動について一切の保障は致しかねます。,67600,59000,,
トヨタ,グランビア,KCH10W,95/08～97/08,グレード:Q<br>ドア数:4ドア<br>駆動:FR,,47584,,74225,KYB-qq-e-i-2694,KYB-qq-e-d-i-2694,フロント:SSB2027 2本<br>リア:SSB2033 2本,KYB,SS For Street,1台分,,特殊品(例:TEMS・Adjustable・アクティブダンパー・セルフレベライザー・車高降下など)は、注釈がない場合は非装着品となります。<br>カートリッジは、非分解式ストラットには装着不可となります。年式内でもストラットの形状をご確認下さい。<br>自動ブレーキおよび車線逸脱警報等の衝突安全装置の作動について一切の保障は致しかねます。,67600,59000,,
トヨタ,グランビア,KCH16W,95/10～99/07,グレード:Q<br>ドア数:4ドア<br>駆動:4WD,,47584,,73204,KYB-qq-e-i-2701,KYB-qq-e-d-i-2701,フロント:SSB2029 2本<br>リア:SSB2035 2本,KYB,SS For Street,1台分,,特殊品(例:TEMS・Adjustable・アクティブダンパー・セルフレベライザー・車高降下など)は、注釈がない場合は非装着品となります。<br>カートリッジは、非分解式ストラットには装着不可となります。年式内でもストラットの形状をご確認下さい。<br>自動ブレーキおよび車線逸脱警報等の衝突安全装置の作動について一切の保障は致しかねます。,67600,59000,,
トヨタ,グランビア,RCH11W,95/08～99/07,"グレード:G,Q<br>ドア数:4ドア<br>駆動:FR",,47584,,72236,KYB-qq-e-i-2699,KYB-qq-e-d-i-2699,フロント:SSB2027 2本<br>リア:SSB2033 2本,KYB,SS For Street,1台分,,特殊品(例:TEMS・Adjustable・アクティブダンパー・セルフレベライザー・車高降下など)は、注釈がない場合は非装着品となります。<br>カートリッジは、非分解式ストラットには装着不可となります。年式内でもストラットの形状をご確認下さい。<br>自動ブレーキおよび車線逸脱警報等の衝突安全装置の作動について一切の保障は致しかねます。,67600,59000,,
トヨタ,グランビア,VCH10W,97/08～99/07,"グレード:Q<br>ドア数:4ドア,5ドア<br>駆動:FR",,47584,,74744,KYB-qq-e-i-2697,KYB-qq-e-d-i-2697,フロント:SSB2027 2本<br>リア:SSB2033 2本,KYB,SS For Street,1台分,,特殊品(例:TEMS・Adjustable・アクティブダンパー・セルフレベライザー・車高降下など)は、注釈がない場合は非装着品となります。<br>カートリッジは、非分解式ストラットには装着不可となります。年式内でもストラットの形状をご確認下さい。<br>自動ブレーキおよび車線逸脱警報等の衝突安全装置の作動について一切の保障は致しかねます。,67600,59000,,
トヨタ,グランビア,VCH16W,97/08～99/07,"グレード:Q<br>ドア数:4ドア,5ドア<br>駆動:4WD",,47584,,72722,KYB-qq-e-i-2703,KYB-qq-e-d-i-2703,フロント:SSB2029 2本<br>リア:SSB2035 2本,KYB,SS For Street,1台分,,特殊品(例:TEMS・Adjustable・アクティブダンパー・セルフレベライザー・車高降下など)は、注釈がない場合は非装着品となります。<br>カートリッジは、非分解式ストラットには装着不可となります。年式内でもストラットの形状をご確認下さい。<br>自動ブレーキおよび車線逸脱警報等の衝突安全装置の作動について一切の保障は致しかねます。,67600,59000,,
トヨタ,グランビア/グランドハイエース,KCH10W,95/08～,グレード:G<br>ドア数:4ドア<br>駆動:FR,,47584,,71428,KYB-qq-e-i-2695,KYB-qq-e-d-i-2695,フロント:SSB2027 2本<br>リア:SSB2033 2本,KYB,SS For Street,1台分,,特殊品(例:TEMS・Adjustable・アクティブダンパー・セルフレベライザー・車高降下など)は、注釈がない場合は非装着品となります。<br>カートリッジは、非分解式ストラットには装着不可となります。年式内でもストラットの形状をご確認下さい。<br>自動ブレーキおよび車線逸脱警報等の衝突安全装置の作動について一切の保障は致しかねます。,67600,59000,,
トヨタ,グランビア/グランドハイエース,KCH16W,95/10～,"グレード:G<br>ドア数:4ドア,5ドア<br>駆動:4WD",,47584,,72721,KYB-qq-e-i-2702,KYB-qq-e-d-i-2702,フロント:SSB2029 2本<br>リア:SSB2035 2本,KYB,SS For Street,1台分,,特殊品(例:TEMS・Adjustable・アクティブダンパー・セルフレベライザー・車高降下など)は、注釈がない場合は非装着品となります。<br>カートリッジは、非分解式ストラットには装着不可となります。年式内でもストラットの形状をご確認下さい。<br>自動ブレーキおよび車線逸脱警報等の衝突安全装置の作動について一切の保障は致しかねます。,67600,59000,,
トヨタ,グランビア/グランドハイエース,RCH41W,97/04～,"グレード:G<br>ドア数:4ドア,5ドア<br>駆動:FR",,47584,,73707,KYB-qq-e-i-2710,KYB-qq-e-d-i-2710,フロント:SSB2027 2本<br>リア:SSB2033 2本,KYB,SS For Street,1台分,,特殊品(例:TEMS・Adjustable・アクティブダンパー・セルフレベライザー・車高降下など)は、注釈がない場合は非装着品となります。<br>カートリッジは、非分解式ストラットには装着不可となります。年式内でもストラットの形状をご確認下さい。<br>自動ブレーキおよび車線逸脱警報等の衝突安全装置の作動について一切の保障は致しかねます。,67600,59000,,
トヨタ,グランビア/グランドハイエース,VCH10W,97/08～,"グレード:G<br>ドア数:4ドア,5ドア<br>駆動:FR",,47584,,72719,KYB-qq-e-i-2696,KYB-qq-e-d-i-2696,フロント:SSB2027 2本<br>リア:SSB2033 2本,KYB,SS For Street,1台分,,特殊品(例:TEMS・Adjustable・アクティブダンパー・セルフレベライザー・車高降下など)は、注釈がない場合は非装着品となります。<br>カートリッジは、非分解式ストラットには装着不可となります。年式内でもストラットの形状をご確認下さい。<br>自動ブレーキおよび車線逸脱警報等の衝突安全装置の作動について一切の保障は致しかねます。,67600,59000,,
トヨタ,グランビア/グランドハイエース,VCH16W,97/08～,"グレード:G<br>ドア数:4ドア,5ドア<br>駆動:4WD",,47584,,71429,KYB-qq-e-i-2705,KYB-qq-e-d-i-2705,フロント:SSB2029 2本<br>リア:SSB2035 2本,KYB,SS For Street,1台分,,特殊品(例:TEMS・Adjustable・アクティブダンパー・セルフレベライザー・車高降下など)は、注釈がない場合は非装着品となります。<br>カートリッジは、非分解式ストラットには装着不可となります。年式内でもストラットの形状をご確認下さい。<br>自動ブレーキおよび車線逸脱警報等の衝突安全装置の作動について一切の保障は致しかねます。,67600,59000,,
トヨタ,クレスタ,GX61,82/08～84/07,"グレード:SDX,SLU<br>外観形式:4ドアハードトップ",,54099,,72725,KYB-qq-e-i-2719,出さない,フロント:SSC4046 2本<br>リア:SSB1788 2本,KYB,SS For Street,1台分,,特殊品(例:TEMS・Adjustable・アクティブダンパー・セルフレベライザー・車高降下など)は、注釈がない場合は非装着品となります。<br>カートリッジは、非分解式ストラットには装着不可となります。年式内でもストラットの形状をご確認下さい。<br>自動ブレーキおよび車線逸脱警報等の衝突安全装置の作動について一切の保障は致しかねます。,77400,出さない,,
トヨタ,クレスタ,GX71,84/08～88/08,"グレード:SDX,SLU<br>外観形式:セダン",,54099,,72726,KYB-qq-e-i-2722,出さない,フロント:SSC4046 2本<br>リア:SSB1788 2本,KYB,SS For Street,1台分,,特殊品(例:TEMS・Adjustable・アクティブダンパー・セルフレベライザー・車高降下など)は、注釈がない場合は非装着品となります。<br>カートリッジは、非分解式ストラットには装着不可となります。年式内でもストラットの形状をご確認下さい。<br>自動ブレーキおよび車線逸脱警報等の衝突安全装置の作動について一切の保障は致しかねます。,77400,出さない,,
トヨタ,クレスタ,GX71,84/08～88/08,グレード:SLU<br>外観形式:セダン<br>その他:TEMS,,87737,,72239,KYB-qq-e-i-2723,出さない,フロント:SEP0010 2本<br>リア:SEF0010 2本,KYB,SS For Street,1台分,,特殊品(例:TEMS・Adjustable・アクティブダンパー・セルフレベライザー・車高降下など)は、注釈がない場合は非装着品となります。<br>カートリッジは、非分解式ストラットには装着不可となります。年式内でもストラットの形状をご確認下さい。<br>自動ブレーキおよび車線逸脱警報等の衝突安全装置の作動について一切の保障は致しかねます。,128000,出さない,,
トヨタ,クレスタ,GX71,85/10～88/08,グレード:GT<br>外観形式:セダン,,54099,,70932,KYB-qq-e-i-2721,出さない,フロント:SSC4046 2本<br>リア:SSB1788 2本,KYB,SS For Street,1台分,,特殊品(例:TEMS・Adjustable・アクティブダンパー・セルフレベライザー・車高降下など)は、注釈がない場合は非装着品となります。<br>カートリッジは、非分解式ストラットには装着不可となります。年式内でもストラットの形状をご確認下さい。<br>自動ブレーキおよび車線逸脱警報等の衝突安全装置の作動について一切の保障は致しかねます。,77400,出さない,,
トヨタ,クレスタ,GX81,88/08～90/08,グレード:SLTG<br>外観形式:セダン<br>その他:TEMS,,89067,,70933,KYB-qq-e-i-2728,KYB-qq-e-d-i-2728,フロント:SEP0040 2本<br>リア:SEA0050 2本,KYB,SS For Street,1台分,,特殊品(例:TEMS・Adjustable・アクティブダンパー・セルフレベライザー・車高降下など)は、注釈がない場合は非装着品となります。<br>カートリッジは、非分解式ストラットには装着不可となります。年式内でもストラットの形状をご確認下さい。<br>自動ブレーキおよび車線逸脱警報等の衝突安全装置の作動について一切の保障は致しかねます。,130000,109500,,
トヨタ,クレスタ,GX81,90/08～92/10,グレード:SLT<br>外観形式:セダン<br>その他:TEMS,,89067,,71432,KYB-qq-e-i-2727,KYB-qq-e-d-i-2727,フロント:SEP0040 2本<br>リア:SEA0050 2本,KYB,SS For Street,1台分,,特殊品(例:TEMS・Adjustable・アクティブダンパー・セルフレベライザー・車高降下など)は、注釈がない場合は非装着品となります。<br>カートリッジは、非分解式ストラットには装着不可となります。年式内でもストラットの形状をご確認下さい。<br>自動ブレーキおよび車線逸脱警報等の衝突安全装置の作動について一切の保障は致しかねます。,130000,109500,,
トヨタ,クレスタ,JZX81,90/08～92/10,"グレード:SLT,SLTG<br>外観形式:セダン<br>その他:TEMS",,89067,,71433,KYB-qq-e-i-2730,KYB-qq-e-d-i-2730,フロント:SEP0040 2本<br>リア:SEA0050 2本,KYB,SS For Street,1台分,,特殊品(例:TEMS・Adjustable・アクティブダンパー・セルフレベライザー・車高降下など)は、注釈がない場合は非装着品となります。<br>カートリッジは、非分解式ストラットには装着不可となります。年式内でもストラットの形状をご確認下さい。<br>自動ブレーキおよび車線逸脱警報等の衝突安全装置の作動について一切の保障は致しかねます。,130000,109500,,
トヨタ,クレスタ,MX61,82/08～84/07,"グレード:SLU,STR<br>外観形式:4ドアハードトップ",,54099,,74228,KYB-qq-e-i-2720,出さない,フロント:SSC4046 2本<br>リア:SSB1788 2本,KYB,SS For Street,1台分,,特殊品(例:TEMS・Adjustable・アクティブダンパー・セルフレベライザー・車高降下など)は、注釈がない場合は非装着品となります。<br>カートリッジは、非分解式ストラットには装着不可となります。年式内でもストラットの形状をご確認下さい。<br>自動ブレーキおよび車線逸脱警報等の衝突安全装置の作動について一切の保障は致しかねます。,77400,出さない,,
トヨタ,クレスタ,MX71,84/08～88/02,グレード:SLU<br>外観形式:セダン,,54099,,74748,KYB-qq-e-i-2724,出さない,フロント:SSC4046 2本<br>リア:SSB1788 2本,KYB,SS For Street,1台分,,特殊品(例:TEMS・Adjustable・アクティブダンパー・セルフレベライザー・車高降下など)は、注釈がない場合は非装着品となります。<br>カートリッジは、非分解式ストラットには装着不可となります。年式内でもストラットの形状をご確認下さい。<br>自動ブレーキおよび車線逸脱警報等の衝突安全装置の作動について一切の保障は致しかねます。,77400,出さない,,
トヨタ,クレスタ,MX83,89/08～92/10,グレード:SLTG<br>外観形式:セダン<br>その他:TEMS,,89067,,74229,KYB-qq-e-i-2731,KYB-qq-e-d-i-2731,フロント:SEP0040 2本<br>リア:SEA0050 2本,KYB,SS For Street,1台分,,特殊品(例:TEMS・Adjustable・アクティブダンパー・セルフレベライザー・車高降下など)は、注釈がない場合は非装着品となります。<br>カートリッジは、非分解式ストラットには装着不可となります。年式内でもストラットの形状をご確認下さい。<br>自動ブレーキおよび車線逸脱警報等の衝突安全装置の作動について一切の保障は致しかねます。,130000,109500,,
トヨタ,コロナ,RT141,82/01～82/10,グレード:GT<br>外観形式:ハードトップ<br>乗員数:5,,54099,,71435,KYB-qq-e-i-2738,KYB-qq-e-d-i-2738,フロント:SSC4040 2本<br>リア:SSB1788 2本,KYB,SS For Street,1台分,,特殊品(例:TEMS・Adjustable・アクティブダンパー・セルフレベライザー・車高降下など)は、注釈がない場合は非装着品となります。<br>カートリッジは、非分解式ストラットには装着不可となります。年式内でもストラットの形状をご確認下さい。<br>自動ブレーキおよび車線逸脱警報等の衝突安全装置の作動について一切の保障は致しかねます。,77400,65400,,
トヨタ,コロナ,TT142,82/01～83/10,グレード:SX<br>外観形式:ハードトップ<br>乗員数:5,,54099,,72727,KYB-qq-e-i-2740,KYB-qq-e-d-i-2740,フロント:SSC4040 2本<br>リア:SSB1788 2本,KYB,SS For Street,1台分,,特殊品(例:TEMS・Adjustable・アクティブダンパー・セルフレベライザー・車高降下など)は、注釈がない場合は非装着品となります。<br>カートリッジは、非分解式ストラットには装着不可となります。年式内でもストラットの形状をご確認下さい。<br>自動ブレーキおよび車線逸脱警報等の衝突安全装置の作動について一切の保障は致しかねます。,77400,65400,,
トヨタ,コロナ,TT142,82/10～85/08,グレード:GTターボ<br>外観形式:ハードトップ<br>乗員数:5,,54099,,73209,KYB-qq-e-i-2739,KYB-qq-e-d-i-2739,フロント:SSC4040 2本<br>リア:SSB1788 2本,KYB,SS For Street,1台分,,特殊品(例:TEMS・Adjustable・アクティブダンパー・セルフレベライザー・車高降下など)は、注釈がない場合は非装着品となります。<br>カートリッジは、非分解式ストラットには装着不可となります。年式内でもストラットの形状をご確認下さい。<br>自動ブレーキおよび車線逸脱警報等の衝突安全装置の作動について一切の保障は致しかねます。,77400,65400,,
トヨタ,スープラ,GA70,86/02～89/08,"グレード:GTターボ<br>外観形式:エアロトップ,リフトバック<br>外観仕様:ノーマルボディ<br>その他:TEMS",,90396,,71436,KYB-qq-e-i-2742,KYB-qq-e-d-i-2742,フロント:SEA0010 2本<br>リア:SEA0020 2本,KYB,SS For Street,1台分,,特殊品(例:TEMS・Adjustable・アクティブダンパー・セルフレベライザー・車高降下など)は、注釈がない場合は非装着品となります。<br>カートリッジは、非分解式ストラットには装着不可となります。年式内でもストラットの形状をご確認下さい。<br>自動ブレーキおよび車線逸脱警報等の衝突安全装置の作動について一切の保障は致しかねます。,132000,100800,,
トヨタ,スープラ,GA70H,89/08～93/05,"グレード:GTターボ<br>外観形式:エアロトップ,リフトバック<br>外観仕様:ワイドボディ<br>その他:TEMS",,90396,,74750,KYB-qq-e-i-2745,KYB-qq-e-d-i-2745,フロント:SEA0010 2本<br>リア:SEA0020 2本,KYB,SS For Street,1台分,,特殊品(例:TEMS・Adjustable・アクティブダンパー・セルフレベライザー・車高降下など)は、注釈がない場合は非装着品となります。<br>カートリッジは、非分解式ストラットには装着不可となります。年式内でもストラットの形状をご確認下さい。<br>自動ブレーキおよび車線逸脱警報等の衝突安全装置の作動について一切の保障は致しかねます。,132000,100800,,
トヨタ,スープラ,JZA70,90/08～93/05,"グレード:GTL<br>外観形式:エアロトップ,リフトバック<br>外観仕様:ワイドボディ<br>その他:TEMS",,90396,,73712,KYB-qq-e-i-2743,KYB-qq-e-d-i-2743,フロント:SEA0010 2本<br>リア:SEA0020 2本,KYB,SS For Street,1台分,,特殊品(例:TEMS・Adjustable・アクティブダンパー・セルフレベライザー・車高降下など)は、注釈がない場合は非装着品となります。<br>カートリッジは、非分解式ストラットには装着不可となります。年式内でもストラットの形状をご確認下さい。<br>自動ブレーキおよび車線逸脱警報等の衝突安全装置の作動について一切の保障は致しかねます。,132000,100800,,
トヨタ,スープラ,MA70,86/02～90/08,"グレード:GTT,GTL<br>外観形式:エアロトップ,リフトバック<br>その他:TEMS",,90396,,74230,KYB-qq-e-i-2744,KYB-qq-e-d-i-2744,フロント:SEA0010 2本<br>リア:SEA0020 2本,KYB,SS For Street,1台分,,特殊品(例:TEMS・Adjustable・アクティブダンパー・セルフレベライザー・車高降下など)は、注釈がない場合は非装着品となります。<br>カートリッジは、非分解式ストラットには装着不可となります。年式内でもストラットの形状をご確認下さい。<br>自動ブレーキおよび車線逸脱警報等の衝突安全装置の作動について一切の保障は致しかねます。,132000,100800,,
トヨタ,セリカ,AA63,83/08～85/07,グレード:GT<br>エンジン形式:4AGEU<br>外観形式:クーペ,,54099,,73713,KYB-qq-e-i-2753,出さない,フロント:SSC4040 2本<br>リア:SSB1788 2本,KYB,SS For Street,1台分,,特殊品(例:TEMS・Adjustable・アクティブダンパー・セルフレベライザー・車高降下など)は、注釈がない場合は非装着品となります。<br>カートリッジは、非分解式ストラットには装着不可となります。年式内でもストラットの形状をご確認下さい。<br>自動ブレーキおよび車線逸脱警報等の衝突安全装置の作動について一切の保障は致しかねます。,77400,出さない,,
トヨタ,セリカ,RA63,81/07～83/08,グレード:GT<br>エンジン形式:18RGEU<br>外観形式:クーペ,,54099,,74231,KYB-qq-e-i-2754,出さない,フロント:SSC4040 2本<br>リア:SSB1788 2本,KYB,SS For Street,1台分,,特殊品(例:TEMS・Adjustable・アクティブダンパー・セルフレベライザー・車高降下など)は、注釈がない場合は非装着品となります。<br>カートリッジは、非分解式ストラットには装着不可となります。年式内でもストラットの形状をご確認下さい。<br>自動ブレーキおよび車線逸脱警報等の衝突安全装置の作動について一切の保障は致しかねます。,77400,出さない,,
トヨタ,セリカ,TA61,81/07～83/08,"グレード:GT,GTR<br>エンジン形式:2TGEU<br>外観形式:クーペ",,54099,,74751,KYB-qq-e-i-2752,出さない,フロント:SSC4040 2本<br>リア:SSB1788 2本,KYB,SS For Street,1台分,,特殊品(例:TEMS・Adjustable・アクティブダンパー・セルフレベライザー・車高降下など)は、注釈がない場合は非装着品となります。<br>カートリッジは、非分解式ストラットには装着不可となります。年式内でもストラットの形状をご確認下さい。<br>自動ブレーキおよび車線逸脱警報等の衝突安全装置の作動について一切の保障は致しかねます。,77400,出さない,,
トヨタ,セリカ,TA63,81/07～83/08,"グレード:ST,SX<br>エンジン形式:3TEU<br>外観形式:クーペ,リフトバック",,54099,,70934,KYB-qq-e-i-2756,出さない,フロント:SSC4040 2本<br>リア:SSB1788 2本,KYB,SS For Street,1台分,,特殊品(例:TEMS・Adjustable・アクティブダンパー・セルフレベライザー・車高降下など)は、注釈がない場合は非装着品となります。<br>カートリッジは、非分解式ストラットには装着不可となります。年式内でもストラットの形状をご確認下さい。<br>自動ブレーキおよび車線逸脱警報等の衝突安全装置の作動について一切の保障は致しかねます。,77400,出さない,,
トヨタ,セリカ,TA63,81/07～85/07,グレード:GTターボ<br>エンジン形式:3TGTEU<br>外観形式:クーペ,,54099,,71437,KYB-qq-e-i-2755,出さない,フロント:SSC4040 2本<br>リア:SSB1788 2本,KYB,SS For Street,1台分,,特殊品(例:TEMS・Adjustable・アクティブダンパー・セルフレベライザー・車高降下など)は、注釈がない場合は非装着品となります。<br>カートリッジは、非分解式ストラットには装着不可となります。年式内でもストラットの形状をご確認下さい。<br>自動ブレーキおよび車線逸脱警報等の衝突安全装置の作動について一切の保障は致しかねます。,77400,出さない,,
トヨタ,セリカ,TA64,82/10～83/08,グレード:GTS<br>エンジン形式:4TGTEU<br>外観形式:クーペ,,54099,,74752,KYB-qq-e-i-2757,出さない,フロント:SSC4040 2本<br>リア:SSB1787 2本,KYB,SS For Street,1台分,,特殊品(例:TEMS・Adjustable・アクティブダンパー・セルフレベライザー・車高降下など)は、注釈がない場合は非装着品となります。<br>カートリッジは、非分解式ストラットには装着不可となります。年式内でもストラットの形状をご確認下さい。<br>自動ブレーキおよび車線逸脱警報等の衝突安全装置の作動について一切の保障は致しかねます。,77400,出さない,,
トヨタ,ソアラ,GZ20,86/01～88/01,グレード:GT<br>エンジン形式:1GGEU<br>外観形式:クーペ<br>その他:TEMS,,90396,,72243,KYB-qq-e-i-2760,KYB-qq-e-d-i-2760,フロント:SEA0010 2本<br>リア:SEA0020 2本,KYB,SS For Street,1台分,,特殊品(例:TEMS・Adjustable・アクティブダンパー・セルフレベライザー・車高降下など)は、注釈がない場合は非装着品となります。<br>カートリッジは、非分解式ストラットには装着不可となります。年式内でもストラットの形状をご確認下さい。<br>自動ブレーキおよび車線逸脱警報等の衝突安全装置の作動について一切の保障は致しかねます。,132000,100800,,
トヨタ,ソアラ,GZ20,87/01～88/01,グレード:GTターボ<br>エンジン形式:1GGTEU<br>外観形式:クーペ<br>その他:TEMS,,90396,,70935,KYB-qq-e-i-2761,KYB-qq-e-d-i-2761,フロント:SEA0010 2本<br>リア:SEA0020 2本,KYB,SS For Street,1台分,,特殊品(例:TEMS・Adjustable・アクティブダンパー・セルフレベライザー・車高降下など)は、注釈がない場合は非装着品となります。<br>カートリッジは、非分解式ストラットには装着不可となります。年式内でもストラットの形状をご確認下さい。<br>自動ブレーキおよび車線逸脱警報等の衝突安全装置の作動について一切の保障は致しかねます。,132000,100800,,
トヨタ,ソアラ,GZ20,88/01～91/04,グレード:GTL<br>エンジン種別:ツインカムターボ<br>エンジン形式:1GGTEU<br>外観形式:クーペ<br>その他:TEMS,,90396,,71046,KYB-qq-e-i-4741,KYB-qq-e-d-i-4741,フロント:SEA0010 2本<br>リア:SEA0020 2本,KYB,SS For Street,1台分,,特殊品(例:TEMS・Adjustable・アクティブダンパー・セルフレベライザー・車高降下など)は、注釈がない場合は非装着品となります。<br>カートリッジは、非分解式ストラットには装着不可となります。年式内でもストラットの形状をご確認下さい。<br>自動ブレーキおよび車線逸脱警報等の衝突安全装置の作動について一切の保障は致しかねます。,132000,100800,,
トヨタ,ソアラ,MZ20,86/01～91/04,"グレード:GT,GTL<br>エンジン種別:ツインカムターボ<br>エンジン形式:7MGTEU<br>外観形式:クーペ<br>その他:TEMS",,90396,,72596,KYB-qq-e-i-4742,KYB-qq-e-d-i-4742,フロント:SEA0010 2本<br>リア:SEA0020 2本,KYB,SS For Street,1台分,,特殊品(例:TEMS・Adjustable・アクティブダンパー・セルフレベライザー・車高降下など)は、注釈がない場合は非装着品となります。<br>カートリッジは、非分解式ストラットには装着不可となります。年式内でもストラットの形状をご確認下さい。<br>自動ブレーキおよび車線逸脱警報等の衝突安全装置の作動について一切の保障は致しかねます。,132000,100800,,
トヨタ,チェイサー,GX61,80/09～84/07,"グレード:アヴァント,SXL,SGT<br>エンジン種別:EFI,ツインカム<br>エンジン形式:1GEU,1GGEU<br>外観形式:ハードトップ,セダン",,54099,,74753,KYB-qq-e-i-2762,出さない,フロント:SSC4046 2本<br>リア:SSB1788 2本,KYB,SS For Street,1台分,,特殊品(例:TEMS・Adjustable・アクティブダンパー・セルフレベライザー・車高降下など)は、注釈がない場合は非装着品となります。<br>カートリッジは、非分解式ストラットには装着不可となります。年式内でもストラットの形状をご確認下さい。<br>自動ブレーキおよび車線逸脱警報等の衝突安全装置の作動について一切の保障は致しかねます。,77400,出さない,,
トヨタ,チェイサー,GX71,84/08～88/08,"グレード:アヴァント,SXL/GT<br>エンジン種別:EFI/ツインカムターボ<br>エンジン形式:1GEU/1GGTEU<br>外観形式:ハードトップ",,54099,,71941,KYB-qq-e-i-2766,出さない,フロント:SSC4046 2本<br>リア:SSB1788 2本,KYB,SS For Street,1台分,,特殊品(例:TEMS・Adjustable・アクティブダンパー・セルフレベライザー・車高降下など)は、注釈がない場合は非装着品となります。<br>カートリッジは、非分解式ストラットには装着不可となります。年式内でもストラットの形状をご確認下さい。<br>自動ブレーキおよび車線逸脱警報等の衝突安全装置の作動について一切の保障は致しかねます。,77400,出さない,,
トヨタ,チェイサー,GX71,84/08～88/08,グレード:アヴァント<br>エンジン種別:ツインカム<br>エンジン形式:1GGEU<br>外観形式:ハードトップ<br>その他:TEMS,,87737,,70937,KYB-qq-e-i-2767,出さない,フロント:SEP0010 2本<br>リア:SEF0010 2本,KYB,SS For Street,1台分,,特殊品(例:TEMS・Adjustable・アクティブダンパー・セルフレベライザー・車高降下など)は、注釈がない場合は非装着品となります。<br>カートリッジは、非分解式ストラットには装着不可となります。年式内でもストラットの形状をご確認下さい。<br>自動ブレーキおよび車線逸脱警報等の衝突安全装置の作動について一切の保障は致しかねます。,128000,出さない,,
トヨタ,チェイサー,GX81,88/08～90/08,グレード:アヴァントG<br>エンジン種別:スーパーチャージャー<br>エンジン形式:1GGZE<br>外観形式:ハードトップ<br>その他:TEMS,,89067,,70938,KYB-qq-e-i-2771,KYB-qq-e-d-i-2771,フロント:SEP0040 2本<br>リア:SEA0050 2本,KYB,SS For Street,1台分,,特殊品(例:TEMS・Adjustable・アクティブダンパー・セルフレベライザー・車高降下など)は、注釈がない場合は非装着品となります。<br>カートリッジは、非分解式ストラットには装着不可となります。年式内でもストラットの形状をご確認下さい。<br>自動ブレーキおよび車線逸脱警報等の衝突安全装置の作動について一切の保障は致しかねます。,130000,109500,,
トヨタ,チェイサー,GX81,90/08～92/10,グレード:アヴァント<br>エンジン種別:ツインカム<br>エンジン形式:1GGE<br>外観形式:ハードトップ<br>その他:TEMS,,89067,,73211,KYB-qq-e-i-2770,KYB-qq-e-d-i-2770,フロント:SEP0040 2本<br>リア:SEA0050 2本,KYB,SS For Street,1台分,,特殊品(例:TEMS・Adjustable・アクティブダンパー・セルフレベライザー・車高降下など)は、注釈がない場合は非装着品となります。<br>カートリッジは、非分解式ストラットには装着不可となります。年式内でもストラットの形状をご確認下さい。<br>自動ブレーキおよび車線逸脱警報等の衝突安全装置の作動について一切の保障は致しかねます。,130000,109500,,
トヨタ,チェイサー,JZX81,90/08～92/10,"グレード:アヴァント,アヴァントG<br>エンジン種別:ツインカム<br>エンジン形式:1JZGE<br>外観形式:ハードトップ<br>その他:TEMS",,89067,,70939,KYB-qq-e-i-2773,KYB-qq-e-d-i-2773,フロント:SEP0040 2本<br>リア:SEA0050 2本,KYB,SS For Street,1台分,,特殊品(例:TEMS・Adjustable・アクティブダンパー・セルフレベライザー・車高降下など)は、注釈がない場合は非装着品となります。<br>カートリッジは、非分解式ストラットには装着不可となります。年式内でもストラットの形状をご確認下さい。<br>自動ブレーキおよび車線逸脱警報等の衝突安全装置の作動について一切の保障は致しかねます。,130000,109500,,
トヨタ,チェイサー,LX65,82/08～84/07,グレード:SXL<br>エンジン種別:TDE<br>エンジン形式:2LTE<br>外観形式:セダン,,54099,,74754,KYB-qq-e-i-2765,出さない,フロント:SSC4046 2本<br>リア:SSB1788 2本,KYB,SS For Street,1台分,,特殊品(例:TEMS・Adjustable・アクティブダンパー・セルフレベライザー・車高降下など)は、注釈がない場合は非装着品となります。<br>カートリッジは、非分解式ストラットには装着不可となります。年式内でもストラットの形状をご確認下さい。<br>自動ブレーキおよび車線逸脱警報等の衝突安全装置の作動について一切の保障は致しかねます。,77400,出さない,,
トヨタ,チェイサー,MX61,81/10～84/07,"グレード:アヴァント,SGT<br>エンジン種別:ターボ<br>エンジン形式:MTEU<br>外観形式:セダン,ハードトップ",,54099,,72244,KYB-qq-e-i-2763,出さない,フロント:SSC4046 2本<br>リア:SSB1788 2本,KYB,SS For Street,1台分,,特殊品(例:TEMS・Adjustable・アクティブダンパー・セルフレベライザー・車高降下など)は、注釈がない場合は非装着品となります。<br>カートリッジは、非分解式ストラットには装着不可となります。年式内でもストラットの形状をご確認下さい。<br>自動ブレーキおよび車線逸脱警報等の衝突安全装置の作動について一切の保障は致しかねます。,77400,出さない,,
トヨタ,チェイサー,MX71,84/08～88/02,グレード:アヴァント<br>エンジン種別:ターボ<br>エンジン形式:MTEU<br>外観形式:ハードトップ,,54099,,73210,KYB-qq-e-i-2768,出さない,フロント:SSC4046 2本<br>リア:SSB1788 2本,KYB,SS For Street,1台分,,特殊品(例:TEMS・Adjustable・アクティブダンパー・セルフレベライザー・車高降下など)は、注釈がない場合は非装着品となります。<br>カートリッジは、非分解式ストラットには装着不可となります。年式内でもストラットの形状をご確認下さい。<br>自動ブレーキおよび車線逸脱警報等の衝突安全装置の作動について一切の保障は致しかねます。,77400,出さない,,
トヨタ,チェイサー,MX83,89/08～92/10,グレード:アヴァントG<br>エンジン種別:ツインカム<br>エンジン形式:7MGE<br>外観形式:ハードトップ<br>その他:TEMS,,89067,,74755,KYB-qq-e-i-2775,KYB-qq-e-d-i-2775,フロント:SEP0040 2本<br>リア:SEA0050 2本,KYB,SS For Street,1台分,,特殊品(例:TEMS・Adjustable・アクティブダンパー・セルフレベライザー・車高降下など)は、注釈がない場合は非装着品となります。<br>カートリッジは、非分解式ストラットには装着不可となります。年式内でもストラットの形状をご確認下さい。<br>自動ブレーキおよび車線逸脱警報等の衝突安全装置の作動について一切の保障は致しかねます。,130000,109500,,
トヨタ,チェイサー,RX63,80/09～82/08,グレード:GT<br>エンジン種別:EFI<br>エンジン形式:18RGEU<br>外観形式:ハードトップ,,54099,,70936,KYB-qq-e-i-2764,出さない,フロント:SSC4046 2本<br>リア:SSB1788 2本,KYB,SS For Street,1台分,,特殊品(例:TEMS・Adjustable・アクティブダンパー・セルフレベライザー・車高降下など)は、注釈がない場合は非装着品となります。<br>カートリッジは、非分解式ストラットには装着不可となります。年式内でもストラットの形状をご確認下さい。<br>自動ブレーキおよび車線逸脱警報等の衝突安全装置の作動について一切の保障は致しかねます。,77400,出さない,,
トヨタ,ツーリングハイエース,KCH40G,99/07～,グレード:V<br>ドア数:4ドア<br>駆動:FR,,47584,,74745,KYB-qq-e-i-2706,KYB-qq-e-d-i-2706,フロント:SSB2027 2本<br>リア:SSB2033 2本,KYB,SS For Street,1台分,,特殊品(例:TEMS・Adjustable・アクティブダンパー・セルフレベライザー・車高降下など)は、注釈がない場合は非装着品となります。<br>カートリッジは、非分解式ストラットには装着不可となります。年式内でもストラットの形状をご確認下さい。<br>自動ブレーキおよび車線逸脱警報等の衝突安全装置の作動について一切の保障は致しかねます。,67600,59000,,
トヨタ,ツーリングハイエース,KCH40W,99/07～,"グレード:G,V,スタンダード<br>ドア数:4ドア,5ドア<br>駆動:FR",,47584,,74226,KYB-qq-e-i-2708,KYB-qq-e-d-i-2708,フロント:SSB2027 2本<br>リア:SSB2033 2本,KYB,SS For Street,1台分,,特殊品(例:TEMS・Adjustable・アクティブダンパー・セルフレベライザー・車高降下など)は、注釈がない場合は非装着品となります。<br>カートリッジは、非分解式ストラットには装着不可となります。年式内でもストラットの形状をご確認下さい。<br>自動ブレーキおよび車線逸脱警報等の衝突安全装置の作動について一切の保障は致しかねます。,67600,59000,,
トヨタ,ツーリングハイエース,KCH46W,99/07～,"グレード:G,V,スタンダード<br>ドア数:4ドア,5ドア<br>駆動:4WD",,47584,,73709,KYB-qq-e-i-2714,KYB-qq-e-d-i-2714,フロント:SSB2029 2本<br>リア:SSB2035 2本,KYB,SS For Street,1台分,,特殊品(例:TEMS・Adjustable・アクティブダンパー・セルフレベライザー・車高降下など)は、注釈がない場合は非装着品となります。<br>カートリッジは、非分解式ストラットには装着不可となります。年式内でもストラットの形状をご確認下さい。<br>自動ブレーキおよび車線逸脱警報等の衝突安全装置の作動について一切の保障は致しかねます。,67600,59000,,
トヨタ,ツーリングハイエース,RCH41W,99/07～,"グレード:V,スタンダード<br>ドア数:4ドア<br>駆動:FR",,47584,,70931,KYB-qq-e-i-2711,KYB-qq-e-d-i-2711,フロント:SSB2027 2本<br>リア:SSB2033 2本,KYB,SS For Street,1台分,,特殊品(例:TEMS・Adjustable・アクティブダンパー・セルフレベライザー・車高降下など)は、注釈がない場合は非装着品となります。<br>カートリッジは、非分解式ストラットには装着不可となります。年式内でもストラットの形状をご確認下さい。<br>自動ブレーキおよび車線逸脱警報等の衝突安全装置の作動について一切の保障は致しかねます。,67600,59000,,
トヨタ,ツーリングハイエース,RCH47W,99/07～,"グレード:V,スタンダード<br>ドア数:4ドア<br>駆動:4WD",,47584,,72724,KYB-qq-e-i-2716,KYB-qq-e-d-i-2716,フロント:SSB2029 2本<br>リア:SSB2035 2本,KYB,SS For Street,1台分,,特殊品(例:TEMS・Adjustable・アクティブダンパー・セルフレベライザー・車高降下など)は、注釈がない場合は非装着品となります。<br>カートリッジは、非分解式ストラットには装着不可となります。年式内でもストラットの形状をご確認下さい。<br>自動ブレーキおよび車線逸脱警報等の衝突安全装置の作動について一切の保障は致しかねます。,67600,59000,,
トヨタ,マークII,GX60G,82/08～84/07,グレード:LE<br>エンジン種別:EFI<br>エンジン形式:1GEU<br>外観形式:ワゴン,,54099,,73716,KYB-qq-e-i-2785,出さない,フロント:SSC4046 2本<br>リア:SSB1787 2本,KYB,SS For Street,1台分,,特殊品(例:TEMS・Adjustable・アクティブダンパー・セルフレベライザー・車高降下など)は、注釈がない場合は非装着品となります。<br>カートリッジは、非分解式ストラットには装着不可となります。年式内でもストラットの形状をご確認下さい。<br>自動ブレーキおよび車線逸脱警報等の衝突安全装置の作動について一切の保障は致しかねます。,77400,出さない,,
トヨタ,マークII,GX61,82/08～84/07,"グレード:グランデ,LE,LG,LGT<br>エンジン形式:1GGEU,1GEU<br>外観形式:ハードトップ,セダン",,54099,,73214,KYB-qq-e-i-2786,出さない,フロント:SSC4046 2本<br>リア:SSB1788 2本,KYB,SS For Street,1台分,,特殊品(例:TEMS・Adjustable・アクティブダンパー・セルフレベライザー・車高降下など)は、注釈がない場合は非装着品となります。<br>カートリッジは、非分解式ストラットには装着不可となります。年式内でもストラットの形状をご確認下さい。<br>自動ブレーキおよび車線逸脱警報等の衝突安全装置の作動について一切の保障は致しかねます。,77400,出さない,,
トヨタ,マークII,GX70G,84/11～,"グレード:LG<br>エンジン種別:EFI,HTWC<br>エンジン形式:1GEU,1GFE<br>外観形式:ワゴン",,54099,,73215,KYB-qq-e-i-2790,出さない,フロント:SSC4046 2本<br>リア:SSB1787 2本,KYB,SS For Street,1台分,,特殊品(例:TEMS・Adjustable・アクティブダンパー・セルフレベライザー・車高降下など)は、注釈がない場合は非装着品となります。<br>カートリッジは、非分解式ストラットには装着不可となります。年式内でもストラットの形状をご確認下さい。<br>自動ブレーキおよび車線逸脱警報等の衝突安全装置の作動について一切の保障は致しかねます。,77400,出さない,,
トヨタ,マークII,GX71,84/08～88/08,グレード:LG<br>エンジン種別:EFI<br>エンジン形式:1GEU<br>外観形式:ハードトップ,,54099,,74237,KYB-qq-e-i-2794,出さない,フロント:SSC4046 2本<br>リア:SSB1788 2本,KYB,SS For Street,1台分,,特殊品(例:TEMS・Adjustable・アクティブダンパー・セルフレベライザー・車高降下など)は、注釈がない場合は非装着品となります。<br>カートリッジは、非分解式ストラットには装着不可となります。年式内でもストラットの形状をご確認下さい。<br>自動ブレーキおよび車線逸脱警報等の衝突安全装置の作動について一切の保障は致しかねます。,77400,出さない,,
トヨタ,マークII,GX71,84/08～88/08,グレード:LS<br>エンジン種別:EFI<br>エンジン形式:1GEU,,54099,,73718,KYB-qq-e-i-2795,出さない,フロント:SSC4046 2本<br>リア:SSB1788 2本,KYB,SS For Street,1台分,,特殊品(例:TEMS・Adjustable・アクティブダンパー・セルフレベライザー・車高降下など)は、注釈がない場合は非装着品となります。<br>カートリッジは、非分解式ストラットには装着不可となります。年式内でもストラットの形状をご確認下さい。<br>自動ブレーキおよび車線逸脱警報等の衝突安全装置の作動について一切の保障は致しかねます。,77400,出さない,,
トヨタ,マークII,GX71,84/08～88/08,グレード:グランデ<br>エンジン種別:EFI<br>エンジン形式:1GEU<br>外観形式:ハードトップ,,54099,,74236,KYB-qq-e-i-2791,出さない,フロント:SSC4046 2本<br>リア:SSB1788 2本,KYB,SS For Street,1台分,,特殊品(例:TEMS・Adjustable・アクティブダンパー・セルフレベライザー・車高降下など)は、注釈がない場合は非装着品となります。<br>カートリッジは、非分解式ストラットには装着不可となります。年式内でもストラットの形状をご確認下さい。<br>自動ブレーキおよび車線逸脱警報等の衝突安全装置の作動について一切の保障は致しかねます。,77400,出さない,,
トヨタ,マークII,GX71,84/08～88/08,グレード:グランデ<br>エンジン種別:ツインカム<br>エンジン形式:1GGEU<br>外観形式:ハードトップ<br>その他:TEMS,,87737,,73216,KYB-qq-e-i-2792,出さない,フロント:SEP0010 2本<br>リア:SEF0010 2本,KYB,SS For Street,1台分,,特殊品(例:TEMS・Adjustable・アクティブダンパー・セルフレベライザー・車高降下など)は、注釈がない場合は非装着品となります。<br>カートリッジは、非分解式ストラットには装着不可となります。年式内でもストラットの形状をご確認下さい。<br>自動ブレーキおよび車線逸脱警報等の衝突安全装置の作動について一切の保障は致しかねます。,128000,出さない,,
トヨタ,マークII,GX71,85/10～88/08,グレード:GT<br>エンジン種別:ツインカムターボ<br>エンジン形式:1GGTEU<br>外観形式:ハードトップ,,54099,,73717,KYB-qq-e-i-2793,出さない,フロント:SSC4046 2本<br>リア:SSB1788 2本,KYB,SS For Street,1台分,,特殊品(例:TEMS・Adjustable・アクティブダンパー・セルフレベライザー・車高降下など)は、注釈がない場合は非装着品となります。<br>カートリッジは、非分解式ストラットには装着不可となります。年式内でもストラットの形状をご確認下さい。<br>自動ブレーキおよび車線逸脱警報等の衝突安全装置の作動について一切の保障は致しかねます。,77400,出さない,,
トヨタ,マークII,GX81,88/08～90/08,"グレード:グランデG<br>エンジン種別:スーパーチャージャー<br>エンジン形式:1GGZE<br>外観形式:ハードトップ,セダン<br>その他:TEMS",,89067,,71699,KYB-qq-e-i-2802,KYB-qq-e-d-i-2802,フロント:SEP0040 2本<br>リア:SEA0050 2本,KYB,SS For Street,1台分,,特殊品(例:TEMS・Adjustable・アクティブダンパー・セルフレベライザー・車高降下など)は、注釈がない場合は非装着品となります。<br>カートリッジは、非分解式ストラットには装着不可となります。年式内でもストラットの形状をご確認下さい。<br>自動ブレーキおよび車線逸脱警報等の衝突安全装置の作動について一切の保障は致しかねます。,130000,109500,,
トヨタ,マークII,GX81,90/08～93/02,"グレード:グランデ<br>エンジン種別:ツインカム<br>エンジン形式:1GGE<br>外観形式:ハードトップ,セダン<br>その他:TEMS",,89067,,72728,KYB-qq-e-i-2801,KYB-qq-e-d-i-2801,フロント:SEP0040 2本<br>リア:SEA0050 2本,KYB,SS For Street,1台分,,特殊品(例:TEMS・Adjustable・アクティブダンパー・セルフレベライザー・車高降下など)は、注釈がない場合は非装着品となります。<br>カートリッジは、非分解式ストラットには装着不可となります。年式内でもストラットの形状をご確認下さい。<br>自動ブレーキおよび車線逸脱警報等の衝突安全装置の作動について一切の保障は致しかねます。,130000,109500,,
トヨタ,マークII,JZX81,90/08～93/02,"グレード:グランデ,グランデG<br>エンジン種別:ツインカム<br>エンジン形式:1JZGE<br>外観形式:ハードトップ,セダン<br>その他:TEMS",,89067,,74239,KYB-qq-e-i-2805,KYB-qq-e-d-i-2805,フロント:SEP0040 2本<br>リア:SEA0050 2本,KYB,SS For Street,1台分,,特殊品(例:TEMS・Adjustable・アクティブダンパー・セルフレベライザー・車高降下など)は、注釈がない場合は非装着品となります。<br>カートリッジは、非分解式ストラットには装着不可となります。年式内でもストラットの形状をご確認下さい。<br>自動ブレーキおよび車線逸脱警報等の衝突安全装置の作動について一切の保障は致しかねます。,130000,109500,,
トヨタ,マークII,LX65,82/08～84/07,グレード:LE<br>エンジン種別:TDE<br>エンジン形式:2LTE<br>外観形式:セダン,,54099,,74235,KYB-qq-e-i-2789,出さない,フロント:SSC4046 2本<br>リア:SSB1788 2本,KYB,SS For Street,1台分,,特殊品(例:TEMS・Adjustable・アクティブダンパー・セルフレベライザー・車高降下など)は、注釈がない場合は非装着品となります。<br>カートリッジは、非分解式ストラットには装着不可となります。年式内でもストラットの形状をご確認下さい。<br>自動ブレーキおよび車線逸脱警報等の衝突安全装置の作動について一切の保障は致しかねます。,77400,出さない,,
トヨタ,マークII,LX76V,84/11～,グレード:DX<br>エンジン種別:ディーゼル<br>エンジン形式:2L<br>外観形式:バン,,54099,,73217,KYB-qq-e-i-2797,出さない,フロント:SSC4046 2本<br>リア:SSB1787 2本,KYB,SS For Street,1台分,,特殊品(例:TEMS・Adjustable・アクティブダンパー・セルフレベライザー・車高降下など)は、注釈がない場合は非装着品となります。<br>カートリッジは、非分解式ストラットには装着不可となります。年式内でもストラットの形状をご確認下さい。<br>自動ブレーキおよび車線逸脱警報等の衝突安全装置の作動について一切の保障は致しかねます。,77400,出さない,,
トヨタ,マークII,MX61,82/08～84/07,"グレード:グランデ,LGT<br>エンジン種別:ターボ<br>エンジン形式:MTEU<br>外観形式:セダン,ハードトップ",,54099,,74234,KYB-qq-e-i-2787,出さない,フロント:SSC4046 2本<br>リア:SSB1788 2本,KYB,SS For Street,1台分,,特殊品(例:TEMS・Adjustable・アクティブダンパー・セルフレベライザー・車高降下など)は、注釈がない場合は非装着品となります。<br>カートリッジは、非分解式ストラットには装着不可となります。年式内でもストラットの形状をご確認下さい。<br>自動ブレーキおよび車線逸脱警報等の衝突安全装置の作動について一切の保障は致しかねます。,77400,出さない,,
トヨタ,マークII,MX63,82/08～84/07,グレード:グランデ<br>エンジン種別:EFI<br>エンジン形式:5MEU<br>外観形式:セダン,,54099,,74757,KYB-qq-e-i-2788,出さない,フロント:SSC4046 2本<br>リア:SSB1788 2本,KYB,SS For Street,1台分,,特殊品(例:TEMS・Adjustable・アクティブダンパー・セルフレベライザー・車高降下など)は、注釈がない場合は非装着品となります。<br>カートリッジは、非分解式ストラットには装着不可となります。年式内でもストラットの形状をご確認下さい。<br>自動ブレーキおよび車線逸脱警報等の衝突安全装置の作動について一切の保障は致しかねます。,77400,出さない,,
トヨタ,マークII,MX71,84/08～88/02,グレード:グランデ<br>エンジン種別:ターボ<br>エンジン形式:MTEU<br>外観形式:ハードトップ,,54099,,72245,KYB-qq-e-i-2796,出さない,フロント:SSC4046 2本<br>リア:SSB1788 2本,KYB,SS For Street,1台分,,特殊品(例:TEMS・Adjustable・アクティブダンパー・セルフレベライザー・車高降下など)は、注釈がない場合は非装着品となります。<br>カートリッジは、非分解式ストラットには装着不可となります。年式内でもストラットの形状をご確認下さい。<br>自動ブレーキおよび車線逸脱警報等の衝突安全装置の作動について一切の保障は致しかねます。,77400,出さない,,
トヨタ,マークII,MX83,89/08～93/02,"グレード:グランデG<br>エンジン種別:ツインカム<br>エンジン形式:7MGE<br>外観形式:ハードトップ,セダン<br>その他:TEMS",,89067,,74760,KYB-qq-e-i-2807,KYB-qq-e-d-i-2807,フロント:SEP0040 2本<br>リア:SEA0050 2本,KYB,SS For Street,1台分,,特殊品(例:TEMS・Adjustable・アクティブダンパー・セルフレベライザー・車高降下など)は、注釈がない場合は非装着品となります。<br>カートリッジは、非分解式ストラットには装着不可となります。年式内でもストラットの形状をご確認下さい。<br>自動ブレーキおよび車線逸脱警報等の衝突安全装置の作動について一切の保障は致しかねます。,130000,109500,,
トヨタ,マークII,YX76V,84/11～,"グレード:DX,GL<br>エンジン種別:CBR<br>エンジン形式:2YJ<br>外観形式:バン",,54099,,72246,KYB-qq-e-i-2798,出さない,フロント:SSC4046 2本<br>リア:SSB1787 2本,KYB,SS For Street,1台分,,特殊品(例:TEMS・Adjustable・アクティブダンパー・セルフレベライザー・車高降下など)は、注釈がない場合は非装着品となります。<br>カートリッジは、非分解式ストラットには装着不可となります。年式内でもストラットの形状をご確認下さい。<br>自動ブレーキおよび車線逸脱警報等の衝突安全装置の作動について一切の保障は致しかねます。,77400,出さない,,
トヨタ,レジアス,KCH40G,97/04～99/07,"グレード:E,G,スタンダード<br>ドア数:4ドア<br>駆動:FR",,47584,,73205,KYB-qq-e-i-2707,KYB-qq-e-d-i-2707,フロント:SSB2027 2本<br>リア:SSB2033 2本,KYB,SS For Street,1台分,,特殊品(例:TEMS・Adjustable・アクティブダンパー・セルフレベライザー・車高降下など)は、注釈がない場合は非装着品となります。<br>カートリッジは、非分解式ストラットには装着不可となります。年式内でもストラットの形状をご確認下さい。<br>自動ブレーキおよび車線逸脱警報等の衝突安全装置の作動について一切の保障は致しかねます。,67600,59000,,
トヨタ,レジアス,KCH40W,97/04～99/07,グレード:ウィンドツアラー<br>ドア数:4ドア<br>駆動:FR,,47584,,74227,KYB-qq-e-i-2709,KYB-qq-e-d-i-2709,フロント:SSB2027 2本<br>リア:SSB2033 2本,KYB,SS For Street,1台分,,特殊品(例:TEMS・Adjustable・アクティブダンパー・セルフレベライザー・車高降下など)は、注釈がない場合は非装着品となります。<br>カートリッジは、非分解式ストラットには装着不可となります。年式内でもストラットの形状をご確認下さい。<br>自動ブレーキおよび車線逸脱警報等の衝突安全装置の作動について一切の保障は致しかねます。,67600,59000,,
トヨタ,レジアス,KCH46G,97/04～99/07,"グレード:E,G,スタンダード<br>ドア数:4ドア<br>駆動:4WD",,47584,,73708,KYB-qq-e-i-2713,KYB-qq-e-d-i-2713,フロント:SSB2029 2本<br>リア:SSB2035 2本,KYB,SS For Street,1台分,,特殊品(例:TEMS・Adjustable・アクティブダンパー・セルフレベライザー・車高降下など)は、注釈がない場合は非装着品となります。<br>カートリッジは、非分解式ストラットには装着不可となります。年式内でもストラットの形状をご確認下さい。<br>自動ブレーキおよび車線逸脱警報等の衝突安全装置の作動について一切の保障は致しかねます。,67600,59000,,
トヨタ,レジアス,KCH46W,97/04～99/07,グレード:ウィンドツアラー<br>ドア数:4ドア<br>駆動:4WD,,47584,,74747,KYB-qq-e-i-2715,KYB-qq-e-d-i-2715,フロント:SSB2029 2本<br>リア:SSB2035 2本,KYB,SS For Street,1台分,,特殊品(例:TEMS・Adjustable・アクティブダンパー・セルフレベライザー・車高降下など)は、注釈がない場合は非装着品となります。<br>カートリッジは、非分解式ストラットには装着不可となります。年式内でもストラットの形状をご確認下さい。<br>自動ブレーキおよび車線逸脱警報等の衝突安全装置の作動について一切の保障は致しかねます。,67600,59000,,
トヨタ,レジアス,RCH41W,97/04～99/07,"グレード:スタンダード,ウィンドツアラー<br>ドア数:4ドア<br>駆動:FR",,47584,,74746,KYB-qq-e-i-2712,KYB-qq-e-d-i-2712,フロント:SSB2027 2本<br>リア:SSB2033 2本,KYB,SS For Street,1台分,,特殊品(例:TEMS・Adjustable・アクティブダンパー・セルフレベライザー・車高降下など)は、注釈がない場合は非装着品となります。<br>カートリッジは、非分解式ストラットには装着不可となります。年式内でもストラットの形状をご確認下さい。<br>自動ブレーキおよび車線逸脱警報等の衝突安全装置の作動について一切の保障は致しかねます。,67600,59000,,
トヨタ,レジアス,RCH47W,97/04～99/07,"グレード:スタンダード,ウィンドツアラー<br>ドア数:4ドア<br>駆動:4WD",,47584,,71431,KYB-qq-e-i-2717,KYB-qq-e-d-i-2717,フロント:SSB2029 2本<br>リア:SSB2035 2本,KYB,SS For Street,1台分,,特殊品(例:TEMS・Adjustable・アクティブダンパー・セルフレベライザー・車高降下など)は、注釈がない場合は非装着品となります。<br>カートリッジは、非分解式ストラットには装着不可となります。年式内でもストラットの形状をご確認下さい。<br>自動ブレーキおよび車線逸脱警報等の衝突安全装置の作動について一切の保障は致しかねます。,67600,59000,,
トヨタ,レジアス/ツーリングハイエース,RCH47W,97/04～,"グレード:G<br>ドア数:4ドア,5ドア<br>駆動:4WD",,47584,,72237,KYB-qq-e-i-2718,KYB-qq-e-d-i-2718,フロント:SSB2029 2本<br>リア:SSB2035 2本,KYB,SS For Street,1台分,,特殊品(例:TEMS・Adjustable・アクティブダンパー・セルフレベライザー・車高降下など)は、注釈がない場合は非装着品となります。<br>カートリッジは、非分解式ストラットには装着不可となります。年式内でもストラットの形状をご確認下さい。<br>自動ブレーキおよび車線逸脱警報等の衝突安全装置の作動について一切の保障は致しかねます。,67600,59000,,
日産,スカイライン,BNR32,89/08～93/02,グレード:GT-R.17<br>エンジン形式:RB26DETT<br>外観形式:2K<br>駆動:HI.4WD<br>その他:除く「Vスペック」,,54764,,74587,KYB-qq-e-i-2937,KYB-qq-e-d-i-2937,フロント:SSB9022 2本<br>リア:SSB9023 2本,KYB,SS For Street,1台分,,特殊品(例:TEMS・Adjustable・アクティブダンパー・セルフレベライザー・車高降下など)は、注釈がない場合は非装着品となります。<br>カートリッジは、非分解式ストラットには装着不可となります。年式内でもストラットの形状をご確認下さい。<br>自動ブレーキおよび車線逸脱警報等の衝突安全装置の作動について一切の保障は致しかねます。,78400,66000,,
日産,スカイライン,DR30,81/08～85/08,グレード:RSX<br>エンジン形式:FJ20T<br>外観形式:セダン,,57689,,73722,KYB-qq-e-i-2896,出さない,フロント:SSC4012 2本<br>リア:SSB9004 2本,KYB,SS For Street,1台分,,特殊品(例:TEMS・Adjustable・アクティブダンパー・セルフレベライザー・車高降下など)は、注釈がない場合は非装着品となります。<br>カートリッジは、非分解式ストラットには装着不可となります。年式内でもストラットの形状をご確認下さい。<br>自動ブレーキおよび車線逸脱警報等の衝突安全装置の作動について一切の保障は致しかねます。,82800,出さない,,
日産,スカイライン,ER30,81/08～82/10,グレード:GTX<br>エンジン形式:LD28<br>外観形式:セダン,,57689,,72731,KYB-qq-e-i-2898,出さない,フロント:SSC4012 2本<br>リア:SSB9004 2本,KYB,SS For Street,1台分,,特殊品(例:TEMS・Adjustable・アクティブダンパー・セルフレベライザー・車高降下など)は、注釈がない場合は非装着品となります。<br>カートリッジは、非分解式ストラットには装着不可となります。年式内でもストラットの形状をご確認下さい。<br>自動ブレーキおよび車線逸脱警報等の衝突安全装置の作動について一切の保障は致しかねます。,82800,出さない,,
日産,スカイライン,ER30,81/08～85/08,グレード:GTL<br>エンジン形式:LD28<br>外観形式:セダン,,57689,,73723,KYB-qq-e-i-2897,出さない,フロント:SSC4012 2本<br>リア:SSB9004 2本,KYB,SS For Street,1台分,,特殊品(例:TEMS・Adjustable・アクティブダンパー・セルフレベライザー・車高降下など)は、注釈がない場合は非装着品となります。<br>カートリッジは、非分解式ストラットには装着不可となります。年式内でもストラットの形状をご確認下さい。<br>自動ブレーキおよび車線逸脱警報等の衝突安全装置の作動について一切の保障は致しかねます。,82800,出さない,,
日産,スカイライン,ER34,98/05～,"グレード:20GT<br>エンジン形式:RB25DE<br>外観形式:2ドアハードトップ,4ドアセダン<br>駆動:2WD<br>その他:リヤ純正ショックアブソーバーの下部取付形状がアイタイプ",,54764,,72734,KYB-qq-e-i-2948,KYB-qq-e-d-i-2948,フロント:SSB9092 2本<br>リア:SSB9093 2本,KYB,SS For Street,1台分,,特殊品(例:TEMS・Adjustable・アクティブダンパー・セルフレベライザー・車高降下など)は、注釈がない場合は非装着品となります。<br>カートリッジは、非分解式ストラットには装着不可となります。年式内でもストラットの形状をご確認下さい。<br>自動ブレーキおよび車線逸脱警報等の衝突安全装置の作動について一切の保障は致しかねます。,78400,66000,,
日産,スカイライン,ER34,98/05～,"グレード:20GT<br>エンジン形式:RB25DE<br>外観形式:2ドアハードトップ,4ドアセダン<br>駆動:2WD<br>その他:リヤ純正ショックアブソーバーの下部取付形状がブラケットタイプ",,54764,,74878,KYB-qq-e-i-4752,KYB-qq-e-d-i-4752,フロント:SSB9092 2本<br>リア:SSB9095 2本,KYB,SS For Street,1台分,,特殊品(例:TEMS・Adjustable・アクティブダンパー・セルフレベライザー・車高降下など)は、注釈がない場合は非装着品となります。<br>カートリッジは、非分解式ストラットには装着不可となります。年式内でもストラットの形状をご確認下さい。<br>自動ブレーキおよび車線逸脱警報等の衝突安全装置の作動について一切の保障は致しかねます。,78400,66000,,
日産,スカイライン,ER34,98/05～,"グレード:25GT<br>エンジン形式:RB25DE<br>外観形式:2ドアハードトップ,4ドアセダン<br>駆動:2WD<br>その他:リヤ純正ショックアブソーバーの下部取付形状がアイタイプ",,54764,,71708,KYB-qq-e-i-2949,KYB-qq-e-d-i-2949,フロント:SSB9092 2本<br>リア:SSB9093 2本,KYB,SS For Street,1台分,,特殊品(例:TEMS・Adjustable・アクティブダンパー・セルフレベライザー・車高降下など)は、注釈がない場合は非装着品となります。<br>カートリッジは、非分解式ストラットには装着不可となります。年式内でもストラットの形状をご確認下さい。<br>自動ブレーキおよび車線逸脱警報等の衝突安全装置の作動について一切の保障は致しかねます。,78400,66000,,
日産,スカイライン,ER34,98/05～,"グレード:25GT<br>エンジン形式:RB25DE<br>外観形式:2ドアハードトップ,4ドアセダン<br>駆動:2WD<br>その他:リヤ純正ショックアブソーバーの下部取付形状がブラケットタイプ",,54764,,73113,KYB-qq-e-i-4753,KYB-qq-e-d-i-4753,フロント:SSB9092 2本<br>リア:SSB9095 2本,KYB,SS For Street,1台分,,特殊品(例:TEMS・Adjustable・アクティブダンパー・セルフレベライザー・車高降下など)は、注釈がない場合は非装着品となります。<br>カートリッジは、非分解式ストラットには装着不可となります。年式内でもストラットの形状をご確認下さい。<br>自動ブレーキおよび車線逸脱警報等の衝突安全装置の作動について一切の保障は致しかねます。,78400,66000,,
日産,スカイライン,ER34,98/05～,"グレード:25GTT<br>エンジン形式:RB25DET<br>外観形式:2ドアハードトップ,4ドアセダン<br>駆動:2WD<br>その他:リヤ純正ショックアブソーバーの下部取付形状がアイタイプ",,54764,,71226,KYB-qq-e-i-2950,KYB-qq-e-d-i-2950,フロント:SSB9092 2本<br>リア:SSB9093 2本,KYB,SS For Street,1台分,,特殊品(例:TEMS・Adjustable・アクティブダンパー・セルフレベライザー・車高降下など)は、注釈がない場合は非装着品となります。<br>カートリッジは、非分解式ストラットには装着不可となります。年式内でもストラットの形状をご確認下さい。<br>自動ブレーキおよび車線逸脱警報等の衝突安全装置の作動について一切の保障は致しかねます。,78400,66000,,
日産,スカイライン,ER34,98/05～,"グレード:25GTT<br>エンジン形式:RB25DET<br>外観形式:2ドアハードトップ,4ドアセダン<br>駆動:2WD<br>その他:リヤ純正ショックアブソーバーの下部取付形状がブラケットタイプ",,54764,,73649,KYB-qq-e-i-4754,KYB-qq-e-d-i-4754,フロント:SSB9092 2本<br>リア:SSB9095 2本,KYB,SS For Street,1台分,,特殊品(例:TEMS・Adjustable・アクティブダンパー・セルフレベライザー・車高降下など)は、注釈がない場合は非装着品となります。<br>カートリッジは、非分解式ストラットには装着不可となります。年式内でもストラットの形状をご確認下さい。<br>自動ブレーキおよび車線逸脱警報等の衝突安全装置の作動について一切の保障は致しかねます。,78400,66000,,
日産,スカイライン,ER34,98/05～,グレード:GTV<br>エンジン形式:RB25DE<br>外観形式:4ドアセダン<br>駆動:2WD<br>その他:リヤ純正ショックアブソーバーの下部取付形状がアイタイプ,,54764,,71707,KYB-qq-e-i-2947,KYB-qq-e-d-i-2947,フロント:SSB9092 2本<br>リア:SSB9093 2本,KYB,SS For Street,1台分,,特殊品(例:TEMS・Adjustable・アクティブダンパー・セルフレベライザー・車高降下など)は、注釈がない場合は非装着品となります。<br>カートリッジは、非分解式ストラットには装着不可となります。年式内でもストラットの形状をご確認下さい。<br>自動ブレーキおよび車線逸脱警報等の衝突安全装置の作動について一切の保障は致しかねます。,78400,66000,,
日産,スカイライン,ER34,98/05～,グレード:GTV<br>エンジン形式:RB25DE<br>外観形式:4ドアセダン<br>駆動:2WD<br>その他:リヤ純正ショックアブソーバーの下部取付形状がブラケットタイプ,,54764,,74352,KYB-qq-e-i-4751,KYB-qq-e-d-i-4751,フロント:SSB9092 2本<br>リア:SSB9095 2本,KYB,SS For Street,1台分,,特殊品(例:TEMS・Adjustable・アクティブダンパー・セルフレベライザー・車高降下など)は、注釈がない場合は非装着品となります。<br>カートリッジは、非分解式ストラットには装着不可となります。年式内でもストラットの形状をご確認下さい。<br>自動ブレーキおよび車線逸脱警報等の衝突安全装置の作動について一切の保障は致しかねます。,78400,66000,,
日産,スカイライン,FJR30,81/08～85/08,"グレード:TI,TIL,TILEXT,TIXEXT<br>エンジン形式:CA18S/E<br>外観形式:セダン",,57689,,74768,KYB-qq-e-i-2899,出さない,フロント:SSC4012 2本<br>リア:SSB9004 2本,KYB,SS For Street,1台分,,特殊品(例:TEMS・Adjustable・アクティブダンパー・セルフレベライザー・車高降下など)は、注釈がない場合は非装着品となります。<br>カートリッジは、非分解式ストラットには装着不可となります。年式内でもストラットの形状をご確認下さい。<br>自動ブレーキおよび車線逸脱警報等の衝突安全装置の作動について一切の保障は致しかねます。,82800,出さない,,
日産,スカイライン,HNR32,89/08～91/08,"グレード:GTS-4<br>エンジン形式:RB20DET<br>外観形式:2K,4K<br>駆動:HI.4WD",,54764,,71706,KYB-qq-e-i-2939,KYB-qq-e-d-i-2939,フロント:SSB9022 2本<br>リア:SSB9023 2本,KYB,SS For Street,1台分,,特殊品(例:TEMS・Adjustable・アクティブダンパー・セルフレベライザー・車高降下など)は、注釈がない場合は非装着品となります。<br>カートリッジは、非分解式ストラットには装着不可となります。年式内でもストラットの形状をご確認下さい。<br>自動ブレーキおよび車線逸脱警報等の衝突安全装置の作動について一切の保障は致しかねます。,78400,66000,,
日産,スカイライン,HR30,81/08～85/08,"グレード:GT,GTXEXT,GTL,GTX,GTS<br>エンジン形式:L20E/T/ET<br>外観形式:セダン",,57689,,72251,KYB-qq-e-i-2900,出さない,フロント:SSC4012 2本<br>リア:SSB9004 2本,KYB,SS For Street,1台分,,特殊品(例:TEMS・Adjustable・アクティブダンパー・セルフレベライザー・車高降下など)は、注釈がない場合は非装着品となります。<br>カートリッジは、非分解式ストラットには装着不可となります。年式内でもストラットの形状をご確認下さい。<br>自動ブレーキおよび車線逸脱警報等の衝突安全装置の作動について一切の保障は致しかねます。,82800,出さない,,
日産,スカイライン,HR31,85/08～86/05,グレード:GTPAS<br>エンジン形式:RB20T<br>外観形式:セダン<br>その他:アジャスタブル,,89067,,72732,KYB-qq-e-i-2918,KYB-qq-e-d-i-2918,フロント:SEP0030 2本<br>リア:SEA0030 2本,KYB,SS For Street,1台分,,特殊品(例:TEMS・Adjustable・アクティブダンパー・セルフレベライザー・車高降下など)は、注釈がない場合は非装着品となります。<br>カートリッジは、非分解式ストラットには装着不可となります。年式内でもストラットの形状をご確認下さい。<br>自動ブレーキおよび車線逸脱警報等の衝突安全装置の作動について一切の保障は致しかねます。,130000,109500,,
日産,スカイライン,HR34,98/05～,"グレード:20GT<br>エンジン形式:RB20DE<br>外観形式:2ドアハードトップ,4ドアセダン<br>駆動:2WD<br>その他:リヤ純正ショックアブソーバーの下部取付形状がアイタイプ",,54764,,72733,KYB-qq-e-i-2946,KYB-qq-e-d-i-2946,フロント:SSB9092 2本<br>リア:SSB9093 2本,KYB,SS For Street,1台分,,特殊品(例:TEMS・Adjustable・アクティブダンパー・セルフレベライザー・車高降下など)は、注釈がない場合は非装着品となります。<br>カートリッジは、非分解式ストラットには装着不可となります。年式内でもストラットの形状をご確認下さい。<br>自動ブレーキおよび車線逸脱警報等の衝突安全装置の作動について一切の保障は致しかねます。,78400,66000,,
日産,スカイライン,HR34,98/05～,"グレード:20GT<br>エンジン形式:RB20DE<br>外観形式:2ドアハードトップ,4ドアセダン<br>駆動:2WD<br>その他:リヤ純正ショックアブソーバーの下部取付形状がブラケットタイプ",,54764,,73648,KYB-qq-e-i-4750,KYB-qq-e-d-i-4750,フロント:SSB9092 2本<br>リア:SSB9095 2本,KYB,SS For Street,1台分,,特殊品(例:TEMS・Adjustable・アクティブダンパー・セルフレベライザー・車高降下など)は、注釈がない場合は非装着品となります。<br>カートリッジは、非分解式ストラットには装着不可となります。年式内でもストラットの形状をご確認下さい。<br>自動ブレーキおよび車線逸脱警報等の衝突安全装置の作動について一切の保障は致しかねます。,78400,66000,,
日産,スカイライン,KDR30,81/08～82/10,グレード:RS<br>エンジン形式:FJ20T<br>外観形式:ハードトップ,,57689,,71701,KYB-qq-e-i-2901,出さない,フロント:SSC4012 2本<br>リア:SSB9004 2本,KYB,SS For Street,1台分,,特殊品(例:TEMS・Adjustable・アクティブダンパー・セルフレベライザー・車高降下など)は、注釈がない場合は非装着品となります。<br>カートリッジは、非分解式ストラットには装着不可となります。年式内でもストラットの形状をご確認下さい。<br>自動ブレーキおよび車線逸脱警報等の衝突安全装置の作動について一切の保障は致しかねます。,82800,出さない,,
日産,スカイライン,KDR30,81/08～85/08,グレード:RSX<br>エンジン形式:FJ20T<br>外観形式:ハードトップ,,57689,,74243,KYB-qq-e-i-2902,出さない,フロント:SSC4012 2本<br>リア:SSB9004 2本,KYB,SS For Street,1台分,,特殊品(例:TEMS・Adjustable・アクティブダンパー・セルフレベライザー・車高降下など)は、注釈がない場合は非装着品となります。<br>カートリッジは、非分解式ストラットには装着不可となります。年式内でもストラットの形状をご確認下さい。<br>自動ブレーキおよび車線逸脱警報等の衝突安全装置の作動について一切の保障は致しかねます。,82800,出さない,,
日産,スカイライン,KFJR30,81/08～82/10,グレード:TIX<br>エンジン形式:CA18E<br>外観形式:ハードトップ,,57689,,71702,KYB-qq-e-i-2904,出さない,フロント:SSC4012 2本<br>リア:SSB9004 2本,KYB,SS For Street,1台分,,特殊品(例:TEMS・Adjustable・アクティブダンパー・セルフレベライザー・車高降下など)は、注釈がない場合は非装着品となります。<br>カートリッジは、非分解式ストラットには装着不可となります。年式内でもストラットの形状をご確認下さい。<br>自動ブレーキおよび車線逸脱警報等の衝突安全装置の作動について一切の保障は致しかねます。,82800,出さない,,
日産,スカイライン,KFJR30,81/08～83/08,グレード:TILEXT<br>エンジン形式:CA18S<br>外観形式:ハードトップ,,57689,,72252,KYB-qq-e-i-2903,出さない,フロント:SSC4012 2本<br>リア:SSB9004 2本,KYB,SS For Street,1台分,,特殊品(例:TEMS・Adjustable・アクティブダンパー・セルフレベライザー・車高降下など)は、注釈がない場合は非装着品となります。<br>カートリッジは、非分解式ストラットには装着不可となります。年式内でもストラットの形状をご確認下さい。<br>自動ブレーキおよび車線逸脱警報等の衝突安全装置の作動について一切の保障は致しかねます。,82800,出さない,,
日産,スカイライン,KHR30,81/08～83/08,グレード:GTS<br>エンジン形式:L20ET<br>外観形式:ハードトップ,,57689,,72254,KYB-qq-e-i-2907,出さない,フロント:SSC4012 2本<br>リア:SSB9004 2本,KYB,SS For Street,1台分,,特殊品(例:TEMS・Adjustable・アクティブダンパー・セルフレベライザー・車高降下など)は、注釈がない場合は非装着品となります。<br>カートリッジは、非分解式ストラットには装着不可となります。年式内でもストラットの形状をご確認下さい。<br>自動ブレーキおよび車線逸脱警報等の衝突安全装置の作動について一切の保障は致しかねます。,82800,出さない,,
日産,スカイライン,KHR30,81/08～84/08,"グレード:GTL,GTX,GTXEXT<br>エンジン形式:L20E<br>外観形式:ハードトップ",,57689,,72253,KYB-qq-e-i-2906,出さない,フロント:SSC4012 2本<br>リア:SSB9004 2本,KYB,SS For Street,1台分,,特殊品(例:TEMS・Adjustable・アクティブダンパー・セルフレベライザー・車高降下など)は、注釈がない場合は非装着品となります。<br>カートリッジは、非分解式ストラットには装着不可となります。年式内でもストラットの形状をご確認下さい。<br>自動ブレーキおよび車線逸脱警報等の衝突安全装置の作動について一切の保障は致しかねます。,82800,出さない,,
日産,スカイライン,KHR30,81/08～85/08,"グレード:GT,GT2<br>エンジン形式:L20T<br>外観形式:ハードトップ",,57689,,73221,KYB-qq-e-i-2905,出さない,フロント:SSC4012 2本<br>リア:SSB9004 2本,KYB,SS For Street,1台分,,特殊品(例:TEMS・Adjustable・アクティブダンパー・セルフレベライザー・車高降下など)は、注釈がない場合は非装着品となります。<br>カートリッジは、非分解式ストラットには装着不可となります。年式内でもストラットの形状をご確認下さい。<br>自動ブレーキおよび車線逸脱警報等の衝突安全装置の作動について一切の保障は致しかねます。,82800,出さない,,
日産,スカイライン,KHR31,85/08～89/05,グレード:GTEX<br>エンジン形式:RB20E<br>外観形式:4ドアハードトップ<br>その他:アジャスタブル,,89067,,70944,KYB-qq-e-i-2920,KYB-qq-e-d-i-2920,フロント:SEP0030 2本<br>リア:SEA0030 2本,KYB,SS For Street,1台分,,特殊品(例:TEMS・Adjustable・アクティブダンパー・セルフレベライザー・車高降下など)は、注釈がない場合は非装着品となります。<br>カートリッジは、非分解式ストラットには装着不可となります。年式内でもストラットの形状をご確認下さい。<br>自動ブレーキおよび車線逸脱警報等の衝突安全装置の作動について一切の保障は致しかねます。,130000,109500,,
日産,スカイライン,KHR31,85/08～89/05,グレード:GTPAS<br>エンジン形式:RB20T<br>外観形式:4ドアハードトップ<br>その他:アジャスタブル,,89067,,70945,KYB-qq-e-i-2921,KYB-qq-e-d-i-2921,フロント:SEP0030 2本<br>リア:SEA0030 2本,KYB,SS For Street,1台分,,特殊品(例:TEMS・Adjustable・アクティブダンパー・セルフレベライザー・車高降下など)は、注釈がない場合は非装着品となります。<br>カートリッジは、非分解式ストラットには装着不可となります。年式内でもストラットの形状をご確認下さい。<br>自動ブレーキおよび車線逸脱警報等の衝突安全装置の作動について一切の保障は致しかねます。,130000,109500,,
日産,スカイライン,KHR31,86/05～89/05,グレード:GTSX<br>エンジン形式:RB20E<br>外観形式:2ドアハードトップ<br>その他:アジャスタブル,,89067,,73224,KYB-qq-e-i-2922,KYB-qq-e-d-i-2922,フロント:SEP0030 2本<br>リア:SEA0030 2本,KYB,SS For Street,1台分,,特殊品(例:TEMS・Adjustable・アクティブダンパー・セルフレベライザー・車高降下など)は、注釈がない場合は非装着品となります。<br>カートリッジは、非分解式ストラットには装着不可となります。年式内でもストラットの形状をご確認下さい。<br>自動ブレーキおよび車線逸脱警報等の衝突安全装置の作動について一切の保障は致しかねます。,130000,109500,,
日産,スカイライン,KPJR30,81/08～85/08,グレード:TIL<br>エンジン形式:Z18S<br>外観形式:ハードトップ,,57689,,74244,KYB-qq-e-i-2908,出さない,フロント:SSC4012 2本<br>リア:SSB9004 2本,KYB,SS For Street,1台分,,特殊品(例:TEMS・Adjustable・アクティブダンパー・セルフレベライザー・車高降下など)は、注釈がない場合は非装着品となります。<br>カートリッジは、非分解式ストラットには装着不可となります。年式内でもストラットの形状をご確認下さい。<br>自動ブレーキおよび車線逸脱警報等の衝突安全装置の作動について一切の保障は致しかねます。,82800,出さない,,
日産,スカイライン,KRR31,86/05～89/05,グレード:GTPAS<br>エンジン形式:RB20DT<br>外観形式:4ドアハードトップ<br>その他:アジャスタブル,,89067,,74583,KYB-qq-e-i-2924,KYB-qq-e-d-i-2924,フロント:SEP0030 2本<br>リア:SEA0030 2本,KYB,SS For Street,1台分,,特殊品(例:TEMS・Adjustable・アクティブダンパー・セルフレベライザー・車高降下など)は、注釈がない場合は非装着品となります。<br>カートリッジは、非分解式ストラットには装着不可となります。年式内でもストラットの形状をご確認下さい。<br>自動ブレーキおよび車線逸脱警報等の衝突安全装置の作動について一切の保障は致しかねます。,130000,109500,,
日産,スカイライン,KRR31,86/05～89/05,グレード:GTS<br>エンジン形式:RB20D<br>外観形式:2ドアハードトップ<br>その他:アジャスタブル,,89067,,74584,KYB-qq-e-i-2925,KYB-qq-e-d-i-2925,フロント:SEP0030 2本<br>リア:SEA0030 2本,KYB,SS For Street,1台分,,特殊品(例:TEMS・Adjustable・アクティブダンパー・セルフレベライザー・車高降下など)は、注釈がない場合は非装着品となります。<br>カートリッジは、非分解式ストラットには装着不可となります。年式内でもストラットの形状をご確認下さい。<br>自動ブレーキおよび車線逸脱警報等の衝突安全装置の作動について一切の保障は致しかねます。,130000,109500,,
日産,スカイライン,KRR31,86/05～89/05,グレード:GTS<br>エンジン形式:RB20DT<br>外観形式:4ドアハードトップ<br>その他:アジャスタブル,,89067,,74586,KYB-qq-e-i-2927,KYB-qq-e-d-i-2927,フロント:SEP0030 2本<br>リア:SEA0030 2本,KYB,SS For Street,1台分,,特殊品(例:TEMS・Adjustable・アクティブダンパー・セルフレベライザー・車高降下など)は、注釈がない場合は非装着品となります。<br>カートリッジは、非分解式ストラットには装着不可となります。年式内でもストラットの形状をご確認下さい。<br>自動ブレーキおよび車線逸脱警報等の衝突安全装置の作動について一切の保障は致しかねます。,130000,109500,,
日産,スカイライン,KUJR30,81/08～82/10,グレード:TIL<br>エンジン形式:Z20E<br>外観形式:ハードトップ,,57689,,72255,KYB-qq-e-i-2909,出さない,フロント:SSC4012 2本<br>リア:SSB9004 2本,KYB,SS For Street,1台分,,特殊品(例:TEMS・Adjustable・アクティブダンパー・セルフレベライザー・車高降下など)は、注釈がない場合は非装着品となります。<br>カートリッジは、非分解式ストラットには装着不可となります。年式内でもストラットの形状をご確認下さい。<br>自動ブレーキおよび車線逸脱警報等の衝突安全装置の作動について一切の保障は致しかねます。,82800,出さない,,
日産,スカイライン,KUJR30,81/08～85/08,グレード:TIX<br>エンジン形式:Z20E<br>外観形式:ハードトップ,,57689,,72256,KYB-qq-e-i-2910,出さない,フロント:SSC4012 2本<br>リア:SSB9004 2本,KYB,SS For Street,1台分,,特殊品(例:TEMS・Adjustable・アクティブダンパー・セルフレベライザー・車高降下など)は、注釈がない場合は非装着品となります。<br>カートリッジは、非分解式ストラットには装着不可となります。年式内でもストラットの形状をご確認下さい。<br>自動ブレーキおよび車線逸脱警報等の衝突安全装置の作動について一切の保障は致しかねます。,82800,出さない,,
日産,スカイライン,PJR30,81/08～82/10,"グレード:TI,TIL<br>エンジン形式:Z18S<br>外観形式:セダン",,57689,,72257,KYB-qq-e-i-2911,出さない,フロント:SSC4012 2本<br>リア:SSB9004 2本,KYB,SS For Street,1台分,,特殊品(例:TEMS・Adjustable・アクティブダンパー・セルフレベライザー・車高降下など)は、注釈がない場合は非装着品となります。<br>カートリッジは、非分解式ストラットには装着不可となります。年式内でもストラットの形状をご確認下さい。<br>自動ブレーキおよび車線逸脱警報等の衝突安全装置の作動について一切の保障は致しかねます。,82800,出さない,,
日産,スカイライン,RFJR30,81/08～85/08,グレード:TILEXT<br>エンジン形式:CA18S<br>外観形式:ハッチバック,,57689,,74770,KYB-qq-e-i-2912,出さない,フロント:SSC4012 2本<br>リア:SSB9004 2本,KYB,SS For Street,1台分,,特殊品(例:TEMS・Adjustable・アクティブダンパー・セルフレベライザー・車高降下など)は、注釈がない場合は非装着品となります。<br>カートリッジは、非分解式ストラットには装着不可となります。年式内でもストラットの形状をご確認下さい。<br>自動ブレーキおよび車線逸脱警報等の衝突安全装置の作動について一切の保障は致しかねます。,82800,出さない,,
日産,スカイライン,RHR30,81/08～85/08,"グレード:GTL,GTX,GTXEXT<br>エンジン形式:L20E<br>外観形式:ハッチバック",,57689,,74245,KYB-qq-e-i-2913,出さない,フロント:SSC4012 2本<br>リア:SSB9004 2本,KYB,SS For Street,1台分,,特殊品(例:TEMS・Adjustable・アクティブダンパー・セルフレベライザー・車高降下など)は、注釈がない場合は非装着品となります。<br>カートリッジは、非分解式ストラットには装着不可となります。年式内でもストラットの形状をご確認下さい。<br>自動ブレーキおよび車線逸脱警報等の衝突安全装置の作動について一切の保障は致しかねます。,82800,出さない,,
日産,スカイライン,RPJR30,81/08～85/08,グレード:TIL<br>エンジン形式:Z18S<br>外観形式:ハッチバック,,57689,,72258,KYB-qq-e-i-2914,出さない,フロント:SSC4012 2本<br>リア:SSB9004 2本,KYB,SS For Street,1台分,,特殊品(例:TEMS・Adjustable・アクティブダンパー・セルフレベライザー・車高降下など)は、注釈がない場合は非装着品となります。<br>カートリッジは、非分解式ストラットには装着不可となります。年式内でもストラットの形状をご確認下さい。<br>自動ブレーキおよび車線逸脱警報等の衝突安全装置の作動について一切の保障は致しかねます。,82800,出さない,,
日産,スカイライン,RR31,85/08～87/08,グレード:GTEX<br>エンジン形式:RB20D<br>外観形式:セダン<br>その他:アジャスタブル,,89067,,71705,KYB-qq-e-i-2930,KYB-qq-e-d-i-2930,フロント:SEP0030 2本<br>リア:SEA0030 2本,KYB,SS For Street,1台分,,特殊品(例:TEMS・Adjustable・アクティブダンパー・セルフレベライザー・車高降下など)は、注釈がない場合は非装着品となります。<br>カートリッジは、非分解式ストラットには装着不可となります。年式内でもストラットの形状をご確認下さい。<br>自動ブレーキおよび車線逸脱警報等の衝突安全装置の作動について一切の保障は致しかねます。,130000,109500,,
日産,スカイライン,RUJR30,81/08～85/08,グレード:TIX<br>エンジン形式:Z20E<br>外観形式:ハッチバック,,57689,,74771,KYB-qq-e-i-2915,出さない,フロント:SSC4012 2本<br>リア:SSB9004 2本,KYB,SS For Street,1台分,,特殊品(例:TEMS・Adjustable・アクティブダンパー・セルフレベライザー・車高降下など)は、注釈がない場合は非装着品となります。<br>カートリッジは、非分解式ストラットには装着不可となります。年式内でもストラットの形状をご確認下さい。<br>自動ブレーキおよび車線逸脱警報等の衝突安全装置の作動について一切の保障は致しかねます。,82800,出さない,,
日産,スカイライン,SR31,86/05～89/05,グレード:GTD<br>エンジン形式:RD28<br>外観形式:セダン<br>その他:アジャスタブル,,89067,,74080,KYB-qq-e-i-2934,KYB-qq-e-d-i-2934,フロント:SEP0030 2本<br>リア:SEA0030 2本,KYB,SS For Street,1台分,,特殊品(例:TEMS・Adjustable・アクティブダンパー・セルフレベライザー・車高降下など)は、注釈がない場合は非装着品となります。<br>カートリッジは、非分解式ストラットには装着不可となります。年式内でもストラットの形状をご確認下さい。<br>自動ブレーキおよび車線逸脱警報等の衝突安全装置の作動について一切の保障は致しかねます。,130000,109500,,
日産,スカイライン,UJR30,81/08～82/10,"グレード:TIL,TIX<br>エンジン形式:Z20E<br>外観形式:セダン",,57689,,73222,KYB-qq-e-i-2916,出さない,フロント:SSC4012 2本<br>リア:SSB9004 2本,KYB,SS For Street,1台分,,特殊品(例:TEMS・Adjustable・アクティブダンパー・セルフレベライザー・車高降下など)は、注釈がない場合は非装着品となります。<br>カートリッジは、非分解式ストラットには装着不可となります。年式内でもストラットの形状をご確認下さい。<br>自動ブレーキおよび車線逸脱警報等の衝突安全装置の作動について一切の保障は致しかねます。,82800,出さない,,
日産,スカイライン,YHR30,81/08～85/08,グレード:Y<br>エンジン形式:L20T<br>外観形式:セダン,,57689,,71703,KYB-qq-e-i-2917,出さない,フロント:SSC4012 2本<br>リア:SSB9004 2本,KYB,SS For Street,1台分,,特殊品(例:TEMS・Adjustable・アクティブダンパー・セルフレベライザー・車高降下など)は、注釈がない場合は非装着品となります。<br>カートリッジは、非分解式ストラットには装着不可となります。年式内でもストラットの形状をご確認下さい。<br>自動ブレーキおよび車線逸脱警報等の衝突安全装置の作動について一切の保障は致しかねます。,82800,出さない,,
日産,セフィーロ,LNA31,90/08～,"エンジン形式:RB20DT<br>駆動:4WD,IRS",,54764,,73721,KYB-qq-e-i-2856,KYB-qq-e-d-i-2856,フロント:SSB9022 2本<br>リア:SSB9023 2本,KYB,SS For Street,1台分,,特殊品(例:TEMS・Adjustable・アクティブダンパー・セルフレベライザー・車高降下など)は、注釈がない場合は非装着品となります。<br>カートリッジは、非分解式ストラットには装着不可となります。年式内でもストラットの形状をご確認下さい。<br>自動ブレーキおよび車線逸脱警報等の衝突安全装置の作動について一切の保障は致しかねます。,78400,66000,,
日産,セフィーロ,NA31,90/08～92/06,"エンジン形式:RB20DT<br>駆動:4WD,IRS",,54764,,72247,KYB-qq-e-i-2857,KYB-qq-e-d-i-2857,フロント:SSB9022 2本<br>リア:SSB9023 2本,KYB,SS For Street,1台分,,特殊品(例:TEMS・Adjustable・アクティブダンパー・セルフレベライザー・車高降下など)は、注釈がない場合は非装着品となります。<br>カートリッジは、非分解式ストラットには装着不可となります。年式内でもストラットの形状をご確認下さい。<br>自動ブレーキおよび車線逸脱警報等の衝突安全装置の作動について一切の保障は致しかねます。,78400,66000,,
日産,フェアレディZ,KPGZ31,83/09～86/01,グレード:ZR2<br>エンジン形式:RB20DT<br>乗員数:4シーター<br>その他:除く アジャスタブル,,54099,,72248,KYB-qq-e-i-2858,KYB-qq-e-d-i-2858,フロント:SSP4078 2本<br>リア:SSB2004 2本,KYB,SS For Street,1台分,,特殊品(例:TEMS・Adjustable・アクティブダンパー・セルフレベライザー・車高降下など)は、注釈がない場合は非装着品となります。<br>カートリッジは、非分解式ストラットには装着不可となります。年式内でもストラットの形状をご確認下さい。<br>自動ブレーキおよび車線逸脱警報等の衝突安全装置の作動について一切の保障は致しかねます。,77400,75400,,
日産,フェアレディZ,KPZ31,83/09～86/10,グレード:ZR2<br>エンジン形式:RB20DT<br>乗員数:2シーター<br>その他:除く アジャスタブル,,54099,,74762,KYB-qq-e-i-2859,KYB-qq-e-d-i-2859,フロント:SSP4078 2本<br>リア:SSB2004 2本,KYB,SS For Street,1台分,,特殊品(例:TEMS・Adjustable・アクティブダンパー・セルフレベライザー・車高降下など)は、注釈がない場合は非装着品となります。<br>カートリッジは、非分解式ストラットには装着不可となります。年式内でもストラットの形状をご確認下さい。<br>自動ブレーキおよび車線逸脱警報等の衝突安全装置の作動について一切の保障は致しかねます。,77400,75400,,
日産,フェアレディZ,PGZ31,83/09～85/10,グレード:ZR1<br>エンジン形式:RB20DT<br>乗員数:4シーター<br>その他:除く アジャスタブル,,54099,,72729,KYB-qq-e-i-2860,KYB-qq-e-d-i-2860,フロント:SSP4078 2本<br>リア:SSB2004 2本,KYB,SS For Street,1台分,,特殊品(例:TEMS・Adjustable・アクティブダンパー・セルフレベライザー・車高降下など)は、注釈がない場合は非装着品となります。<br>カートリッジは、非分解式ストラットには装着不可となります。年式内でもストラットの形状をご確認下さい。<br>自動ブレーキおよび車線逸脱警報等の衝突安全装置の作動について一切の保障は致しかねます。,77400,75400,,
日産,フェアレディZ,Z33,02/07～03/10,エンジン形式:VQ35DE<br>駆動:FR,,58088,,74763,KYB-qq-e-i-2861,KYB-qq-e-d-i-2861,フロント:SSB9422R/SSB9422L 各1本<br>リア:SSB2073 2本,KYB,SS For Street,1台分,,特殊品(例:TEMS・Adjustable・アクティブダンパー・セルフレベライザー・車高降下など)は、注釈がない場合は非装着品となります。<br>カートリッジは、非分解式ストラットには装着不可となります。年式内でもストラットの形状をご確認下さい。<br>自動ブレーキおよび車線逸脱警報等の衝突安全装置の作動について一切の保障は致しかねます。,83400,69300,,
日産,ローレル,EJC31/KEJC31,80/11～84/10,エンジン形式:LD28<br>外観形式:セダン/ハードトップ,,57689,,70942,KYB-qq-e-i-2863,出さない,フロント:SSC4012 2本<br>リア:SSB9004 2本,KYB,SS For Street,1台分,,特殊品(例:TEMS・Adjustable・アクティブダンパー・セルフレベライザー・車高降下など)は、注釈がない場合は非装着品となります。<br>カートリッジは、非分解式ストラットには装着不可となります。年式内でもストラットの形状をご確認下さい。<br>自動ブレーキおよび車線逸脱警報等の衝突安全装置の作動について一切の保障は致しかねます。,82800,出さない,,
日産,ローレル,FC31/FJC31/KFC31/KFJC31/TFJC31,80/10～84/10,"グレード:GL,SGL,STD,DS<br>エンジン形式:CA18S<br>外観形式:セダン/ハードトップ",,57689,,74241,KYB-qq-e-i-2864,出さない,フロント:SSC4012 2本<br>リア:SSB9004 2本,KYB,SS For Street,1台分,,特殊品(例:TEMS・Adjustable・アクティブダンパー・セルフレベライザー・車高降下など)は、注釈がない場合は非装着品となります。<br>カートリッジは、非分解式ストラットには装着不可となります。年式内でもストラットの形状をご確認下さい。<br>自動ブレーキおよび車線逸脱警報等の衝突安全装置の作動について一切の保障は致しかねます。,82800,出さない,,
日産,ローレル,HC31/HJC31/KHC31,80/11～84/10,"グレード:GX,SGL,MD,SGX,MD<br>エンジン形式:L20E,L20S,L20T<br>外観形式:セダン/ハードトップ<br>その他:除くリアオートレベライザー",,57689,,72250,KYB-qq-e-i-2866,出さない,フロント:SSC4012 2本<br>リア:SSB9004 2本,KYB,SS For Street,1台分,,特殊品(例:TEMS・Adjustable・アクティブダンパー・セルフレベライザー・車高降下など)は、注釈がない場合は非装着品となります。<br>カートリッジは、非分解式ストラットには装着不可となります。年式内でもストラットの形状をご確認下さい。<br>自動ブレーキおよび車線逸脱警報等の衝突安全装置の作動について一切の保障は致しかねます。,82800,出さない,,
日産,ローレル,JC31/SJC31/TJC31/TSJC31,80/11～84/10,"グレード:STD,CST,GL,STD,DS<br>エンジン形式:LD20<br>外観形式:セダン",,57689,,73219,KYB-qq-e-i-2870,出さない,フロント:SSC4012 2本<br>リア:SSB9004 2本,KYB,SS For Street,1台分,,特殊品(例:TEMS・Adjustable・アクティブダンパー・セルフレベライザー・車高降下など)は、注釈がない場合は非装着品となります。<br>カートリッジは、非分解式ストラットには装着不可となります。年式内でもストラットの形状をご確認下さい。<br>自動ブレーキおよび車線逸脱警報等の衝突安全装置の作動について一切の保障は致しかねます。,82800,出さない,,
日産,ローレル,NC31/KNC31,80/11～84/10,グレード:MD<br>エンジン形式:L28E<br>外観形式:セダン/ハードトップ<br>その他:除くリアオートレベライザー,,57689,,74764,KYB-qq-e-i-2876,出さない,フロント:SSC4012 2本<br>リア:SSB9004 2本,KYB,SS For Street,1台分,,特殊品(例:TEMS・Adjustable・アクティブダンパー・セルフレベライザー・車高降下など)は、注釈がない場合は非装着品となります。<br>カートリッジは、非分解式ストラットには装着不可となります。年式内でもストラットの形状をご確認下さい。<br>自動ブレーキおよび車線逸脱警報等の衝突安全装置の作動について一切の保障は致しかねます。,82800,出さない,,
日産,ローレル,PC31/PJC31/KPJC31/TPJC31,80/11～84/10,"グレード:CST,GL,SGL,STD,DS<br>エンジン形式:Z18S<br>外観形式:セダン/ハードトップ",,57689,,74242,KYB-qq-e-i-2882,出さない,フロント:SSC4012 2本<br>リア:SSB9004 2本,KYB,SS For Street,1台分,,特殊品(例:TEMS・Adjustable・アクティブダンパー・セルフレベライザー・車高降下など)は、注釈がない場合は非装着品となります。<br>カートリッジは、非分解式ストラットには装着不可となります。年式内でもストラットの形状をご確認下さい。<br>自動ブレーキおよび車線逸脱警報等の衝突安全装置の作動について一切の保障は致しかねます。,82800,出さない,,
日産,ローレル,UC31/UJC31/KUC31/KUJC31,80/11～84/10,"グレード:GL,SGL<br>エンジン形式:Z20S<br>外観形式:セダン/ハードトップ",,57689,,74765,KYB-qq-e-i-2889,出さない,フロント:SSC4012 2本<br>リア:SSB9004 2本,KYB,SS For Street,1台分,,特殊品(例:TEMS・Adjustable・アクティブダンパー・セルフレベライザー・車高降下など)は、注釈がない場合は非装着品となります。<br>カートリッジは、非分解式ストラットには装着不可となります。年式内でもストラットの形状をご確認下さい。<br>自動ブレーキおよび車線逸脱警報等の衝突安全装置の作動について一切の保障は致しかねます。,82800,出さない,,
マツダ,RX-7,FC3C,85/09～89/07,グレード:カブリオレ<br>エンジン種別:ターボ<br>エンジン形式:13B<br>外観形式:カブリオレ<br>乗員数:2<br>その他:ハードサス 100001～200000,,72048,,71713,KYB-qq-e-i-3002,KYB-qq-e-d-i-3002,フロント:SST5030R/SST5030L 各1本<br>リア:SSB9012 2本,KYB,SS For Street,1台分,,特殊品(例:TEMS・Adjustable・アクティブダンパー・セルフレベライザー・車高降下など)は、注釈がない場合は非装着品となります。<br>カートリッジは、非分解式ストラットには装着不可となります。年式内でもストラットの形状をご確認下さい。<br>自動ブレーキおよび車線逸脱警報等の衝突安全装置の作動について一切の保障は致しかねます。,104400,82900,,
マツダ,RX-7,FC3S,85/09～91/09,"グレード:GT-R,GT-X<br>エンジン種別:ターボ<br>エンジン形式:13B<br>外観形式:クーペ<br>その他:ハードサス,200001～",,72048,,71230,KYB-qq-e-i-3003,KYB-qq-e-d-i-3003,フロント:SST5030R/SST5030L 各1本<br>リア:SSB9012 2本,KYB,SS For Street,1台分,,特殊品(例:TEMS・Adjustable・アクティブダンパー・セルフレベライザー・車高降下など)は、注釈がない場合は非装着品となります。<br>カートリッジは、非分解式ストラットには装着不可となります。年式内でもストラットの形状をご確認下さい。<br>自動ブレーキおよび車線逸脱警報等の衝突安全装置の作動について一切の保障は致しかねます。,104400,82900,,
マツダ,RX-7,FC3S,85/09～91/09,"グレード:アンフィニ<br>エンジン種別:ターボ<br>エンジン形式:13B<br>外観形式:クーペ<br>その他:スペシャルサス(AAサスナシ),ハードサス,119381～",,72048,,71712,KYB-qq-e-i-3001,KYB-qq-e-d-i-3001,フロント:SST5030R/SST5030L 各1本<br>リア:SSB9012 2本,KYB,SS For Street,1台分,,特殊品(例:TEMS・Adjustable・アクティブダンパー・セルフレベライザー・車高降下など)は、注釈がない場合は非装着品となります。<br>カートリッジは、非分解式ストラットには装着不可となります。年式内でもストラットの形状をご確認下さい。<br>自動ブレーキおよび車線逸脱警報等の衝突安全装置の作動について一切の保障は致しかねます。,104400,82900,,
マツダ,RX-7,FC3S/FC3C,85/09～91/09,"グレード:含む「GT」<br>エンジン種別:ターボ<br>エンジン形式:13B<br>外観形式:クーペ,カブリオレ<br>その他:ハードサス,100001～,除くABS付車",,72048,,70721,KYB-qq-e-i-3000,KYB-qq-e-d-i-3000,フロント:SST5030R/SST5030L 各1本<br>リア:SSB9012 2本,KYB,SS For Street,1台分,,特殊品(例:TEMS・Adjustable・アクティブダンパー・セルフレベライザー・車高降下など)は、注釈がない場合は非装着品となります。<br>カートリッジは、非分解式ストラットには装着不可となります。年式内でもストラットの形状をご確認下さい。<br>自動ブレーキおよび車線逸脱警報等の衝突安全装置の作動について一切の保障は致しかねます。,104400,82900,,
マツダ,ロードスター,NA6CE,89/06～,エンジン種別:DOHC<br>ドア数:2ドア<br>乗員数:2シーター<br>駆動:FR<br>その他:100001～,,54764,,70722,KYB-qq-e-i-3005,KYB-qq-e-d-i-3005,フロント:SSB9024 2本<br>リア:SSB9025 2本,KYB,SS For Street,1台分,,特殊品(例:TEMS・Adjustable・アクティブダンパー・セルフレベライザー・車高降下など)は、注釈がない場合は非装着品となります。<br>カートリッジは、非分解式ストラットには装着不可となります。年式内でもストラットの形状をご確認下さい。<br>自動ブレーキおよび車線逸脱警報等の衝突安全装置の作動について一切の保障は致しかねます。,78400,66000,,
マツダ,ロードスター,NA8C,89/06～,エンジン種別:DOHC<br>ドア数:2ドア<br>乗員数:2シーター<br>駆動:FR<br>その他:100001～,,54764,,70723,KYB-qq-e-i-3006,KYB-qq-e-d-i-3006,フロント:SSB9024 2本<br>リア:SSB9025 2本,KYB,SS For Street,1台分,,特殊品(例:TEMS・Adjustable・アクティブダンパー・セルフレベライザー・車高降下など)は、注釈がない場合は非装着品となります。<br>カートリッジは、非分解式ストラットには装着不可となります。年式内でもストラットの形状をご確認下さい。<br>自動ブレーキおよび車線逸脱警報等の衝突安全装置の作動について一切の保障は致しかねます。,78400,66000,,
三菱,GTO,Z15A,90/09～91/12,グレード:GTOツインターボ<br>エンジン形式:3000ガソリン<br>駆動:4WD<br>その他:ECS車,,72048,,73227,KYB-qq-e-i-2980,KYB-qq-e-d-i-2980,フロント:SST5073R.L 2本<br>リア:SSB9030 2本,KYB,SS For Street,1台分,装着後ECS機能は使用不可,特殊品(例:TEMS・Adjustable・アクティブダンパー・セルフレベライザー・車高降下など)は、注釈がない場合は非装着品となります。<br>カートリッジは、非分解式ストラットには装着不可となります。年式内でもストラットの形状をご確認下さい。<br>自動ブレーキおよび車線逸脱警報等の衝突安全装置の作動について一切の保障は致しかねます。,104400,82900,,
三菱,GTO,Z15A,94/08～00/08,"グレード:GTOツインターボMR,GTO-SR<br>エンジン形式:3000ガソリン<br>駆動:4WD",,72048,,71709,KYB-qq-e-i-2978,KYB-qq-e-d-i-2978,フロント:SST5073R.L 2本<br>リア:SSB9052 2本,KYB,SS For Street,1台分,,特殊品(例:TEMS・Adjustable・アクティブダンパー・セルフレベライザー・車高降下など)は、注釈がない場合は非装着品となります。<br>カートリッジは、非分解式ストラットには装着不可となります。年式内でもストラットの形状をご確認下さい。<br>自動ブレーキおよび車線逸脱警報等の衝突安全装置の作動について一切の保障は致しかねます。,104400,82900,,
三菱,GTO,Z15A,95/07～00/08,グレード:GTO-SR<br>エンジン形式:3000ガソリン<br>駆動:4WD<br>その他:ECS車,,72048,,74591,KYB-qq-e-i-2979,KYB-qq-e-d-i-2979,フロント:SST5073R.L 2本<br>リア:SSB9030 2本,KYB,SS For Street,1台分,装着後ECS機能は使用不可,特殊品(例:TEMS・Adjustable・アクティブダンパー・セルフレベライザー・車高降下など)は、注釈がない場合は非装着品となります。<br>カートリッジは、非分解式ストラットには装着不可となります。年式内でもストラットの形状をご確認下さい。<br>自動ブレーキおよび車線逸脱警報等の衝突安全装置の作動について一切の保障は致しかねます。,104400,82900,,
三菱,GTO,Z16A,90/09～00/08,"グレード:GTOツインターボ<br>エンジン形式:3000ガソリン<br>駆動:4WD,4WS<br>その他:ECS車",,72048,,73727,KYB-qq-e-i-2984,KYB-qq-e-d-i-2984,フロント:SST5073R.L 2本<br>リア:SSB9030 2本,KYB,SS For Street,1台分,装着後ECS機能は使用不可,特殊品(例:TEMS・Adjustable・アクティブダンパー・セルフレベライザー・車高降下など)は、注釈がない場合は非装着品となります。<br>カートリッジは、非分解式ストラットには装着不可となります。年式内でもストラットの形状をご確認下さい。<br>自動ブレーキおよび車線逸脱警報等の衝突安全装置の作動について一切の保障は致しかねます。,104400,82900,,
三菱,GTO,Z16A,90/09～95/06,"グレード:GTO<br>エンジン形式:3000ガソリン<br>駆動:4WD,4WS",,72048,,73726,KYB-qq-e-i-2981,KYB-qq-e-d-i-2981,フロント:SST5073R.L 2本<br>リア:SSB9052 2本,KYB,SS For Street,1台分,,特殊品(例:TEMS・Adjustable・アクティブダンパー・セルフレベライザー・車高降下など)は、注釈がない場合は非装着品となります。<br>カートリッジは、非分解式ストラットには装着不可となります。年式内でもストラットの形状をご確認下さい。<br>自動ブレーキおよび車線逸脱警報等の衝突安全装置の作動について一切の保障は致しかねます。,104400,82900,,
三菱,GTO,Z16A,90/09～95/06,"グレード:GTO<br>エンジン形式:3000ガソリン<br>駆動:4WD,4WS<br>その他:ECS車",,72048,,71227,KYB-qq-e-i-2983,KYB-qq-e-d-i-2983,フロント:SST5073R.L 2本<br>リア:SSB9030 2本,KYB,SS For Street,1台分,装着後ECS機能は使用不可,特殊品(例:TEMS・Adjustable・アクティブダンパー・セルフレベライザー・車高降下など)は、注釈がない場合は非装着品となります。<br>カートリッジは、非分解式ストラットには装着不可となります。年式内でもストラットの形状をご確認下さい。<br>自動ブレーキおよび車線逸脱警報等の衝突安全装置の作動について一切の保障は致しかねます。,104400,82900,,
三菱,GTO,Z16A,92/01～02/01,グレード:GTOツインターボMRスペシャルバージョン<br>エンジン形式:3000ガソリン<br>駆動:4WD<br>その他:ECS車,,72048,,74592,KYB-qq-e-i-2982,KYB-qq-e-d-i-2982,フロント:SST5073R.L 2本<br>リア:SSB9030 2本,KYB,SS For Street,1台分,装着後ECS機能は使用不可,特殊品(例:TEMS・Adjustable・アクティブダンパー・セルフレベライザー・車高降下など)は、注釈がない場合は非装着品となります。<br>カートリッジは、非分解式ストラットには装着不可となります。年式内でもストラットの形状をご確認下さい。<br>自動ブレーキおよび車線逸脱警報等の衝突安全装置の作動について一切の保障は致しかねます。,104400,82900,,
