自動車メーカー,車種,型式,年式,エンジン型式,適合詳細,セット内容,販売価格,Camp価格,商品ID,物販コード,メーカー品番,メーカー名,並び替え用,商品名,,備考,注意事項,定価,入り送料
スズキ,スイフトスポーツ,ZC31S,,M16A,,スポーツフェーシング(ノンアスベスト)ディスク,18819,,293097,22200-M16-00N-qq-e-177k,22200-M16-00N,TODA RACING,4,スポーツフェーシングディスク,超軽量クロモリフライホイール＆クラッチKIT,,,19800,1200
スズキ,スイフトスポーツ,ZC31S,,M16A,,メタルディスク,24713,,293096,22200-M16-00M-qq-e-178k,22200-M16-00M,TODA RACING,4,メタルディスク,超軽量クロモリフライホイール＆クラッチKIT,,,26800,1200
スズキ,スイフトスポーツ,ZC31S,,M16A,,強化クラッチカバー,24713,,293127,22300-M16-000-qq-e-179k,22300-M16-000,TODA RACING,,強化クラッチカバー,超軽量クロモリフライホイール＆クラッチKIT,,,26800,1200
スズキ,スイフトスポーツ,ZC31S,,M16A,,クロモリフライホイール(3.5kg),34277,,293042,22100-M16-000-qq-e-180k,22100-M16-000,TODA RACING,,超軽量クロモリフライホイール,超軽量クロモリフライホイール＆クラッチKIT,,トランスミッションのタイプにより、アイドリング時のバックラッシュ音が大きくなる場合があります。,46000,0
スズキ,スイフトスポーツ,ZC31S,,M16A,,クロモリフライホイール(3.5kg)<br>強化クラッチカバー<br>スポーツフェーシング(ノンアスベスト)ディスク(バランス調整済),70909,,293187,26000-M16-00N-qq-e-56k,26000-M16-00N,TODA RACING,,超軽量クロモリフライホイール&クラッチKIT(スポーツディスク),超軽量クロモリフライホイール＆クラッチKIT,,トランスミッションのタイプにより、アイドリング時のバックラッシュ音が大きくなる場合があります。,92600,0
スズキ,スイフトスポーツ,ZC31S,,M16A,,クロモリフライホイール(3.5kg)<br>強化クラッチカバー<br>メタルディスク(バランス調整済),76105,,293186,26000-M16-00M-qq-e-57k,26000-M16-00M,TODA RACING,,超軽量クロモリフライホイール&クラッチKIT(メタルディスク),超軽量クロモリフライホイール＆クラッチKIT,,トランスミッションのタイプにより、アイドリング時のバックラッシュ音が大きくなる場合があります。,99600,0
スズキ,スイフトスポーツ,ZC32S,,M16A,,スポーツフェーシング(ノンアスベスト)ディスク,19661,,293099,22200-M16-20N-qq-e-173k,22200-M16-20N,TODA RACING,4,スポーツフェーシングディスク,超軽量クロモリフライホイール＆クラッチKIT,,,20800,1200
スズキ,スイフトスポーツ,ZC32S,,M16A,,メタルディスク,25556,,293098,22200-M16-20M-qq-e-174k,22200-M16-20M,TODA RACING,4,メタルディスク,超軽量クロモリフライホイール＆クラッチKIT,,,27800,1200
スズキ,スイフトスポーツ,ZC32S,,M16A,,強化クラッチカバー,25556,,293128,22300-M16-200-qq-e-175k,22300-M16-200,TODA RACING,,強化クラッチカバー,超軽量クロモリフライホイール＆クラッチKIT,,,27800,1200
スズキ,スイフトスポーツ,ZC32S,,M16A,,クロモリフライホイール(3.5kg),34277,,293041,22100-M16-000-qq-e-176k,22100-M16-000,TODA RACING,,超軽量クロモリフライホイール,超軽量クロモリフライホイール＆クラッチKIT,,トランスミッションのタイプにより、アイドリング時のバックラッシュ音が大きくなる場合があります。,46000,0
スズキ,スイフトスポーツ,ZC32S,,M16A,,クロモリフライホイール(3.5kg)<br>強化クラッチカバー<br>スポーツフェーシング(ノンアスベスト)ディスク(バランス調整済),72394,,293189,26000-M16-20N-qq-e-58k,26000-M16-20N,TODA RACING,,超軽量クロモリフライホイール&クラッチKIT(スポーツディスク),超軽量クロモリフライホイール＆クラッチKIT,,トランスミッションのタイプにより、アイドリング時のバックラッシュ音が大きくなる場合があります。,94600,0
スズキ,スイフトスポーツ,ZC32S,,M16A,,クロモリフライホイール(3.5kg)<br>強化クラッチカバー<br>メタルディスク(バランス調整済),77590,,293188,26000-M16-20M-qq-e-59k,26000-M16-20M,TODA RACING,,超軽量クロモリフライホイール&クラッチKIT(メタルディスク),超軽量クロモリフライホイール＆クラッチKIT,,トランスミッションのタイプにより、アイドリング時のバックラッシュ音が大きくなる場合があります。,101600,0
スバル,BRZ,ZC6,,FA20,,スポーツフェーシング(ノンアスベスト)ディスク,27240,,293089,22200-FA2-00N-qq-e-157k,22200-FA2-00N,TODA RACING,4,スポーツフェーシングディスク,超軽量クロモリフライホイール＆クラッチKIT,,,29800,1200
スバル,BRZ,ZC6,,FA20,,メタルディスク,29262,,293087,22200-FA2-00M-qq-e-158k,22200-FA2-00M,TODA RACING,4,メタルディスク,超軽量クロモリフライホイール＆クラッチKIT,,,33800,0
スバル,BRZ,ZC6,,FA20,,強化クラッチカバー,32498,,293122,22300-FA2-000-qq-e-159k,22300-FA2-000,TODA RACING,,強化クラッチカバー,超軽量クロモリフライホイール＆クラッチKIT,,,37800,0
スバル,BRZ,ZC6,,FA20,,クロモリフライホイール(5.0kg),32881,,293036,22100-FA2-000-qq-e-160k,22100-FA2-000,TODA RACING,,超軽量クロモリフライホイール,超軽量クロモリフライホイール＆クラッチKIT,,トランスミッションのタイプにより、アイドリング時のバックラッシュ音が大きくなる場合があります。,44000,0
スバル,BRZ,ZC6,,FA20,,クロモリフライホイール(5.0kg)<br>強化クラッチカバー<br>スポーツフェーシング(ノンアスベスト)ディスク(バランス調整済),85014,,293176,26000-FA2-00N-qq-e-48k,26000-FA2-00N,TODA RACING,,超軽量クロモリフライホイール&クラッチKIT(スポーツディスク),超軽量クロモリフライホイール＆クラッチKIT,,トランスミッションのタイプにより、アイドリング時のバックラッシュ音が大きくなる場合があります。,111600,0
スバル,BRZ,ZC6,,FA20,,クロモリフライホイール(5.0kg)<br>強化クラッチカバー<br>メタルディスク(バランス調整済),87983,,293174,26000-FA2-00M-qq-e-49k,26000-FA2-00M,TODA RACING,,超軽量クロモリフライホイール&クラッチKIT(メタルディスク),超軽量クロモリフライホイール＆クラッチKIT,,トランスミッションのタイプにより、アイドリング時のバックラッシュ音が大きくなる場合があります。,115600,0
スバル,インプレッサ,GC8/GF8,,EJ20T,,スポーツフェーシング(ノンアスベスト)ディスク,27240,,293086,22200-EJ2-1TN-qq-e-169k,22200-EJ2-1TN,TODA RACING,4,スポーツフェーシングディスク,超軽量クロモリフライホイール＆クラッチKIT,,,29800,1200
スバル,インプレッサ,GC8/GF8,,EJ20T,,メタルディスク,28436,,293083,22200-EJ2-0TM-qq-e-170k,22200-EJ2-0TM,TODA RACING,4,メタルディスク,超軽量クロモリフライホイール＆クラッチKIT,,,32800,0
スバル,インプレッサ,GC8/GF8,,EJ20T,,強化クラッチカバー,31689,,293120,22300-EJ2-0T0-qq-e-171k,22300-EJ2-0T0,TODA RACING,,強化クラッチカバー,超軽量クロモリフライホイール＆クラッチKIT,,,36800,0
スバル,インプレッサ,GC8/GF8,,EJ20T,,クロモリフライホイール(4.6kg),34277,,293033,22100-EJ2-0T0-qq-e-172k,22100-EJ2-0T0,TODA RACING,,超軽量クロモリフライホイール,超軽量クロモリフライホイール＆クラッチKIT,,トランスミッションのタイプにより、アイドリング時のバックラッシュ音が大きくなる場合があります。,46000,0
スバル,インプレッサ,GC8/GF8,,EJ20T,,クロモリフライホイール(4.6kg)<br>強化クラッチカバー<br>スポーツフェーシング(ノンアスベスト)ディスク(バランス調整済),85756,,293170,26000-EJ2-1TN-qq-e-44k,26000-EJ2-1TN,TODA RACING,,超軽量クロモリフライホイール&クラッチKIT(スポーツディスク),超軽量クロモリフライホイール＆クラッチKIT,,トランスミッションのタイプにより、アイドリング時のバックラッシュ音が大きくなる場合があります。,112600,0
スバル,インプレッサ,GC8/GF8,,EJ20T,,クロモリフライホイール(4.6kg)<br>強化クラッチカバー<br>メタルディスク(バランス調整済),87983,,293167,26000-EJ2-0TM-qq-e-45k,26000-EJ2-0TM,TODA RACING,,超軽量クロモリフライホイール&クラッチKIT(メタルディスク),超軽量クロモリフライホイール＆クラッチKIT,,トランスミッションのタイプにより、アイドリング時のバックラッシュ音が大きくなる場合があります。,115600,0
スバル,インプレッサSTi,GDB,,EJ20T,,スポーツフェーシング(ノンアスベスト)ディスク,27594,,293084,22200-EJ2-0TN-1-qq-e-161k,22200-EJ2-0TN-1,TODA RACING,4,スポーツフェーシングディスク,超軽量クロモリフライホイール＆クラッチKIT,,,31800,0
スバル,インプレッサSTi,GDB,,EJ20T,,メタルディスク,34115,,293081,22200-EJ2-0TM-1-qq-e-162k,22200-EJ2-0TM-1,TODA RACING,4,メタルディスク,超軽量クロモリフライホイール＆クラッチKIT,,,39800,0
スバル,インプレッサSTi,GDB,,EJ20T,,強化クラッチカバー,34115,,293121,22300-EJ2-0T1-qq-e-163k,22300-EJ2-0T1,TODA RACING,,強化クラッチカバー,超軽量クロモリフライホイール＆クラッチKIT,,,39800,0
スバル,インプレッサSTi,GDB,,EJ20T,,クロモリフライホイール(5.7kg),38465,,293034,22100-EJ2-0T1-qq-e-164k,22100-EJ2-0T1,TODA RACING,,超軽量クロモリフライホイール,超軽量クロモリフライホイール＆クラッチKIT,,トランスミッションのタイプにより、アイドリング時のバックラッシュ音が大きくなる場合があります。,52000,0
スバル,インプレッサSTi,GDB,,EJ20T,,クロモリフライホイール(5.7kg)<br>強化クラッチカバー<br>スポーツフェーシング(ノンアスベスト)ディスク(バランス調整済),93922,,293168,26000-EJ2-0TN-1-qq-e-46k,26000-EJ2-0TN-1,TODA RACING,,超軽量クロモリフライホイール&クラッチKIT(スポーツディスク),超軽量クロモリフライホイール＆クラッチKIT,,トランスミッションのタイプにより、アイドリング時のバックラッシュ音が大きくなる場合があります。,123600,0
スバル,インプレッサSTi,GDB,,EJ20T,,クロモリフライホイール(5.7kg)<br>強化クラッチカバー<br>メタルディスク(バランス調整済),99861,,293165,26000-EJ2-0TM-1-qq-e-47k,26000-EJ2-0TM-1,TODA RACING,,超軽量クロモリフライホイール&クラッチKIT(メタルディスク),超軽量クロモリフライホイール＆クラッチKIT,,トランスミッションのタイプにより、アイドリング時のバックラッシュ音が大きくなる場合があります。,131600,0
スバル,レガシィ,BG5/BC5/BF5/BD5,,EJ20T,,スポーツフェーシング(ノンアスベスト)ディスク,27240,,293085,22200-EJ2-1TN-qq-e-165k,22200-EJ2-1TN,TODA RACING,4,スポーツフェーシングディスク,超軽量クロモリフライホイール＆クラッチKIT,,,29800,1200
スバル,レガシィ,BG5/BC5/BF5/BD5,,EJ20T,,メタルディスク,28436,,293082,22200-EJ2-0TM-qq-e-166k,22200-EJ2-0TM,TODA RACING,4,メタルディスク,超軽量クロモリフライホイール＆クラッチKIT,,,32800,0
スバル,レガシィ,BG5/BC5/BF5/BD5,,EJ20T,,強化クラッチカバー,31689,,293119,22300-EJ2-0T0-qq-e-167k,22300-EJ2-0T0,TODA RACING,,強化クラッチカバー,超軽量クロモリフライホイール＆クラッチKIT,,,36800,0
スバル,レガシィ,BG5/BC5/BF5/BD5,,EJ20T,,クロモリフライホイール(4.6kg),34277,,293032,22100-EJ2-0T0-qq-e-168k,22100-EJ2-0T0,TODA RACING,,超軽量クロモリフライホイール,超軽量クロモリフライホイール＆クラッチKIT,,トランスミッションのタイプにより、アイドリング時のバックラッシュ音が大きくなる場合があります。,46000,0
スバル,レガシィ,BG5/BC5/BF5/BD5,,EJ20T,,クロモリフライホイール(4.6kg)<br>強化クラッチカバー<br>スポーツフェーシング(ノンアスベスト)ディスク(バランス調整済),85756,,293169,26000-EJ2-1TN-qq-e-42k,26000-EJ2-1TN,TODA RACING,,超軽量クロモリフライホイール&クラッチKIT(スポーツディスク),超軽量クロモリフライホイール＆クラッチKIT,,トランスミッションのタイプにより、アイドリング時のバックラッシュ音が大きくなる場合があります。,112600,0
スバル,レガシィ,BG5/BC5/BF5/BD5,,EJ20T,,クロモリフライホイール(4.6kg)<br>強化クラッチカバー<br>メタルディスク(バランス調整済),87983,,293166,26000-EJ2-0TM-qq-e-43k,26000-EJ2-0TM,TODA RACING,,超軽量クロモリフライホイール&クラッチKIT(メタルディスク),超軽量クロモリフライホイール＆クラッチKIT,,トランスミッションのタイプにより、アイドリング時のバックラッシュ音が大きくなる場合があります。,115600,0
トヨタ,86,ZN6,,FA20,,スポーツフェーシング(ノンアスベスト)ディスク,27240,,293090,22200-FA2-00N-qq-e-71k,22200-FA2-00N,TODA RACING,4,スポーツフェーシングディスク,超軽量クロモリフライホイール＆クラッチKIT,,,29800,1200
トヨタ,86,ZN6,,FA20,,メタルディスク,29262,,293088,22200-FA2-00M-qq-e-72k,22200-FA2-00M,TODA RACING,4,メタルディスク,超軽量クロモリフライホイール＆クラッチKIT,,,33800,0
トヨタ,86,ZN6,,FA20,,強化クラッチカバー,32498,,293123,22300-FA2-000-qq-e-73k,22300-FA2-000,TODA RACING,,強化クラッチカバー,超軽量クロモリフライホイール＆クラッチKIT,,,37800,0
トヨタ,86,ZN6,,FA20,,クロモリフライホイール(5.0kg),32881,,293037,22100-FA2-000-qq-e-74k,22100-FA2-000,TODA RACING,,超軽量クロモリフライホイール,超軽量クロモリフライホイール＆クラッチKIT,,トランスミッションのタイプにより、アイドリング時のバックラッシュ音が大きくなる場合があります。,44000,0
トヨタ,86,ZN6,,FA20,,クロモリフライホイール(5.0kg)<br>強化クラッチカバー<br>スポーツフェーシング(ノンアスベスト)ディスク(バランス調整済),85014,,293175,26000-FA2-00N-qq-e-20k,26000-FA2-00N,TODA RACING,,超軽量クロモリフライホイール&クラッチKIT(スポーツディスク),超軽量クロモリフライホイール＆クラッチKIT,,トランスミッションのタイプにより、アイドリング時のバックラッシュ音が大きくなる場合があります。,111600,0
トヨタ,86,ZN6,,FA20,,クロモリフライホイール(5.0kg)<br>強化クラッチカバー<br>メタルディスク(バランス調整済),87983,,293173,26000-FA2-00M-qq-e-21k,26000-FA2-00M,TODA RACING,,超軽量クロモリフライホイール&クラッチKIT(メタルディスク),超軽量クロモリフライホイール＆クラッチKIT,,トランスミッションのタイプにより、アイドリング時のバックラッシュ音が大きくなる場合があります。,115600,0
トヨタ,MR2,AW11,～85/5,4AG,,スポーツフェーシング(ノンアスベスト)ディスク,18819,,293053,22200-4AG-01N-qq-e-91k,22200-4AG-01N,TODA RACING,4,スポーツフェーシングディスク,超軽量クロモリフライホイール＆クラッチKIT,ディスク直径:200mm,,19800,1200
トヨタ,MR2,AW11,～85/5,4AG,,メタルディスク,23871,,293052,22200-4AG-00M-qq-e-92k,22200-4AG-00M,TODA RACING,4,メタルディスク,超軽量クロモリフライホイール＆クラッチKIT,ディスク直径:200mm,,25800,1200
トヨタ,MR2,AW11,～85/5,4AG,,強化クラッチカバー,24713,,293107,22300-4AG-000-qq-e-93k,22300-4AG-000,TODA RACING,,強化クラッチカバー,超軽量クロモリフライホイール＆クラッチKIT,,,26800,1200
トヨタ,MR2,AW11,～85/5,4AG,,クロモリフライホイール(3.7kg),34277,,293022,22100-4AG-000-qq-e-94k,22100-4AG-000,TODA RACING,,超軽量クロモリフライホイール,超軽量クロモリフライホイール＆クラッチKIT,,トランスミッションのタイプにより、アイドリング時のバックラッシュ音が大きくなる場合があります。,46000,0
トヨタ,MR2,AW11,～85/5,4AG,,クロモリフライホイール(3.7kg)<br>強化クラッチカバー<br>スポーツフェーシング(ノンアスベスト)ディスク(バランス調整済),70909,,293143,26000-4AG-01N-qq-e-14k,26000-4AG-01N,TODA RACING,,超軽量クロモリフライホイール&クラッチKIT(スポーツディスク),超軽量クロモリフライホイール＆クラッチKIT,ディスク直径:200mm,トランスミッションのタイプにより、アイドリング時のバックラッシュ音が大きくなる場合があります。,92600,0
トヨタ,MR2,AW11,～85/5,4AG,,クロモリフライホイール(3.7kg)<br>強化クラッチカバー<br>メタルディスク(バランス調整済),75363,,293141,26000-4AG-00M-qq-e-15k,26000-4AG-00M,TODA RACING,,超軽量クロモリフライホイール&クラッチKIT(メタルディスク),超軽量クロモリフライホイール＆クラッチKIT,ディスク直径:200mm,トランスミッションのタイプにより、アイドリング時のバックラッシュ音が大きくなる場合があります。,98600,0
トヨタ,MR2,AW11,85/6～,4AG,,スポーツフェーシング(ノンアスベスト)ディスク,23871,,293064,22200-4AG-21N-qq-e-95k,22200-4AG-21N,TODA RACING,4,スポーツフェーシングディスク,超軽量クロモリフライホイール＆クラッチKIT,ディスク直径:215mm,,25800,1200
トヨタ,MR2,AW11,85/6～,4AG,,メタルディスク,25556,,293059,22200-4AG-20M-qq-e-96k,22200-4AG-20M,TODA RACING,4,メタルディスク,超軽量クロモリフライホイール＆クラッチKIT,ディスク直径:215mm,,27800,1200
トヨタ,MR2,AW11,85/6～,4AG,,強化クラッチカバー,24713,,293112,22300-4AG-200-qq-e-97k,22300-4AG-200,TODA RACING,,強化クラッチカバー,超軽量クロモリフライホイール＆クラッチKIT,,,26800,1200
トヨタ,MR2,AW11,85/6～,4AG,,クロモリフライホイール(4.4kg),34277,,293024,22100-4AG-200-qq-e-98k,22100-4AG-200,TODA RACING,,超軽量クロモリフライホイール,超軽量クロモリフライホイール＆クラッチKIT,,トランスミッションのタイプにより、アイドリング時のバックラッシュ音が大きくなる場合があります。,46000,0
トヨタ,MR2,AW11,85/6～,4AG,,クロモリフライホイール(4.4kg)<br>強化クラッチカバー<br>スポーツフェーシング(ノンアスベスト)ディスク(バランス調整済),75363,,293147,26000-4AG-21N-qq-e-16k,26000-4AG-21N,TODA RACING,,超軽量クロモリフライホイール&クラッチKIT(スポーツディスク),超軽量クロモリフライホイール＆クラッチKIT,ディスク直径:215mm,トランスミッションのタイプにより、アイドリング時のバックラッシュ音が大きくなる場合があります。,98600,0
トヨタ,MR2,AW11,85/6～,4AG,,クロモリフライホイール(4.4kg)<br>強化クラッチカバー<br>メタルディスク(バランス調整済),76848,,293145,26000-4AG-20M-qq-e-17k,26000-4AG-20M,TODA RACING,,超軽量クロモリフライホイール&クラッチKIT(メタルディスク),超軽量クロモリフライホイール＆クラッチKIT,ディスク直径:215mm,トランスミッションのタイプにより、アイドリング時のバックラッシュ音が大きくなる場合があります。,100600,0
トヨタ,MR2,SW20,89/10～,3SGT,,スポーツフェーシング(ノンアスベスト)ディスク,26398,,293050,22200-3SG-T1N-qq-e-87k,22200-3SG-T1N,TODA RACING,4,スポーツフェーシングディスク,超軽量クロモリフライホイール＆クラッチKIT,,,28800,1200
トヨタ,MR2,SW20,89/10～,3SGT,,メタルディスク,26753,,293049,22200-3SG-T0M-qq-e-88k,22200-3SG-T0M,TODA RACING,4,メタルディスク,超軽量クロモリフライホイール＆クラッチKIT,,,30800,0
トヨタ,MR2,SW20,89/10～,3SGT,,強化クラッチカバー,29262,,293105,22300-3SG-T00-qq-e-89k,22300-3SG-T00,TODA RACING,,強化クラッチカバー,超軽量クロモリフライホイール＆クラッチKIT,,,33800,0
トヨタ,MR2,SW20,89/10～,3SGT,,クロモリフライホイール(4.5kg),34277,,293020,22100-3SG-T00-qq-e-90k,22100-3SG-T00,TODA RACING,,超軽量クロモリフライホイール,超軽量クロモリフライホイール＆クラッチKIT,,トランスミッションのタイプにより、アイドリング時のバックラッシュ音が大きくなる場合があります。,46000,0
トヨタ,MR2,SW20,89/10～,3SGT,,クロモリフライホイール(4.5kg)<br>強化クラッチカバー<br>スポーツフェーシング(ノンアスベスト)ディスク(バランス調整済),82787,,293139,26000-3SG-T1N-qq-e-1k,26000-3SG-T1N,TODA RACING,,超軽量クロモリフライホイール&クラッチKIT(スポーツディスク),超軽量クロモリフライホイール＆クラッチKIT,,トランスミッションのタイプにより、アイドリング時のバックラッシュ音が大きくなる場合があります。,108600,0
トヨタ,MR2,SW20,89/10～,3SGT,,クロモリフライホイール(4.5kg)<br>強化クラッチカバー<br>メタルディスク(バランス調整済),84272,,293138,26000-3SG-T0M-qq-e-2k,26000-3SG-T0M,TODA RACING,,超軽量クロモリフライホイール&クラッチKIT(メタルディスク),超軽量クロモリフライホイール＆クラッチKIT,,トランスミッションのタイプにより、アイドリング時のバックラッシュ音が大きくなる場合があります。,110600,0
トヨタ,MR2,SW20,,3SG,,クロモリフライホイール(4.5kg),34277,,293018,22100-3SG-000-qq-e-5k,22100-3SG-000,TODA RACING,,超軽量クロモリフライホイール,超軽量クロモリフライホイール＆クラッチKIT,,トランスミッションのタイプにより、アイドリング時のバックラッシュ音が大きくなる場合があります。,46000,0
トヨタ,MR-S,ZZW30,,1ZZ-FE,,スポーツフェーシング(ノンアスベスト)ディスク,23871,,293063,22200-4AG-21N-qq-e-83k,22200-4AG-21N,TODA RACING,4,スポーツフェーシングディスク,超軽量クロモリフライホイール＆クラッチKIT,,,25800,1200
トヨタ,MR-S,ZZW30,,1ZZ-FE,,メタルディスク,25556,,293058,22200-4AG-20M-qq-e-84k,22200-4AG-20M,TODA RACING,4,メタルディスク,超軽量クロモリフライホイール＆クラッチKIT,,,27800,1200
トヨタ,MR-S,ZZW30,,1ZZ-FE,,強化クラッチカバー,24713,,293111,22300-4AG-200-qq-e-85k,22300-4AG-200,TODA RACING,,強化クラッチカバー,超軽量クロモリフライホイール＆クラッチKIT,,,26800,1200
トヨタ,MR-S,ZZW30,,1ZZ-FE,,クロモリフライホイール(4.4kg),34277,,293016,22100-1ZZ-000-qq-e-86k,22100-1ZZ-000,TODA RACING,,超軽量クロモリフライホイール,超軽量クロモリフライホイール＆クラッチKIT,,トランスミッションのタイプにより、アイドリング時のバックラッシュ音が大きくなる場合があります。,46000,0
トヨタ,MR-S,ZZW30,,1ZZ-FE,,クロモリフライホイール(4.4kg)<br>強化クラッチカバー<br>スポーツフェーシング(ノンアスベスト)ディスク(バランス調整済),75363,,293133,26000-1ZZ-01N-qq-e-6k,26000-1ZZ-01N,TODA RACING,,超軽量クロモリフライホイール&クラッチKIT(スポーツディスク),超軽量クロモリフライホイール＆クラッチKIT,,トランスミッションのタイプにより、アイドリング時のバックラッシュ音が大きくなる場合があります。,98600,0
トヨタ,MR-S,ZZW30,,1ZZ-FE,,クロモリフライホイール(4.4kg)<br>強化クラッチカバー<br>メタルディスク(バランス調整済),76848,,293132,26000-1ZZ-00M-qq-e-7k,26000-1ZZ-00M,TODA RACING,,超軽量クロモリフライホイール&クラッチKIT(メタルディスク),超軽量クロモリフライホイール＆クラッチKIT,,トランスミッションのタイプにより、アイドリング時のバックラッシュ音が大きくなる場合があります。,100600,0
トヨタ,アルテッツァ,SXE10,,3SG,,強化クラッチカバー,25556,,293104,22300-3SG-200-qq-e-81k,22300-3SG-200,TODA RACING,3,強化クラッチカバー,超軽量クロモリフライホイール＆クラッチKIT,,,27800,1200
トヨタ,アルテッツァ,SXE10,,3SG,,スポーツフェーシング(ノンアスベスト)ディスク,24713,,293048,22200-3SG-02N-qq-e-79k,22200-3SG-02N,TODA RACING,4,スポーツフェーシングディスク,超軽量クロモリフライホイール＆クラッチKIT,,,26800,1200
トヨタ,アルテッツァ,SXE10,,3SG,,メタルディスク,26398,,293047,22200-3SG-00M-qq-e-80k,22200-3SG-00M,TODA RACING,4,メタルディスク,超軽量クロモリフライホイール＆クラッチKIT,,,28800,1200
トヨタ,アルテッツァ,SXE10,,3SG,,クロモリフライホイール(5.8kg),37070,,293019,22100-3SG-001-qq-e-82k,22100-3SG-001,TODA RACING,,超軽量クロモリフライホイール,超軽量クロモリフライホイール＆クラッチKIT,,トランスミッションのタイプにより、アイドリング時のバックラッシュ音が大きくなる場合があります。,50000,0
トヨタ,アルテッツァ,SXE10,,3SG,,クロモリフライホイール(5.8kg)<br>強化クラッチカバー<br>スポーツフェーシング(ノンアスベスト)ディスク(バランス調整済),79818,,293137,26000-3SG-02N-qq-e-3k,26000-3SG-02N,TODA RACING,,超軽量クロモリフライホイール&クラッチKIT(スポーツディスク),超軽量クロモリフライホイール＆クラッチKIT,,トランスミッションのタイプにより、アイドリング時のバックラッシュ音が大きくなる場合があります。,104600,0
トヨタ,アルテッツァ,SXE10,,3SG,,クロモリフライホイール(5.8kg)<br>強化クラッチカバー<br>メタルディスク(バランス調整済),81302,,293136,26000-3SG-00M-qq-e-4k,26000-3SG-00M,TODA RACING,,超軽量クロモリフライホイール&クラッチKIT(メタルディスク),超軽量クロモリフライホイール＆クラッチKIT,,トランスミッションのタイプにより、アイドリング時のバックラッシュ音が大きくなる場合があります。,106600,0
トヨタ,カローラレビン/スプリンタートレノ,AE86/AE92,AE86:～87/4<br>AE92:～89/4,4AG,,スポーツフェーシング(ノンアスベスト)ディスク,18819,,293054,22200-4AG-01N-qq-e-99k,22200-4AG-01N,TODA RACING,4,スポーツフェーシングディスク,超軽量クロモリフライホイール＆クラッチKIT,ディスク直径:200mm,,19800,1200
トヨタ,カローラレビン/スプリンタートレノ,AE86/AE92,AE86:～87/4<br>AE92:～89/4,4AG,,メタルディスク,23871,,293051,22200-4AG-00M-qq-e-100k,22200-4AG-00M,TODA RACING,4,メタルディスク,超軽量クロモリフライホイール＆クラッチKIT,ディスク直径:200mm,,25800,1200
トヨタ,カローラレビン/スプリンタートレノ,AE86/AE92,AE86:～87/4<br>AE92:～89/4,4AG,,強化クラッチカバー,24713,,293106,22300-4AG-000-qq-e-101k,22300-4AG-000,TODA RACING,,強化クラッチカバー,超軽量クロモリフライホイール＆クラッチKIT,,,26800,1200
トヨタ,カローラレビン/スプリンタートレノ,AE86/AE92,AE86:～87/4<br>AE92:～89/4,4AG,,クロモリフライホイール(3.7kg),34277,,293021,22100-4AG-000-qq-e-102k,22100-4AG-000,TODA RACING,,超軽量クロモリフライホイール,超軽量クロモリフライホイール＆クラッチKIT,,トランスミッションのタイプにより、アイドリング時のバックラッシュ音が大きくなる場合があります。,46000,0
トヨタ,カローラレビン/スプリンタートレノ,AE86/AE92,AE86:～87/4<br>AE92:～89/4,4AG,,クロモリフライホイール(3.7kg)<br>強化クラッチカバー<br>スポーツフェーシング(ノンアスベスト)ディスク(バランス調整済),70909,,293142,26000-4AG-01N-qq-e-10k,26000-4AG-01N,TODA RACING,,超軽量クロモリフライホイール&クラッチKIT(スポーツディスク),超軽量クロモリフライホイール＆クラッチKIT,ディスク直径:200mm,トランスミッションのタイプにより、アイドリング時のバックラッシュ音が大きくなる場合があります。,92600,0
トヨタ,カローラレビン/スプリンタートレノ,AE86/AE92,AE86:～87/4<br>AE92:～89/4,4AG,,クロモリフライホイール(3.7kg)<br>強化クラッチカバー<br>メタルディスク(バランス調整済),75363,,293140,26000-4AG-00M-qq-e-11k,26000-4AG-00M,TODA RACING,,超軽量クロモリフライホイール&クラッチKIT(メタルディスク),超軽量クロモリフライホイール＆クラッチKIT,ディスク直径:200mm,トランスミッションのタイプにより、アイドリング時のバックラッシュ音が大きくなる場合があります。,98600,0
トヨタ,カローラレビン/スプリンタートレノ,AE92/AE101/AE111,AE92:89/5～,4AG,,スポーツフェーシング(ノンアスベスト)ディスク,23871,,293060,22200-4AG-21N-qq-e-103k,22200-4AG-21N,TODA RACING,4,スポーツフェーシングディスク,超軽量クロモリフライホイール＆クラッチKIT,ディスク直径:215mm,,25800,1200
トヨタ,カローラレビン/スプリンタートレノ,AE92/AE101/AE111,AE92:89/5～,4AG,,メタルディスク,25556,,293055,22200-4AG-20M-qq-e-104k,22200-4AG-20M,TODA RACING,4,メタルディスク,超軽量クロモリフライホイール＆クラッチKIT,ディスク直径:215mm,,27800,1200
トヨタ,カローラレビン/スプリンタートレノ,AE92/AE101/AE111,AE92:89/5～,4AG,,強化クラッチカバー,24713,,293108,22300-4AG-200-qq-e-105k,22300-4AG-200,TODA RACING,,強化クラッチカバー,超軽量クロモリフライホイール＆クラッチKIT,,,26800,1200
トヨタ,カローラレビン/スプリンタートレノ,AE92/AE101/AE111,AE92:89/5～,4AG,,クロモリフライホイール(4.4kg),34277,,293023,22100-4AG-200-qq-e-106k,22100-4AG-200,TODA RACING,,超軽量クロモリフライホイール,超軽量クロモリフライホイール＆クラッチKIT,,トランスミッションのタイプにより、アイドリング時のバックラッシュ音が大きくなる場合があります。,46000,0
トヨタ,カローラレビン/スプリンタートレノ,AE92/AE101/AE111,AE92:89/5～,4AG,,クロモリフライホイール(4.4kg)<br>強化クラッチカバー<br>スポーツフェーシング(ノンアスベスト)ディスク(バランス調整済),75363,,293146,26000-4AG-21N-qq-e-12k,26000-4AG-21N,TODA RACING,,超軽量クロモリフライホイール&クラッチKIT(スポーツディスク),超軽量クロモリフライホイール＆クラッチKIT,ディスク直径:215mm,トランスミッションのタイプにより、アイドリング時のバックラッシュ音が大きくなる場合があります。,98600,0
トヨタ,カローラレビン/スプリンタートレノ,AE92/AE101/AE111,AE92:89/5～,4AG,,クロモリフライホイール(4.4kg)<br>強化クラッチカバー<br>メタルディスク(バランス調整済),76848,,293144,26000-4AG-20M-qq-e-13k,26000-4AG-20M,TODA RACING,,超軽量クロモリフライホイール&クラッチKIT(メタルディスク),超軽量クロモリフライホイール＆クラッチKIT,ディスク直径:215mm,トランスミッションのタイプにより、アイドリング時のバックラッシュ音が大きくなる場合があります。,100600,0
トヨタ,スターレット,EP82/EP91,,4E-FT,,スポーツフェーシング(ノンアスベスト)ディスク,23871,,293061,22200-4AG-21N-qq-e-67k,22200-4AG-21N,TODA RACING,4,スポーツフェーシングディスク,超軽量クロモリフライホイール＆クラッチKIT,,,25800,1200
トヨタ,スターレット,EP82/EP91,,4E-FT,,メタルディスク,25556,,293056,22200-4AG-20M-qq-e-68k,22200-4AG-20M,TODA RACING,4,メタルディスク,超軽量クロモリフライホイール＆クラッチKIT,,,27800,1200
トヨタ,スターレット,EP82/EP91,,4E-FT,,強化クラッチカバー,24713,,293109,22300-4AG-200-qq-e-69k,22300-4AG-200,TODA RACING,,強化クラッチカバー,超軽量クロモリフライホイール＆クラッチKIT,,,26800,1200
トヨタ,スターレット,EP82/EP91,,4E-FT,,クロモリフライホイール(4.1kg),34277,,293026,22100-4E0-000-qq-e-70k,22100-4E0-000,TODA RACING,,超軽量クロモリフライホイール,超軽量クロモリフライホイール＆クラッチKIT,,トランスミッションのタイプにより、アイドリング時のバックラッシュ音が大きくなる場合があります。,46000,0
トヨタ,スターレット,EP82/EP91,,4E-FT,,クロモリフライホイール(4.1kg)<br>強化クラッチカバー<br>スポーツフェーシング(ノンアスベスト)ディスク(バランス調整済),75363,,293151,26000-4E0-01N-qq-e-18k,26000-4E0-01N,TODA RACING,,超軽量クロモリフライホイール&クラッチKIT(スポーツディスク),超軽量クロモリフライホイール＆クラッチKIT,,トランスミッションのタイプにより、アイドリング時のバックラッシュ音が大きくなる場合があります。,98600,0
トヨタ,スターレット,EP82/EP91,,4E-FT,,クロモリフライホイール(4.1kg)<br>強化クラッチカバー<br>メタルディスク(バランス調整済),76848,,293150,26000-4E0-00M-qq-e-19k,26000-4E0-00M,TODA RACING,,超軽量クロモリフライホイール&クラッチKIT(メタルディスク),超軽量クロモリフライホイール＆クラッチKIT,,トランスミッションのタイプにより、アイドリング時のバックラッシュ音が大きくなる場合があります。,100600,0
トヨタ,セリカ,ZZT231,,2ZZ-GE,,スポーツフェーシング(ノンアスベスト)ディスク,23871,,293062,22200-4AG-21N-qq-e-75k,22200-4AG-21N,TODA RACING,4,スポーツフェーシングディスク,超軽量クロモリフライホイール＆クラッチKIT,,,25800,1200
トヨタ,セリカ,ZZT231,,2ZZ-GE,,メタルディスク,25556,,293057,22200-4AG-20M-qq-e-76k,22200-4AG-20M,TODA RACING,4,メタルディスク,超軽量クロモリフライホイール＆クラッチKIT,,,27800,1200
トヨタ,セリカ,ZZT231,,2ZZ-GE,,強化クラッチカバー,24713,,293110,22300-4AG-200-qq-e-77k,22300-4AG-200,TODA RACING,,強化クラッチカバー,超軽量クロモリフライホイール＆クラッチKIT,,,26800,1200
トヨタ,セリカ,ZZT231,,2ZZ-GE,,クロモリフライホイール(4.7kg),34277,,293017,22100-2ZZ-000-qq-e-78k,22100-2ZZ-000,TODA RACING,,超軽量クロモリフライホイール,超軽量クロモリフライホイール＆クラッチKIT,,トランスミッションのタイプにより、アイドリング時のバックラッシュ音が大きくなる場合があります。,46000,0
トヨタ,セリカ,ZZT231,,2ZZ-GE,,クロモリフライホイール(4.7kg)<br>強化クラッチカバー<br>スポーツフェーシング(ノンアスベスト)ディスク(バランス調整済),75363,,293135,26000-2ZZ-01N-qq-e-8k,26000-2ZZ-01N,TODA RACING,,超軽量クロモリフライホイール&クラッチKIT(スポーツディスク),超軽量クロモリフライホイール＆クラッチKIT,,トランスミッションのタイプにより、アイドリング時のバックラッシュ音が大きくなる場合があります。,98600,0
トヨタ,セリカ,ZZT231,,2ZZ-GE,,クロモリフライホイール(4.7kg)<br>強化クラッチカバー<br>メタルディスク(バランス調整済),76848,,293134,26000-2ZZ-00M-qq-e-9k,26000-2ZZ-00M,TODA RACING,,超軽量クロモリフライホイール&クラッチKIT(メタルディスク),超軽量クロモリフライホイール＆クラッチKIT,,トランスミッションのタイプにより、アイドリング時のバックラッシュ音が大きくなる場合があります。,100600,0
日産,シルビア,S15,,SR20DET,,スポーツフェーシング(ノンアスベスト)ディスク,26398,,293101,22200-RB2-1TN-qq-e-111k,22200-RB2-1TN,TODA RACING,4,スポーツフェーシングディスク,超軽量クロモリフライホイール＆クラッチKIT,,,28800,1200
日産,シルビア,S15,,SR20DET,,メタルディスク,27594,,293103,22200-SR2-0TM-qq-e-112k,22200-SR2-0TM,TODA RACING,4,メタルディスク,超軽量クロモリフライホイール＆クラッチKIT,,,31800,0
日産,シルビア,S15,,SR20DET,,強化クラッチカバー,27240,,293131,22300-SR2-0T0-qq-e-113k,22300-SR2-0T0,TODA RACING,,強化クラッチカバー,超軽量クロモリフライホイール＆クラッチKIT,,,29800,1200
日産,シルビア,S15,,SR20DET,,クロモリフライホイール(6.9kg),37070,,293045,22100-SR2-020-qq-e-114k,22100-SR2-020,TODA RACING,,超軽量クロモリフライホイール,超軽量クロモリフライホイール＆クラッチKIT,,トランスミッションのタイプにより、アイドリング時のバックラッシュ音が大きくなる場合があります。,50000,0
日産,シルビア,S15,,SR20DET,,クロモリフライホイール(6.9kg)<br>強化クラッチカバー<br>スポーツフェーシング(ノンアスベスト)ディスク(バランス調整済),82787,,293193,26000-SR2-03N-qq-e-24k,26000-SR2-03N,TODA RACING,,超軽量クロモリフライホイール&クラッチKIT(スポーツディスク),超軽量クロモリフライホイール＆クラッチKIT,,トランスミッションのタイプにより、アイドリング時のバックラッシュ音が大きくなる場合があります。,108600,0
日産,シルビア,S15,,SR20DET,,クロモリフライホイール(6.9kg)<br>強化クラッチカバー<br>メタルディスク(バランス調整済),85014,,293192,26000-SR2-02M-qq-e-25k,26000-SR2-02M,TODA RACING,,超軽量クロモリフライホイール&クラッチKIT(メタルディスク),超軽量クロモリフライホイール＆クラッチKIT,,トランスミッションのタイプにより、アイドリング時のバックラッシュ音が大きくなる場合があります。,111600,0
日産,シルビア/180SX,PS13/S14,,SR20DET,,スポーツフェーシング(ノンアスベスト)ディスク,26398,,293100,22200-RB2-1TN-qq-e-107k,22200-RB2-1TN,TODA RACING,4,スポーツフェーシングディスク,超軽量クロモリフライホイール＆クラッチKIT,,,28800,1200
日産,シルビア/180SX,PS13/S14,,SR20DET,,メタルディスク,27594,,293102,22200-SR2-0TM-qq-e-108k,22200-SR2-0TM,TODA RACING,4,メタルディスク,超軽量クロモリフライホイール＆クラッチKIT,,,31800,0
日産,シルビア/180SX,PS13/S14,,SR20DET,,強化クラッチカバー,27240,,293130,22300-SR2-0T0-qq-e-109k,22300-SR2-0T0,TODA RACING,,強化クラッチカバー,超軽量クロモリフライホイール＆クラッチKIT,,,29800,1200
日産,シルビア/180SX,PS13/S14,,SR20DET,,クロモリフライホイール(4.8kg),34277,,293046,22100-SR2-0T0-qq-e-110k,22100-SR2-0T0,TODA RACING,,超軽量クロモリフライホイール,超軽量クロモリフライホイール＆クラッチKIT,,トランスミッションのタイプにより、アイドリング時のバックラッシュ音が大きくなる場合があります。,46000,0
日産,シルビア/180SX,PS13/S14,,SR20DET,,クロモリフライホイール(4.8kg)<br>強化クラッチカバー<br>スポーツフェーシング(ノンアスベスト)ディスク(バランス調整済),79818,,293195,26000-SR2-1TN-qq-e-22k,26000-SR2-1TN,TODA RACING,,超軽量クロモリフライホイール&クラッチKIT(スポーツディスク),超軽量クロモリフライホイール＆クラッチKIT,,トランスミッションのタイプにより、アイドリング時のバックラッシュ音が大きくなる場合があります。,104600,0
日産,シルビア/180SX,PS13/S14,,SR20DET,,クロモリフライホイール(4.8kg)<br>強化クラッチカバー<br>メタルディスク(バランス調整済),82044,,293194,26000-SR2-0TM-qq-e-23k,26000-SR2-0TM,TODA RACING,,超軽量クロモリフライホイール&クラッチKIT(メタルディスク),超軽量クロモリフライホイール＆クラッチKIT,,トランスミッションのタイプにより、アイドリング時のバックラッシュ音が大きくなる場合があります。,107600,0
ホンダ,S2000,AP1/AP2,,F20C/F22C,,クロモリフライホイール(3.8kg),37070,,293035,22100-F20-000-qq-e-32k,22100-F20-000,TODA RACING,,超軽量クロモリフライホイール,超軽量クロモリフライホイール＆クラッチKIT,,トランスミッションのタイプにより、アイドリング時のバックラッシュ音が大きくなる場合があります。,50000,0
ホンダ,S660,JW5,,S07A,,クロモリフライホイール(3.4kg),33579,,293044,22100-S07-A00-qq-e-115k,22100-S07-A00,TODA RACING,,超軽量クロモリフライホイール,超軽量クロモリフライホイール＆クラッチKIT,純正クラッチカバーとクラッチディスクを併せてご使用ください。他社製品との適合は未確認です。,トランスミッションのタイプにより、アイドリング時のバックラッシュ音が大きくなる場合があります。,45000,0
ホンダ,アコードユーロR,CL7/CL9,,K20A,,スポーツフェーシング(ノンアスベスト)ディスク,24713,,293094,22200-K20-01N-qq-e-120k,22200-K20-01N,TODA RACING,4,スポーツフェーシングディスク,超軽量クロモリフライホイール＆クラッチKIT,,,26800,1200
ホンダ,アコードユーロR,CL7/CL9,,K20A,,メタルディスク,27240,,293092,22200-K20-00M-qq-e-121k,22200-K20-00M,TODA RACING,4,メタルディスク,超軽量クロモリフライホイール＆クラッチKIT,,,29800,1200
ホンダ,アコードユーロR,CL7/CL9,,K20A,,強化クラッチカバー,27594,,293125,22300-K20-000-qq-e-122k,22300-K20-000,TODA RACING,,強化クラッチカバー,超軽量クロモリフライホイール＆クラッチKIT,,,31800,0
ホンダ,アコードユーロR,CL7/CL9,,K20A,,クロモリフライホイール(3.8kg),34277,,293039,22100-K20-000-qq-e-123k,22100-K20-000,TODA RACING,,超軽量クロモリフライホイール,超軽量クロモリフライホイール＆クラッチKIT,,トランスミッションのタイプにより、アイドリング時のバックラッシュ音が大きくなる場合があります。,46000,0
ホンダ,アコードユーロR,CL7/CL9,,K20A,,クロモリフライホイール(3.8kg)<br>強化クラッチカバー<br>スポーツフェーシング(ノンアスベスト)ディスク(バランス調整済),79818,,293180,26000-K20-01N-qq-e-28k,26000-K20-01N,TODA RACING,,超軽量クロモリフライホイール&クラッチKIT(スポーツディスク),超軽量クロモリフライホイール＆クラッチKIT,,トランスミッションのタイプにより、アイドリング時のバックラッシュ音が大きくなる場合があります。,104600,0
ホンダ,アコードユーロR,CL7/CL9,,K20A,,クロモリフライホイール(3.8kg)<br>強化クラッチカバー<br>メタルディスク(バランス調整済),82044,,293178,26000-K20-00M-qq-e-29k,26000-K20-00M,TODA RACING,,超軽量クロモリフライホイール&クラッチKIT(メタルディスク),超軽量クロモリフライホイール＆クラッチKIT,,トランスミッションのタイプにより、アイドリング時のバックラッシュ音が大きくなる場合があります。,107600,0
ホンダ,シビック/インテグラ,EG2/EG6/EG9/EK4/EK9/DC2/DB8,,B16A/B16B/B18C,,スポーツフェーシング(ノンアスベスト)ディスク,24713,,293072,22200-B16-01N-qq-e-124k,22200-B16-01N,TODA RACING,4,スポーツフェーシングディスク,超軽量クロモリフライホイール＆クラッチKIT,,,26800,1200
ホンダ,シビック/インテグラ,EG2/EG6/EG9/EK4/EK9/DC2/DB8,,B16A/B16B/B18C,,メタルディスク,26398,,293071,22200-B16-00M-qq-e-125k,22200-B16-00M,TODA RACING,4,メタルディスク,超軽量クロモリフライホイール＆クラッチKIT,,,28800,1200
ホンダ,シビック/インテグラ,EG2/EG6/EG9/EK4/EK9/DC2/DB8,,B16A/B16B/B18C,,強化クラッチカバー,27594,,293116,22300-B16-000-qq-e-126k,22300-B16-000,TODA RACING,,強化クラッチカバー,超軽量クロモリフライホイール＆クラッチKIT,,,31800,0
ホンダ,シビック/インテグラ,EG2/EG6/EG9/EK4/EK9/DC2/DB8,,B16A/B16B/B18C,,クロモリフライホイール(4.1kg),34277,,293029,22100-B16-000-qq-e-127k,22100-B16-000,TODA RACING,,超軽量クロモリフライホイール,超軽量クロモリフライホイール＆クラッチKIT,,トランスミッションのタイプにより、アイドリング時のバックラッシュ音が大きくなる場合があります。,46000,0
ホンダ,シビック/インテグラ,EG2/EG6/EG9/EK4/EK9/DC2/DB8,,B16A/B16B/B18C,,クロモリフライホイール(4.1kg)<br>強化クラッチカバー<br>スポーツフェーシング(ノンアスベスト)ディスク(バランス調整済),79818,,293157,26000-B16-01N-qq-e-30k,26000-B16-01N,TODA RACING,,超軽量クロモリフライホイール&クラッチKIT(スポーツディスク),超軽量クロモリフライホイール＆クラッチKIT,,トランスミッションのタイプにより、アイドリング時のバックラッシュ音が大きくなる場合があります。,104600,0
ホンダ,シビック/インテグラ,EG2/EG6/EG9/EK4/EK9/DC2/DB8,,B16A/B16B/B18C,,クロモリフライホイール(4.1kg)<br>強化クラッチカバー<br>メタルディスク(バランス調整済),81302,,293156,26000-B16-00M-qq-e-31k,26000-B16-00M,TODA RACING,,超軽量クロモリフライホイール&クラッチKIT(メタルディスク),超軽量クロモリフライホイール＆クラッチKIT,,トランスミッションのタイプにより、アイドリング時のバックラッシュ音が大きくなる場合があります。,106600,0
ホンダ,シビックタイプR/インテグラタイプR,EP3/FD2/FN2/DC5,,K20A,,スポーツフェーシング(ノンアスベスト)ディスク,24713,,293093,22200-K20-01N-qq-e-116k,22200-K20-01N,TODA RACING,4,スポーツフェーシングディスク,超軽量クロモリフライホイール＆クラッチKIT,,,26800,1200
ホンダ,シビックタイプR/インテグラタイプR,EP3/FD2/FN2/DC5,,K20A,,メタルディスク,27240,,293091,22200-K20-00M-qq-e-117k,22200-K20-00M,TODA RACING,4,メタルディスク,超軽量クロモリフライホイール＆クラッチKIT,,,29800,1200
ホンダ,シビックタイプR/インテグラタイプR,EP3/FD2/FN2/DC5,,K20A,,強化クラッチカバー,27594,,293124,22300-K20-000-qq-e-118k,22300-K20-000,TODA RACING,,強化クラッチカバー,超軽量クロモリフライホイール＆クラッチKIT,,,31800,0
ホンダ,シビックタイプR/インテグラタイプR,EP3/FD2/FN2/DC5,,K20A,,クロモリフライホイール(3.8kg),34277,,293038,22100-K20-000-qq-e-119k,22100-K20-000,TODA RACING,,超軽量クロモリフライホイール,超軽量クロモリフライホイール＆クラッチKIT,,トランスミッションのタイプにより、アイドリング時のバックラッシュ音が大きくなる場合があります。,46000,0
ホンダ,シビックタイプR/インテグラタイプR,EP3/FD2/FN2/DC5,,K20A,,クロモリフライホイール(3.8kg)<br>強化クラッチカバー<br>スポーツフェーシング(ノンアスベスト)ディスク(バランス調整済),79818,,293179,26000-K20-01N-qq-e-26k,26000-K20-01N,TODA RACING,,超軽量クロモリフライホイール&クラッチKIT(スポーツディスク),超軽量クロモリフライホイール＆クラッチKIT,,トランスミッションのタイプにより、アイドリング時のバックラッシュ音が大きくなる場合があります。,104600,0
ホンダ,シビックタイプR/インテグラタイプR,EP3/FD2/FN2/DC5,,K20A,,クロモリフライホイール(3.8kg)<br>強化クラッチカバー<br>メタルディスク(バランス調整済),82044,,293177,26000-K20-00M-qq-e-27k,26000-K20-00M,TODA RACING,,超軽量クロモリフライホイール&クラッチKIT(メタルディスク),超軽量クロモリフライホイール＆クラッチKIT,,トランスミッションのタイプにより、アイドリング時のバックラッシュ音が大きくなる場合があります。,107600,0
マツダ,ロードスター,NA6CE,,B6-ZE,,スポーツフェーシング(ノンアスベスト)ディスク,23871,,293075,22200-B60-01N-qq-e-128k,22200-B60-01N,TODA RACING,4,スポーツフェーシングディスク,超軽量クロモリフライホイール＆クラッチKIT,,,25800,1200
マツダ,ロードスター,NA6CE,,B6-ZE,,メタルディスク,26987,,293073,22200-B60-00M-qq-e-129k,22200-B60-00M,TODA RACING,4,メタルディスク,超軽量クロモリフライホイール＆クラッチKIT,,,29500,1200
マツダ,ロードスター,NA6CE,,B6-ZE,,強化クラッチカバー,24713,,293117,22300-B60-000-qq-e-130k,22300-B60-000,TODA RACING,,強化クラッチカバー,超軽量クロモリフライホイール＆クラッチKIT,,,26800,1200
マツダ,ロードスター,NA6CE,,B6-ZE,,クロモリフライホイール(3.5kg),34277,,293030,22100-B60-000-qq-e-131k,22100-B60-000,TODA RACING,,超軽量クロモリフライホイール,超軽量クロモリフライホイール＆クラッチKIT,,トランスミッションのタイプにより、アイドリング時のバックラッシュ音が大きくなる場合があります。,46000,0
マツダ,ロードスター,NA6CE,,B6-ZE,,クロモリフライホイール(3.5kg)<br>強化クラッチカバー<br>スポーツフェーシング(ノンアスベスト)ディスク(バランス調整済),75363,,293160,26000-B60-01N-qq-e-33k,26000-B60-01N,TODA RACING,,超軽量クロモリフライホイール&クラッチKIT(スポーツディスク),超軽量クロモリフライホイール＆クラッチKIT,,トランスミッションのタイプにより、アイドリング時のバックラッシュ音が大きくなる場合があります。,98600,0
マツダ,ロードスター,NA6CE,,B6-ZE,,クロモリフライホイール(3.5kg)<br>強化クラッチカバー<br>メタルディスク(バランス調整済),78109,,293159,26000-B60-00M-qq-e-34k,26000-B60-00M,TODA RACING,,超軽量クロモリフライホイール&クラッチKIT(メタルディスク),超軽量クロモリフライホイール＆クラッチKIT,,トランスミッションのタイプにより、アイドリング時のバックラッシュ音が大きくなる場合があります。,102300,0
マツダ,ロードスター,NA8C/NB8C,,BP-ZE,,スポーツフェーシング(ノンアスベスト)ディスク,27240,,293079,22200-BP0-01N-qq-e-132k,22200-BP0-01N,TODA RACING,4,スポーツフェーシングディスク,超軽量クロモリフライホイール＆クラッチKIT,,,29800,1200
マツダ,ロードスター,NA8C/NB8C,,BP-ZE,,メタルディスク,28436,,293077,22200-BP0-00M-qq-e-133k,22200-BP0-00M,TODA RACING,4,メタルディスク,超軽量クロモリフライホイール＆クラッチKIT,,,32800,0
マツダ,ロードスター,NA8C/NB8C,,BP-ZE,,強化クラッチカバー,27594,,293118,22300-BP0-000-qq-e-134k,22300-BP0-000,TODA RACING,,強化クラッチカバー,超軽量クロモリフライホイール＆クラッチKIT,,,31800,0
マツダ,ロードスター,NA8C/NB8C,,BP-ZE,,クロモリフライホイール(4.5kg),38465,,293031,22100-BP0-000-qq-e-135k,22100-BP0-000,TODA RACING,,超軽量クロモリフライホイール,超軽量クロモリフライホイール＆クラッチKIT,,トランスミッションのタイプにより、アイドリング時のバックラッシュ音が大きくなる場合があります。,52000,0
マツダ,ロードスター,NA8C/NB8C,,BP-ZE,,クロモリフライホイール(4.5kg)<br>強化クラッチカバー<br>スポーツフェーシング(ノンアスベスト)ディスク(バランス調整済),86498,,293162,26000-BP0-01N-qq-e-35k,26000-BP0-01N,TODA RACING,,超軽量クロモリフライホイール&クラッチKIT(スポーツディスク),超軽量クロモリフライホイール＆クラッチKIT,,トランスミッションのタイプにより、アイドリング時のバックラッシュ音が大きくなる場合があります。,113600,0
マツダ,ロードスター,NA8C/NB8C,,BP-ZE,,クロモリフライホイール(4.5kg)<br>強化クラッチカバー<br>メタルディスク(バランス調整済),88726,,293161,26000-BP0-00M-qq-e-36k,26000-BP0-00M,TODA RACING,,超軽量クロモリフライホイール&クラッチKIT(メタルディスク),超軽量クロモリフライホイール＆クラッチKIT,,トランスミッションのタイプにより、アイドリング時のバックラッシュ音が大きくなる場合があります。,116600,0
マツダ,ロードスター,NCEC,,LF-VE,5MT,スポーツフェーシング(ノンアスベスト)ディスク,27240,,293080,22200-BP0-01N-qq-e-137k,22200-BP0-01N,TODA RACING,4,スポーツフェーシングディスク,超軽量クロモリフライホイール＆クラッチKIT,,,29800,1200
マツダ,ロードスター,NCEC,,LF-VE,5MT,メタルディスク,28436,,293078,22200-BP0-00M-qq-e-138k,22200-BP0-00M,TODA RACING,4,メタルディスク,超軽量クロモリフライホイール＆クラッチKIT,,,32800,0
マツダ,ロードスター,NCEC,,LF-VE,5MT,クロモリフライホイール(5.0kg)<br>強化クラッチカバー<br>スポーツフェーシング(ノンアスベスト)ディスク(バランス調整済),85756,,293185,26000-LF0-20N-qq-e-37k,26000-LF0-20N,TODA RACING,,超軽量クロモリフライホイール&クラッチKIT(スポーツディスク),超軽量クロモリフライホイール＆クラッチKIT,,トランスミッションのタイプにより、アイドリング時のバックラッシュ音が大きくなる場合があります。,112600,0
マツダ,ロードスター,NCEC,,LF-VE,5MT,クロモリフライホイール(5.0kg)<br>強化クラッチカバー<br>メタルディスク(バランス調整済),87983,,293184,26000-LF0-20M-qq-e-38k,26000-LF0-20M,TODA RACING,,超軽量クロモリフライホイール&クラッチKIT(メタルディスク),超軽量クロモリフライホイール＆クラッチKIT,,トランスミッションのタイプにより、アイドリング時のバックラッシュ音が大きくなる場合があります。,115600,0
マツダ,ロードスター,NCEC,,LF-VE,5MT/6MT,強化クラッチカバー,26753,,293126,22300-LF0-000-qq-e-139k,22300-LF0-000,TODA RACING,,強化クラッチカバー,超軽量クロモリフライホイール＆クラッチKIT,,,30800,0
マツダ,ロードスター,NCEC,,LF-VE,5MT/6MT,クロモリフライホイール(5.0kg),38465,,293040,22100-LF0-000-qq-e-140k,22100-LF0-000,TODA RACING,,超軽量クロモリフライホイール,超軽量クロモリフライホイール＆クラッチKIT,,トランスミッションのタイプにより、アイドリング時のバックラッシュ音が大きくなる場合があります。,52000,0
マツダ,ロードスター,NCEC,,LF-VE,6MT,スポーツフェーシング(ノンアスベスト)ディスク,27240,,293095,22200-LF0-00N-qq-e-136k,22200-LF0-00N,TODA RACING,4,スポーツフェーシングディスク,超軽量クロモリフライホイール＆クラッチKIT,,,29800,1200
マツダ,ロードスター,NCEC,,LF-VE,6MT,クロモリフライホイール(5.0kg)<br>強化クラッチカバー<br>スポーツフェーシング(ノンアスベスト)ディスク(バランス調整済),85756,,293183,26000-LF0-00N-qq-e-39k,26000-LF0-00N,TODA RACING,,超軽量クロモリフライホイール&クラッチKIT(スポーツディスク),超軽量クロモリフライホイール＆クラッチKIT,,トランスミッションのタイプにより、アイドリング時のバックラッシュ音が大きくなる場合があります。,112600,0
マツダ,ロードスター,ND5RC,,P5-VP,,スポーツフェーシング(ノンアスベスト)ディスク,23871,,293076,22200-B60-01N-qq-e-141k,22200-B60-01N,TODA RACING,4,スポーツフェーシングディスク,超軽量クロモリフライホイール＆クラッチKIT,本製品のクラッチカバーとクラッチディスクはセットで専用設計となっています。どちらか一方を純正品と混在して使用することはできません。,,25800,1200
マツダ,ロードスター,ND5RC,,P5-VP,,メタルディスク,26987,,293074,22200-B60-00M-qq-e-142k,22200-B60-00M,TODA RACING,4,メタルディスク,超軽量クロモリフライホイール＆クラッチKIT,本製品のクラッチカバーとクラッチディスクはセットで専用設計となっています。どちらか一方を純正品と混在して使用することはできません。,,29500,1200
マツダ,ロードスター,ND5RC,,P5-VP,,強化クラッチカバー,27594,,293129,22300-P5V-P00-qq-e-143k,22300-P5V-P00,TODA RACING,,強化クラッチカバー,超軽量クロモリフライホイール＆クラッチKIT,本製品のクラッチカバーとクラッチディスクはセットで専用設計となっています。どちらか一方を純正品と混在して使用することはできません。,,31800,0
マツダ,ロードスター,ND5RC,,P5-VP,,クロモリフライホイール(5.17kg),39862,,293043,22100-P5V-P00-qq-e-144k,22100-P5V-P00,TODA RACING,,超軽量クロモリフライホイール,超軽量クロモリフライホイール＆クラッチKIT,,トランスミッションのタイプにより、アイドリング時のバックラッシュ音が大きくなる場合があります。,54000,0
マツダ,ロードスター,ND5RC,,P5-VP,,クロモリフライホイール(5.17kg)<br>強化クラッチカバー(6050N)<br>スポーツフェーシング(ノンアスベスト)ディスク(バランス調整済),85014,,293191,26000-P5V-P0N-qq-e-40k,26000-P5V-P0N,TODA RACING,,超軽量クロモリフライホイール&クラッチKIT(スポーツディスク),超軽量クロモリフライホイール＆クラッチKIT,本製品のクラッチカバーとクラッチディスクはセットで専用設計となっています。どちらか一方を純正品と混在して使用することはできません。,トランスミッションのタイプにより、アイドリング時のバックラッシュ音が大きくなる場合があります。,111600,0
マツダ,ロードスター,ND5RC,,P5-VP,,クロモリフライホイール(5.17kg)<br>強化クラッチカバー(6050N)<br>メタルディスク(バランス調整済),87760,,293190,26000-P5V-P0M-qq-e-41k,26000-P5V-P0M,TODA RACING,,超軽量クロモリフライホイール&クラッチKIT(メタルディスク),超軽量クロモリフライホイール＆クラッチKIT,本製品のクラッチカバーとクラッチディスクはセットで専用設計となっています。どちらか一方を純正品と混在して使用することはできません。,トランスミッションのタイプにより、アイドリング時のバックラッシュ音が大きくなる場合があります。,115300,0
三菱,ランサーエボリューションIV/V/VI,CN9A/CP9A,,4G63,,スポーツフェーシング(ノンアスベスト)ディスク,27240,,293068,22200-4G6-33N-qq-e-145k,22200-4G6-33N,TODA RACING,4,スポーツフェーシングディスク,超軽量クロモリフライホイール＆クラッチKIT,,,29800,1200
三菱,ランサーエボリューションIV/V/VI,CN9A/CP9A,,4G63,,メタルディスク,28436,,293065,22200-4G6-31M-qq-e-146k,22200-4G6-31M,TODA RACING,4,メタルディスク,超軽量クロモリフライホイール＆クラッチKIT,,,32800,0
三菱,ランサーエボリューションIV/V/VI,CN9A/CP9A,,4G63,,強化クラッチカバー,31689,,293113,22300-4G6-301-qq-e-147k,22300-4G6-301,TODA RACING,,強化クラッチカバー,超軽量クロモリフライホイール＆クラッチKIT,,,36800,0
三菱,ランサーエボリューションIV/V/VI,CN9A/CP9A,,4G63,,クロモリフライホイール(4.4kg),34277,,293027,22100-4G6-301-qq-e-148k,22100-4G6-301,TODA RACING,,超軽量クロモリフライホイール,超軽量クロモリフライホイール＆クラッチKIT,,トランスミッションのタイプにより、アイドリング時のバックラッシュ音が大きくなる場合があります。,46000,0
三菱,ランサーエボリューションIV/V/VI,CN9A/CP9A,,4G63,,クロモリフライホイール(4.4kg)<br>強化クラッチカバー<br>スポーツフェーシング(ノンアスベスト)ディスク(バランス調整済),85756,,293154,26000-4G6-33N-qq-e-50k,26000-4G6-33N,TODA RACING,,超軽量クロモリフライホイール&クラッチKIT(スポーツディスク),超軽量クロモリフライホイール＆クラッチKIT,,トランスミッションのタイプにより、アイドリング時のバックラッシュ音が大きくなる場合があります。,112600,0
三菱,ランサーエボリューションIV/V/VI,CN9A/CP9A,,4G63,,クロモリフライホイール(4.4kg)<br>強化クラッチカバー<br>メタルディスク(バランス調整済),87983,,293152,26000-4G6-31M-qq-e-51k,26000-4G6-31M,TODA RACING,,超軽量クロモリフライホイール&クラッチKIT(メタルディスク),超軽量クロモリフライホイール＆クラッチKIT,,トランスミッションのタイプにより、アイドリング時のバックラッシュ音が大きくなる場合があります。,115600,0
三菱,ランサーエボリューションVII/VIII/IX,CT9A,,4G63,,スポーツフェーシング(ノンアスベスト)ディスク,27594,,293069,22200-4G6-34N-qq-e-149k,22200-4G6-34N,TODA RACING,4,スポーツフェーシングディスク,超軽量クロモリフライホイール＆クラッチKIT,,,31800,0
三菱,ランサーエボリューションVII/VIII/IX,CT9A,,4G63,,メタルディスク,34115,,293066,22200-4G6-32M-qq-e-150k,22200-4G6-32M,TODA RACING,4,メタルディスク,超軽量クロモリフライホイール＆クラッチKIT,,,39800,0
三菱,ランサーエボリューションVII/VIII/IX,CT9A,,4G63,,強化クラッチカバー,34115,,293114,22300-4G6-302-qq-e-151k,22300-4G6-302,TODA RACING,,強化クラッチカバー,超軽量クロモリフライホイール＆クラッチKIT,,,39800,0
三菱,ランサーエボリューションVII/VIII/IX,CT9A,,4G63,,クロモリフライホイール(4.9kg),34277,,293028,22100-4G6-302-qq-e-152k,22100-4G6-302,TODA RACING,,超軽量クロモリフライホイール,超軽量クロモリフライホイール＆クラッチKIT,,トランスミッションのタイプにより、アイドリング時のバックラッシュ音が大きくなる場合があります。,46000,0
三菱,ランサーエボリューションVII/VIII/IX,CT9A,,4G63,,クロモリフライホイール(4.9kg)<br>強化クラッチカバー<br>スポーツフェーシング(ノンアスベスト)ディスク(バランス調整済),89468,,293155,26000-4G6-34N-qq-e-52k,26000-4G6-34N,TODA RACING,,超軽量クロモリフライホイール&クラッチKIT(スポーツディスク),超軽量クロモリフライホイール＆クラッチKIT,,トランスミッションのタイプにより、アイドリング時のバックラッシュ音が大きくなる場合があります。,117600,0
三菱,ランサーエボリューションVII/VIII/IX,CT9A,,4G63,,クロモリフライホイール(4.9kg)<br>強化クラッチカバー<br>メタルディスク(バランス調整済),95406,,293153,26000-4G6-32M-qq-e-53k,26000-4G6-32M,TODA RACING,,超軽量クロモリフライホイール&クラッチKIT(メタルディスク),超軽量クロモリフライホイール＆クラッチKIT,,トランスミッションのタイプにより、アイドリング時のバックラッシュ音が大きくなる場合があります。,125600,0
三菱,ランサーエボリューションX,CZ4A,,4B11,,スポーツフェーシング(ノンアスベスト)ディスク,27594,,293070,22200-4G6-34N-qq-e-153k,22200-4G6-34N,TODA RACING,4,スポーツフェーシングディスク,超軽量クロモリフライホイール＆クラッチKIT,,,31800,0
三菱,ランサーエボリューションX,CZ4A,,4B11,,メタルディスク,34115,,293067,22200-4G6-32M-qq-e-154k,22200-4G6-32M,TODA RACING,4,メタルディスク,超軽量クロモリフライホイール＆クラッチKIT,,,39800,0
三菱,ランサーエボリューションX,CZ4A,,4B11,,強化クラッチカバー,34115,,293115,22300-4G6-302-qq-e-155k,22300-4G6-302,TODA RACING,,強化クラッチカバー,超軽量クロモリフライホイール＆クラッチKIT,,,39800,0
三菱,ランサーエボリューションX,CZ4A,,4B11,,クロモリフライホイール(4.5kg),34277,,293025,22100-4B1-100-qq-e-156k,22100-4B1-100,TODA RACING,,超軽量クロモリフライホイール,超軽量クロモリフライホイール＆クラッチKIT,,トランスミッションのタイプにより、アイドリング時のバックラッシュ音が大きくなる場合があります。,46000,0
三菱,ランサーエボリューションX,CZ4A,,4B11,,クロモリフライホイール(4.5kg)<br>強化クラッチカバー<br>スポーツフェーシング(ノンアスベスト)ディスク(バランス調整済),89468,,293149,26000-4B1-10N-qq-e-54k,26000-4B1-10N,TODA RACING,,超軽量クロモリフライホイール&クラッチKIT(スポーツディスク),超軽量クロモリフライホイール＆クラッチKIT,,トランスミッションのタイプにより、アイドリング時のバックラッシュ音が大きくなる場合があります。,117600,0
三菱,ランサーエボリューションX,CZ4A,,4B11,,クロモリフライホイール(4.5kg)<br>強化クラッチカバー<br>メタルディスク(バランス調整済),95406,,293148,26000-4B1-10M-qq-e-55k,26000-4B1-10M,TODA RACING,,超軽量クロモリフライホイール&クラッチKIT(メタルディスク),超軽量クロモリフライホイール＆クラッチKIT,,トランスミッションのタイプにより、アイドリング時のバックラッシュ音が大きくなる場合があります。,125600,0
