自動車メーカー,車種,型式,エンジン,年式,適合詳細,販売価格,Camp販売,商品ID,物販コード,取付コード,メーカー品番,メーカー名,商品名,フルキット設定バネレート【F/R】N/mm(kgf/mm),自由長【F/R】(mm),減衰力 ピストン速度 0.1m/sec 減衰力値N F:伸び側/縮み側,減衰力 ピストン速度 0.1m/sec 減衰力値N R:伸び側/縮み側,車高情報出荷時(最大上限～最大下限)【F/R】,備考,商品について,定価,SET価格,Campセット
スズキ,MRワゴン,MF22S,K6A,06/01～10/12,2WD,97942,92580,127434,80110-AS202-qq-e-516,80110-AS202-qq-e-d-516,80110-AS202,HKS,ハイパーマックスSスタイルC,F=29(3)/R=18(1.8),250(Barrel)/Special,529/186,274/196,-35(0～73)/-19(-17～32),リア形状別体,フルキットご購入の際には、ご希望のバネレートへ変更できます(HKSが取扱するスプリングとし、自由長の変更は不可)<br>ご希望の場合は、必ずご注文時にお知らせ下さい<br>各車種別推奨バネレート範囲を超えるバネレート変更は保証対象外となります<br>車高情報の数値は、HKS社内でのフルキット設定の組み合わせによる参考値データ(ノーマル比)です(データは車輌の個体差・組み付け条件により変化します)<br>カッコ内の数値(上限～下限)はノーマル車高から可能な車高調整幅のみを示したもので、あくまで参考値となります<br>車種によっては走行に支障をきたす恐れがありますのでご注意ください,141000,109500,95400
スズキ,アルト,HA24S,K6A,04/09～09/12,2WD,97942,92580,126983,80110-AS202-qq-e-517,80110-AS202-qq-e-d-517,80110-AS202,HKS,ハイパーマックスSスタイルC,F=29(3)/R=18(1.8),250(Barrel)/Special,529/186,274/196,-33(0～76)/-37(-19～39),リア形状別体,フルキットご購入の際には、ご希望のバネレートへ変更できます(HKSが取扱するスプリングとし、自由長の変更は不可)<br>ご希望の場合は、必ずご注文時にお知らせ下さい<br>各車種別推奨バネレート範囲を超えるバネレート変更は保証対象外となります<br>車高情報の数値は、HKS社内でのフルキット設定の組み合わせによる参考値データ(ノーマル比)です(データは車輌の個体差・組み付け条件により変化します)<br>カッコ内の数値(上限～下限)はノーマル車高から可能な車高調整幅のみを示したもので、あくまで参考値となります<br>車種によっては走行に支障をきたす恐れがありますのでご注意ください,141000,109500,95400
スズキ,セルボ,HG21S,K6A,06/11～09/12,2WD<br>ターボ,97942,92580,127229,80110-AS202-qq-e-518,80110-AS202-qq-e-d-518,80110-AS202,HKS,ハイパーマックスSスタイルC,F=29(3)/R=18(1.8),250(Barrel)/Special,529/186,274/196,-34(0～77)/-38(-29～43),リア形状別体,フルキットご購入の際には、ご希望のバネレートへ変更できます(HKSが取扱するスプリングとし、自由長の変更は不可)<br>ご希望の場合は、必ずご注文時にお知らせ下さい<br>各車種別推奨バネレート範囲を超えるバネレート変更は保証対象外となります<br>車高情報の数値は、HKS社内でのフルキット設定の組み合わせによる参考値データ(ノーマル比)です(データは車輌の個体差・組み付け条件により変化します)<br>カッコ内の数値(上限～下限)はノーマル車高から可能な車高調整幅のみを示したもので、あくまで参考値となります<br>車種によっては走行に支障をきたす恐れがありますのでご注意ください,141000,109500,95400
スズキ,ランディ,SC25,MR20DE,07/01～10/11,2WD,102672,97176,127222,80110-AN206-qq-e-521,80110-AN206-qq-e-d-521,80110-AN206,HKS,ハイパーマックスSスタイルC,F=49(5)/R=63(6.4),220(Barrel)/Special,402/285,157/108,-46(-40～90)/-41(-19～70),リア形状別体<br>車高データはC25(セレナ)のもの,フルキットご購入の際には、ご希望のバネレートへ変更できます(HKSが取扱するスプリングとし、自由長の変更は不可)<br>ご希望の場合は、必ずご注文時にお知らせ下さい<br>各車種別推奨バネレート範囲を超えるバネレート変更は保証対象外となります<br>車高情報の数値は、HKS社内でのフルキット設定の組み合わせによる参考値データ(ノーマル比)です(データは車輌の個体差・組み付け条件により変化します)<br>カッコ内の数値(上限～下限)はノーマル車高から可能な車高調整幅のみを示したもので、あくまで参考値となります<br>車種によっては走行に支障をきたす恐れがありますのでご注意ください,148000,114200,99400
スズキ,ランディ,SC26,MR20DD,10/12～,2WD,102672,97176,126973,80110-AN206-qq-e-520,80110-AN206-qq-e-d-520,80110-AN206,HKS,ハイパーマックスSスタイルC,F=49(5)/R=63(6.4),220(Barrel)/Special,402/285,157/108,-45(-33～63)/-21(-1～47),リア形状別体<br>車高データはC26(セレナ)のもの,フルキットご購入の際には、ご希望のバネレートへ変更できます(HKSが取扱するスプリングとし、自由長の変更は不可)<br>ご希望の場合は、必ずご注文時にお知らせ下さい<br>各車種別推奨バネレート範囲を超えるバネレート変更は保証対象外となります<br>車高情報の数値は、HKS社内でのフルキット設定の組み合わせによる参考値データ(ノーマル比)です(データは車輌の個体差・組み付け条件により変化します)<br>カッコ内の数値(上限～下限)はノーマル車高から可能な車高調整幅のみを示したもので、あくまで参考値となります<br>車種によっては走行に支障をきたす恐れがありますのでご注意ください,148000,114200,99400
スズキ,ランディ,SHC26,MR20DD-SM23,12/08～,2WD,102672,97176,127221,80110-AN206-qq-e-519,80110-AN206-qq-e-d-519,80110-AN206,HKS,ハイパーマックスSスタイルC,F=49(5)/R=63(6.4),220(Barrel)/Special,402/285,157/108,-46(-37～69)/-31(-11～57),リア形状別体<br>車高データはHC26(セレナ)のもの,フルキットご購入の際には、ご希望のバネレートへ変更できます(HKSが取扱するスプリングとし、自由長の変更は不可)<br>ご希望の場合は、必ずご注文時にお知らせ下さい<br>各車種別推奨バネレート範囲を超えるバネレート変更は保証対象外となります<br>車高情報の数値は、HKS社内でのフルキット設定の組み合わせによる参考値データ(ノーマル比)です(データは車輌の個体差・組み付け条件により変化します)<br>カッコ内の数値(上限～下限)はノーマル車高から可能な車高調整幅のみを示したもので、あくまで参考値となります<br>車種によっては走行に支障をきたす恐れがありますのでご注意ください,148000,114200,99400
スズキ,ワゴンR,MC11S/MC12S,F6A,98/10～00/11,2WD<br>ターボ,97942,92580,126981,80110-AS201-qq-e-525,80110-AS201-qq-e-d-525,80110-AS201,HKS,ハイパーマックスSスタイルC,F=29(3)/R=20(2),250(Barrel)/Special,388/172,358/151,-35/-32,リア形状別体<br>テストはMC21Sにて実施,フルキットご購入の際には、ご希望のバネレートへ変更できます(HKSが取扱するスプリングとし、自由長の変更は不可)<br>ご希望の場合は、必ずご注文時にお知らせ下さい<br>各車種別推奨バネレート範囲を超えるバネレート変更は保証対象外となります<br>車高情報の数値は、HKS社内でのフルキット設定の組み合わせによる参考値データ(ノーマル比)です(データは車輌の個体差・組み付け条件により変化します)<br>カッコ内の数値(上限～下限)はノーマル車高から可能な車高調整幅のみを示したもので、あくまで参考値となります<br>車種によっては走行に支障をきたす恐れがありますのでご注意ください,141000,109500,95400
スズキ,ワゴンR,MC21S/MC22S,K6A,98/10～02/03,1～4型前期用<br>2WD<br>ターボ,97942,92580,127227,80110-AS201-qq-e-524,80110-AS201-qq-e-d-524,80110-AS201,HKS,ハイパーマックスSスタイルC,F=29(3)/R=20(2),250(Barrel)/Special,388/172,358/151,-35(0～77)/-32(-22～54),リア形状別体,フルキットご購入の際には、ご希望のバネレートへ変更できます(HKSが取扱するスプリングとし、自由長の変更は不可)<br>ご希望の場合は、必ずご注文時にお知らせ下さい<br>各車種別推奨バネレート範囲を超えるバネレート変更は保証対象外となります<br>車高情報の数値は、HKS社内でのフルキット設定の組み合わせによる参考値データ(ノーマル比)です(データは車輌の個体差・組み付け条件により変化します)<br>カッコ内の数値(上限～下限)はノーマル車高から可能な車高調整幅のみを示したもので、あくまで参考値となります<br>車種によっては走行に支障をきたす恐れがありますのでご注意ください,141000,109500,95400
スズキ,ワゴンR,MH21S,K6A,04/12～07/02,3～4型用<br>2WD<br>ターボ,97942,92580,127435,80110-AS202-qq-e-523,80110-AS202-qq-e-d-523,80110-AS202,HKS,ハイパーマックスSスタイルC,F=29(3)/R=18(1.8),250(Barrel)/Special,529/186,274/196,-33(0～69)/-23(-12～37),リア形状別体,フルキットご購入の際には、ご希望のバネレートへ変更できます(HKSが取扱するスプリングとし、自由長の変更は不可)<br>ご希望の場合は、必ずご注文時にお知らせ下さい<br>各車種別推奨バネレート範囲を超えるバネレート変更は保証対象外となります<br>車高情報の数値は、HKS社内でのフルキット設定の組み合わせによる参考値データ(ノーマル比)です(データは車輌の個体差・組み付け条件により変化します)<br>カッコ内の数値(上限～下限)はノーマル車高から可能な車高調整幅のみを示したもので、あくまで参考値となります<br>車種によっては走行に支障をきたす恐れがありますのでご注意ください,141000,109500,95400
スズキ,ワゴンR,MH22S,K6A,07/02～08/09,2WD<br>ターボ<br>RR-DI/スティングレー,97942,92580,127230,80110-AS202-qq-e-522,80110-AS202-qq-e-d-522,80110-AS202,HKS,ハイパーマックスSスタイルC,F=29(3)/R=18(1.8),250(Barrel)/Special,529/186,274/196,-32(0～65)/-18(-7～36),リア形状別体,フルキットご購入の際には、ご希望のバネレートへ変更できます(HKSが取扱するスプリングとし、自由長の変更は不可)<br>ご希望の場合は、必ずご注文時にお知らせ下さい<br>各車種別推奨バネレート範囲を超えるバネレート変更は保証対象外となります<br>車高情報の数値は、HKS社内でのフルキット設定の組み合わせによる参考値データ(ノーマル比)です(データは車輌の個体差・組み付け条件により変化します)<br>カッコ内の数値(上限～下限)はノーマル車高から可能な車高調整幅のみを示したもので、あくまで参考値となります<br>車種によっては走行に支障をきたす恐れがありますのでご注意ください,141000,109500,95400
スバル,トレジア,NSP120X,1NR-FE,10/11～,,97942,92580,126997,80110-AT212-qq-e-515,80110-AT212-qq-e-d-515,80110-AT212,HKS,ハイパーマックスSスタイルC,F=29(3)/R=24(2.4),250(Barrel)/Special,216/108,98/78,-37(0～84)/-36(-29～63),車高データはNSP120のもの,フルキットご購入の際には、ご希望のバネレートへ変更できます(HKSが取扱するスプリングとし、自由長の変更は不可)<br>ご希望の場合は、必ずご注文時にお知らせ下さい<br>各車種別推奨バネレート範囲を超えるバネレート変更は保証対象外となります<br>車高情報の数値は、HKS社内でのフルキット設定の組み合わせによる参考値データ(ノーマル比)です(データは車輌の個体差・組み付け条件により変化します)<br>カッコ内の数値(上限～下限)はノーマル車高から可能な車高調整幅のみを示したもので、あくまで参考値となります<br>車種によっては走行に支障をきたす恐れがありますのでご注意ください,141000,112500,98400
トヨタ,bB,NCP30,2NZ-FE,00/02～05/12,2WD,97942,92580,126987,80110-AT204-qq-e-392,80110-AT204-qq-e-d-392,80110-AT204,HKS,ハイパーマックスSスタイルC,F=29(3)/R=24(2.4),250(Barrel)/Special,429/135,255/154,-52(0～88)/-40(-33～73),リア形状別体<br>車高データはNCP31のもの,フルキットご購入の際には、ご希望のバネレートへ変更できます(HKSが取扱するスプリングとし、自由長の変更は不可)<br>ご希望の場合は、必ずご注文時にお知らせ下さい<br>各車種別推奨バネレート範囲を超えるバネレート変更は保証対象外となります<br>車高情報の数値は、HKS社内でのフルキット設定の組み合わせによる参考値データ(ノーマル比)です(データは車輌の個体差・組み付け条件により変化します)<br>カッコ内の数値(上限～下限)はノーマル車高から可能な車高調整幅のみを示したもので、あくまで参考値となります<br>車種によっては走行に支障をきたす恐れがありますのでご注意ください,141000,109500,95400
トヨタ,bB,NCP31,1NZ-FE,00/02～05/12,2WD,97942,92580,127233,80110-AT204-qq-e-391,80110-AT204-qq-e-d-391,80110-AT204,HKS,ハイパーマックスSスタイルC,F=29(3)/R=24(2.4),250(Barrel)/Special,429/135,255/154,-52(0～88)/-40(-33～73),リア形状別体,フルキットご購入の際には、ご希望のバネレートへ変更できます(HKSが取扱するスプリングとし、自由長の変更は不可)<br>ご希望の場合は、必ずご注文時にお知らせ下さい<br>各車種別推奨バネレート範囲を超えるバネレート変更は保証対象外となります<br>車高情報の数値は、HKS社内でのフルキット設定の組み合わせによる参考値データ(ノーマル比)です(データは車輌の個体差・組み付け条件により変化します)<br>カッコ内の数値(上限～下限)はノーマル車高から可能な車高調整幅のみを示したもので、あくまで参考値となります<br>車種によっては走行に支障をきたす恐れがありますのでご注意ください,141000,109500,95400
トヨタ,C-HR,NGX50,8NR-FTS,16/12～,4WD,118217,112278,127257,80110-AT217-qq-e-390,80110-AT217-qq-e-d-390,80110-AT217,HKS,ハイパーマックスSスタイルC,F=39(4)/R=49(5),220(Barrel)/220(Barrel),412/216,250/162,-44(0～81)/-51(-3～85),,フルキットご購入の際には、ご希望のバネレートへ変更できます(HKSが取扱するスプリングとし、自由長の変更は不可)<br>ご希望の場合は、必ずご注文時にお知らせ下さい<br>各車種別推奨バネレート範囲を超えるバネレート変更は保証対象外となります<br>車高情報の数値は、HKS社内でのフルキット設定の組み合わせによる参考値データ(ノーマル比)です(データは車輌の個体差・組み付け条件により変化します)<br>カッコ内の数値(上限～下限)はノーマル車高から可能な車高調整幅のみを示したもので、あくまで参考値となります<br>車種によっては走行に支障をきたす恐れがありますのでご注意ください,171000,129600,112500
トヨタ,C-HRハイブリッド,ZYX10,2ZR-FXE/2ZR-1NM,16/12～,2WD<br>ハイブリッド,118217,112278,127256,80110-AT217-qq-e-389,80110-AT217-qq-e-d-389,80110-AT217,HKS,ハイパーマックスSスタイルC,F=39(4)/R=49(5),220(Barrel)/220(Barrel),412/216,250/162,-32(0～69)/-39(0～73),,フルキットご購入の際には、ご希望のバネレートへ変更できます(HKSが取扱するスプリングとし、自由長の変更は不可)<br>ご希望の場合は、必ずご注文時にお知らせ下さい<br>各車種別推奨バネレート範囲を超えるバネレート変更は保証対象外となります<br>車高情報の数値は、HKS社内でのフルキット設定の組み合わせによる参考値データ(ノーマル比)です(データは車輌の個体差・組み付け条件により変化します)<br>カッコ内の数値(上限～下限)はノーマル車高から可能な車高調整幅のみを示したもので、あくまで参考値となります<br>車種によっては走行に支障をきたす恐れがありますのでご注意ください,171000,129600,112500
トヨタ,アクア,NHP10,1NZ-FXE/1NZ-1LM,11/12～,2WD,97942,92580,127243,80110-AT212-qq-e-395,80110-AT212-qq-e-d-395,80110-AT212,HKS,ハイパーマックスSスタイルC,F=29(3)/R=24(2.4),250(Barrel)/Special,216/108,98/78,-38(0～69)/-37(-30～64),リア形状別体,フルキットご購入の際には、ご希望のバネレートへ変更できます(HKSが取扱するスプリングとし、自由長の変更は不可)<br>ご希望の場合は、必ずご注文時にお知らせ下さい<br>各車種別推奨バネレート範囲を超えるバネレート変更は保証対象外となります<br>車高情報の数値は、HKS社内でのフルキット設定の組み合わせによる参考値データ(ノーマル比)です(データは車輌の個体差・組み付け条件により変化します)<br>カッコ内の数値(上限～下限)はノーマル車高から可能な車高調整幅のみを示したもので、あくまで参考値となります<br>車種によっては走行に支障をきたす恐れがありますのでご注意ください,141000,109500,95400
トヨタ,アルファード,GGH20W/ANH20W,2GR-FE/2AZ-FE,08/05～15/01,2WD,102672,97176,127240,80110-AT208-qq-e-396,80110-AT208-qq-e-d-396,80110-AT208,HKS,ハイパーマックスSスタイルC,F=49(5)/R=72(7.3),250(Barrel)/Special,623/216,486/147,-42(-6～72)/-41(-20～71),リア形状別体<br>車高データはGGH20W(3.5L)のもの,フルキットご購入の際には、ご希望のバネレートへ変更できます(HKSが取扱するスプリングとし、自由長の変更は不可)<br>ご希望の場合は、必ずご注文時にお知らせ下さい<br>各車種別推奨バネレート範囲を超えるバネレート変更は保証対象外となります<br>車高情報の数値は、HKS社内でのフルキット設定の組み合わせによる参考値データ(ノーマル比)です(データは車輌の個体差・組み付け条件により変化します)<br>カッコ内の数値(上限～下限)はノーマル車高から可能な車高調整幅のみを示したもので、あくまで参考値となります<br>車種によっては走行に支障をきたす恐れがありますのでご注意ください,148000,114200,99400
トヨタ,アルファード,GGH25W/ANH25W,2GR-FE/2AZ-FE,08/05～15/01,4WD,102672,97176,127437,80110-AT208-qq-e-397,80110-AT208-qq-e-d-397,80110-AT208,HKS,ハイパーマックスSスタイルC,F=49(5)/R=72(7.3),250(Barrel)/Special,623/216,486/147,-36(0～66)/-37(-16～67),リア形状別体<br>車高データはANH20Wのもの,フルキットご購入の際には、ご希望のバネレートへ変更できます(HKSが取扱するスプリングとし、自由長の変更は不可)<br>ご希望の場合は、必ずご注文時にお知らせ下さい<br>各車種別推奨バネレート範囲を超えるバネレート変更は保証対象外となります<br>車高情報の数値は、HKS社内でのフルキット設定の組み合わせによる参考値データ(ノーマル比)です(データは車輌の個体差・組み付け条件により変化します)<br>カッコ内の数値(上限～下限)はノーマル車高から可能な車高調整幅のみを示したもので、あくまで参考値となります<br>車種によっては走行に支障をきたす恐れがありますのでご注意ください,148000,114200,99400
トヨタ,アルファード,MNH10W/ANH10W,1MZ-FE/2AZ-FE,02/05～08/04,2WD,102672,97176,126984,80110-AT202-qq-e-398,80110-AT202-qq-e-d-398,80110-AT202,HKS,ハイパーマックスSスタイルC,F=49(5)/R=63(6.4),250(Barrel)/Special,461/216,363/167,-42(0～73)/-32(-24～58),リア形状別体<br>車高データはANH10W(2.4L)のもの,フルキットご購入の際には、ご希望のバネレートへ変更できます(HKSが取扱するスプリングとし、自由長の変更は不可)<br>ご希望の場合は、必ずご注文時にお知らせ下さい<br>各車種別推奨バネレート範囲を超えるバネレート変更は保証対象外となります<br>車高情報の数値は、HKS社内でのフルキット設定の組み合わせによる参考値データ(ノーマル比)です(データは車輌の個体差・組み付け条件により変化します)<br>カッコ内の数値(上限～下限)はノーマル車高から可能な車高調整幅のみを示したもので、あくまで参考値となります<br>車種によっては走行に支障をきたす恐れがありますのでご注意ください,148000,114200,99400
トヨタ,アルファード,MNH15W/ANH15W,1MZ-FE/2AZ-FE,02/05～08/04,4WD,102672,97176,126985,80110-AT202-qq-e-399,80110-AT202-qq-e-d-399,80110-AT202,HKS,ハイパーマックスSスタイルC,F=49(5)/R=63(6.4),250(Barrel)/Special,461/216,363/167,-45(-2～79)/-47(-39～72),リア形状別体<br>車高データはANH15W(2.4L)のもの,フルキットご購入の際には、ご希望のバネレートへ変更できます(HKSが取扱するスプリングとし、自由長の変更は不可)<br>ご希望の場合は、必ずご注文時にお知らせ下さい<br>各車種別推奨バネレート範囲を超えるバネレート変更は保証対象外となります<br>車高情報の数値は、HKS社内でのフルキット設定の組み合わせによる参考値データ(ノーマル比)です(データは車輌の個体差・組み付け条件により変化します)<br>カッコ内の数値(上限～下限)はノーマル車高から可能な車高調整幅のみを示したもので、あくまで参考値となります<br>車種によっては走行に支障をきたす恐れがありますのでご注意ください,148000,114200,99400
トヨタ,アルファードハイブリッド,ATH10W,2AZ-FXE/2AZ-1EM,03/08～08/04,4WD,102672,97176,127231,80110-AT202-qq-e-401,80110-AT202-qq-e-d-401,80110-AT202,HKS,ハイパーマックスSスタイルC,F=49(5)/R=63(6.4),250(Barrel)/Special,461/216,363/167,-45(-2～79)/-47(-39～72),リア形状別体<br>車高データはANH15W(2.4L)のもの,フルキットご購入の際には、ご希望のバネレートへ変更できます(HKSが取扱するスプリングとし、自由長の変更は不可)<br>ご希望の場合は、必ずご注文時にお知らせ下さい<br>各車種別推奨バネレート範囲を超えるバネレート変更は保証対象外となります<br>車高情報の数値は、HKS社内でのフルキット設定の組み合わせによる参考値データ(ノーマル比)です(データは車輌の個体差・組み付け条件により変化します)<br>カッコ内の数値(上限～下限)はノーマル車高から可能な車高調整幅のみを示したもので、あくまで参考値となります<br>車種によっては走行に支障をきたす恐れがありますのでご注意ください,148000,114200,99400
トヨタ,アルファードハイブリッド,ATH20W,2AZ-FXE/2AZ-2JM,11/11～15/01,,102672,97176,127241,80110-AT208-qq-e-400,80110-AT208-qq-e-d-400,80110-AT208,HKS,ハイパーマックスSスタイルC,F=49(5)/R=72(7.3),250(Barrel)/Special,623/216,486/147,-36(0～66)/-37(-16～67),リア形状別体<br>車高データはANH20Wを想定した調整後の推定値,フルキットご購入の際には、ご希望のバネレートへ変更できます(HKSが取扱するスプリングとし、自由長の変更は不可)<br>ご希望の場合は、必ずご注文時にお知らせ下さい<br>各車種別推奨バネレート範囲を超えるバネレート変更は保証対象外となります<br>車高情報の数値は、HKS社内でのフルキット設定の組み合わせによる参考値データ(ノーマル比)です(データは車輌の個体差・組み付け条件により変化します)<br>カッコ内の数値(上限～下限)はノーマル車高から可能な車高調整幅のみを示したもので、あくまで参考値となります<br>車種によっては走行に支障をきたす恐れがありますのでご注意ください,148000,114200,99400
トヨタ,アレックス,NZE121/ZZE122/ZZE123,1NZ-FE/1ZZ-FE/2ZZ-GE,01/01～04/04,,102672,97176,127236,80110-AT205-qq-e-402,80110-AT205-qq-e-d-402,80110-AT205,HKS,ハイパーマックスSスタイルC,F=49(5)/R=49(5),220(Barrel)/150(Straight),520/230,300/160,-54(0～71)/-53(-6～71),車高データはZZE123Gのもの,フルキットご購入の際には、ご希望のバネレートへ変更できます(HKSが取扱するスプリングとし、自由長の変更は不可)<br>ご希望の場合は、必ずご注文時にお知らせ下さい<br>各車種別推奨バネレート範囲を超えるバネレート変更は保証対象外となります<br>車高情報の数値は、HKS社内でのフルキット設定の組み合わせによる参考値データ(ノーマル比)です(データは車輌の個体差・組み付け条件により変化します)<br>カッコ内の数値(上限～下限)はノーマル車高から可能な車高調整幅のみを示したもので、あくまで参考値となります<br>車種によっては走行に支障をきたす恐れがありますのでご注意ください,148000,114200,99400
トヨタ,イスト,NCP60/NCP61,2NZ-FE/1NZ-FE,02/05～07/06,2WD,97942,92580,126988,80110-AT204-qq-e-394,80110-AT204-qq-e-d-394,80110-AT204,HKS,ハイパーマックスSスタイルC,F=29(3)/R=24(2.4),250(Barrel)/Special,429/135,255/154,-39(0～84)/-21(-14～54),リア形状別体<br>車高データはMC後のもの,フルキットご購入の際には、ご希望のバネレートへ変更できます(HKSが取扱するスプリングとし、自由長の変更は不可)<br>ご希望の場合は、必ずご注文時にお知らせ下さい<br>各車種別推奨バネレート範囲を超えるバネレート変更は保証対象外となります<br>車高情報の数値は、HKS社内でのフルキット設定の組み合わせによる参考値データ(ノーマル比)です(データは車輌の個体差・組み付け条件により変化します)<br>カッコ内の数値(上限～下限)はノーマル車高から可能な車高調整幅のみを示したもので、あくまで参考値となります<br>車種によっては走行に支障をきたす恐れがありますのでご注意ください,141000,109500,95400
トヨタ,イスト,ZSP110,2ZR-FE,07/07～,2WD,97942,92580,127438,80110-AT212-qq-e-393,80110-AT212-qq-e-d-393,80110-AT212,HKS,ハイパーマックスSスタイルC,F=29(3)/R=24(2.4),250(Barrel)/Special,216/108,98/78,-45(-7～81)/-50(-40～85),リア形状別体,フルキットご購入の際には、ご希望のバネレートへ変更できます(HKSが取扱するスプリングとし、自由長の変更は不可)<br>ご希望の場合は、必ずご注文時にお知らせ下さい<br>各車種別推奨バネレート範囲を超えるバネレート変更は保証対象外となります<br>車高情報の数値は、HKS社内でのフルキット設定の組み合わせによる参考値データ(ノーマル比)です(データは車輌の個体差・組み付け条件により変化します)<br>カッコ内の数値(上限～下限)はノーマル車高から可能な車高調整幅のみを示したもので、あくまで参考値となります<br>車種によっては走行に支障をきたす恐れがありますのでご注意ください,141000,109500,95400
トヨタ,ウィッシュ,ANE10G,1AZ-FSE,03/04～09/04,,102672,97176,126986,80110-AT203-qq-e-403,80110-AT203-qq-e-d-403,80110-AT203,HKS,ハイパーマックスSスタイルC,F=29(3)/R=49(5),250(Barrel)/200,610/160,400/150,-40(-7～84)/-40(0～60),車高データはZNE10Gのもの,フルキットご購入の際には、ご希望のバネレートへ変更できます(HKSが取扱するスプリングとし、自由長の変更は不可)<br>ご希望の場合は、必ずご注文時にお知らせ下さい<br>各車種別推奨バネレート範囲を超えるバネレート変更は保証対象外となります<br>車高情報の数値は、HKS社内でのフルキット設定の組み合わせによる参考値データ(ノーマル比)です(データは車輌の個体差・組み付け条件により変化します)<br>カッコ内の数値(上限～下限)はノーマル車高から可能な車高調整幅のみを示したもので、あくまで参考値となります<br>車種によっては走行に支障をきたす恐れがありますのでご注意ください,148000,119200,104400
トヨタ,ウィッシュ,ZNE10G,1ZZ-FE,03/01～09/04,,102672,97176,127232,80110-AT203-qq-e-404,80110-AT203-qq-e-d-404,80110-AT203,HKS,ハイパーマックスSスタイルC,F=29(3)/R=49(5),250(Barrel)/200,610/160,400/150,-40(-7～84)/-40(0～60),,フルキットご購入の際には、ご希望のバネレートへ変更できます(HKSが取扱するスプリングとし、自由長の変更は不可)<br>ご希望の場合は、必ずご注文時にお知らせ下さい<br>各車種別推奨バネレート範囲を超えるバネレート変更は保証対象外となります<br>車高情報の数値は、HKS社内でのフルキット設定の組み合わせによる参考値データ(ノーマル比)です(データは車輌の個体差・組み付け条件により変化します)<br>カッコ内の数値(上限～下限)はノーマル車高から可能な車高調整幅のみを示したもので、あくまで参考値となります<br>車種によっては走行に支障をきたす恐れがありますのでご注意ください,148000,119200,104400
トヨタ,ヴィッツ,NSP130,1NR-FE,10/12～,2WD,97942,92580,127245,80110-AT212-qq-e-426,80110-AT212-qq-e-d-426,80110-AT212,HKS,ハイパーマックスSスタイルC,F=29(3)/R=24(2.4),250(Barrel)/Special,216/108,98/78,-32(-23～76)/-41(-33～70),リア形状別体,フルキットご購入の際には、ご希望のバネレートへ変更できます(HKSが取扱するスプリングとし、自由長の変更は不可)<br>ご希望の場合は、必ずご注文時にお知らせ下さい<br>各車種別推奨バネレート範囲を超えるバネレート変更は保証対象外となります<br>車高情報の数値は、HKS社内でのフルキット設定の組み合わせによる参考値データ(ノーマル比)です(データは車輌の個体差・組み付け条件により変化します)<br>カッコ内の数値(上限～下限)はノーマル車高から可能な車高調整幅のみを示したもので、あくまで参考値となります<br>車種によっては走行に支障をきたす恐れがありますのでご注意ください,141000,109500,95400
トヨタ,ヴィッツ,SCP10/SCP13,1SZ-FE/2SZ-FE,99/01～05/01,2WD,97942,92580,126990,80110-AT204-qq-e-428,80110-AT204-qq-e-d-428,80110-AT204,HKS,ハイパーマックスSスタイルC,F=29(3)/R=24(2.4),250(Barrel)/Special,429/135,255/154,-29(0～91)/-27(0～49),リア形状別体<br>テストはSCP10(1.0L)にて実施,フルキットご購入の際には、ご希望のバネレートへ変更できます(HKSが取扱するスプリングとし、自由長の変更は不可)<br>ご希望の場合は、必ずご注文時にお知らせ下さい<br>各車種別推奨バネレート範囲を超えるバネレート変更は保証対象外となります<br>車高情報の数値は、HKS社内でのフルキット設定の組み合わせによる参考値データ(ノーマル比)です(データは車輌の個体差・組み付け条件により変化します)<br>カッコ内の数値(上限～下限)はノーマル車高から可能な車高調整幅のみを示したもので、あくまで参考値となります<br>車種によっては走行に支障をきたす恐れがありますのでご注意ください,141000,109500,95400
トヨタ,ヴィッツ,SCP90,2SZ-FE,05/02～10/11,2WD,97942,92580,127246,80110-AT212-qq-e-427,80110-AT212-qq-e-d-427,80110-AT212,HKS,ハイパーマックスSスタイルC,F=29(3)/R=24(2.4),250(Barrel)/Special,216/108,98/78,-34(0～115)/-43(-35～72),リア形状別体,フルキットご購入の際には、ご希望のバネレートへ変更できます(HKSが取扱するスプリングとし、自由長の変更は不可)<br>ご希望の場合は、必ずご注文時にお知らせ下さい<br>各車種別推奨バネレート範囲を超えるバネレート変更は保証対象外となります<br>車高情報の数値は、HKS社内でのフルキット設定の組み合わせによる参考値データ(ノーマル比)です(データは車輌の個体差・組み付け条件により変化します)<br>カッコ内の数値(上限～下限)はノーマル車高から可能な車高調整幅のみを示したもので、あくまで参考値となります<br>車種によっては走行に支障をきたす恐れがありますのでご注意ください,141000,109500,95400
トヨタ,ヴィッツRS,NCP10,2NZ-FE,00/10～05/01,2WD,97942,92580,127235,80110-AT204-qq-e-430,80110-AT204-qq-e-d-430,80110-AT204,HKS,ハイパーマックスSスタイルC,F=29(3)/R=24(2.4),250(Barrel)/Special,429/135,255/154,-29/-27,リア形状別体<br>テストはSCP10(1.0L)にて実施,フルキットご購入の際には、ご希望のバネレートへ変更できます(HKSが取扱するスプリングとし、自由長の変更は不可)<br>ご希望の場合は、必ずご注文時にお知らせ下さい<br>各車種別推奨バネレート範囲を超えるバネレート変更は保証対象外となります<br>車高情報の数値は、HKS社内でのフルキット設定の組み合わせによる参考値データ(ノーマル比)です(データは車輌の個体差・組み付け条件により変化します)<br>カッコ内の数値(上限～下限)はノーマル車高から可能な車高調整幅のみを示したもので、あくまで参考値となります<br>車種によっては走行に支障をきたす恐れがありますのでご注意ください,141000,109500,95400
トヨタ,ヴィッツRS,NCP13,1NZ-FE,00/10～05/01,2WD,97942,92580,127234,80110-AT204-qq-e-429,80110-AT204-qq-e-d-429,80110-AT204,HKS,ハイパーマックスSスタイルC,F=29(3)/R=24(2.4),250(Barrel)/Special,429/135,255/154,-37/-27,リア形状別体<br>テストはSCP10(1.0L)にて実施,フルキットご購入の際には、ご希望のバネレートへ変更できます(HKSが取扱するスプリングとし、自由長の変更は不可)<br>ご希望の場合は、必ずご注文時にお知らせ下さい<br>各車種別推奨バネレート範囲を超えるバネレート変更は保証対象外となります<br>車高情報の数値は、HKS社内でのフルキット設定の組み合わせによる参考値データ(ノーマル比)です(データは車輌の個体差・組み付け条件により変化します)<br>カッコ内の数値(上限～下限)はノーマル車高から可能な車高調整幅のみを示したもので、あくまで参考値となります<br>車種によっては走行に支障をきたす恐れがありますのでご注意ください,141000,109500,95400
トヨタ,ヴェルファイア,GGH20W/ANH20W,2GR-FE/2AZ-FE,08/05～15/01,2WD,102672,97176,126995,80110-AT208-qq-e-431,80110-AT208-qq-e-d-431,80110-AT208,HKS,ハイパーマックスSスタイルC,F=49(5)/R=72(7.3),250(Barrel)/Special,623/216,486/147,-42(-6～72)/-41(-20～71),リア形状別体<br>車高データはGGH20W(3.5L)のもの,フルキットご購入の際には、ご希望のバネレートへ変更できます(HKSが取扱するスプリングとし、自由長の変更は不可)<br>ご希望の場合は、必ずご注文時にお知らせ下さい<br>各車種別推奨バネレート範囲を超えるバネレート変更は保証対象外となります<br>車高情報の数値は、HKS社内でのフルキット設定の組み合わせによる参考値データ(ノーマル比)です(データは車輌の個体差・組み付け条件により変化します)<br>カッコ内の数値(上限～下限)はノーマル車高から可能な車高調整幅のみを示したもので、あくまで参考値となります<br>車種によっては走行に支障をきたす恐れがありますのでご注意ください,148000,114200,99400
トヨタ,ヴェルファイア,GGH25W/ANH25W,2GR-FE/2AZ-FE,08/05～15/01,4WD,102672,97176,127242,80110-AT208-qq-e-432,80110-AT208-qq-e-d-432,80110-AT208,HKS,ハイパーマックスSスタイルC,F=49(5)/R=72(7.3),250(Barrel)/Special,623/216,486/147,-36(0～66)/-37(-16～67),リア形状別体<br>車高データはANH20Wのもの,フルキットご購入の際には、ご希望のバネレートへ変更できます(HKSが取扱するスプリングとし、自由長の変更は不可)<br>ご希望の場合は、必ずご注文時にお知らせ下さい<br>各車種別推奨バネレート範囲を超えるバネレート変更は保証対象外となります<br>車高情報の数値は、HKS社内でのフルキット設定の組み合わせによる参考値データ(ノーマル比)です(データは車輌の個体差・組み付け条件により変化します)<br>カッコ内の数値(上限～下限)はノーマル車高から可能な車高調整幅のみを示したもので、あくまで参考値となります<br>車種によっては走行に支障をきたす恐れがありますのでご注意ください,148000,114200,99400
トヨタ,ヴェルファイアハイブリッド,ATH20W,2AZ-FXE/2AZ-2JM,11/11～15/01,,102672,97176,126996,80110-AT208-qq-e-433,80110-AT208-qq-e-d-433,80110-AT208,HKS,ハイパーマックスSスタイルC,F=49(5)/R=72(7.3),250(Barrel)/Special,623/216,486/147,-36(0～66)/-37(-16～67),リア形状別体<br>車高データはANH20Wのもの,フルキットご購入の際には、ご希望のバネレートへ変更できます(HKSが取扱するスプリングとし、自由長の変更は不可)<br>ご希望の場合は、必ずご注文時にお知らせ下さい<br>各車種別推奨バネレート範囲を超えるバネレート変更は保証対象外となります<br>車高情報の数値は、HKS社内でのフルキット設定の組み合わせによる参考値データ(ノーマル比)です(データは車輌の個体差・組み付け条件により変化します)<br>カッコ内の数値(上限～下限)はノーマル車高から可能な車高調整幅のみを示したもので、あくまで参考値となります<br>車種によっては走行に支障をきたす恐れがありますのでご注意ください,148000,114200,99400
トヨタ,ヴォクシー,ZRR80W/ZRR80G,3ZR-FAE,14/01～,2WD,102672,97176,126998,80110-AT213-qq-e-434,80110-AT213-qq-e-d-434,80110-AT213,HKS,ハイパーマックスSスタイルC,F=39(4)/R=49(5),250(Barrel)/200(Straight),400/160,310/160,-36(-15～98)/-58(-35～95),リア形状別体,フルキットご購入の際には、ご希望のバネレートへ変更できます(HKSが取扱するスプリングとし、自由長の変更は不可)<br>ご希望の場合は、必ずご注文時にお知らせ下さい<br>各車種別推奨バネレート範囲を超えるバネレート変更は保証対象外となります<br>車高情報の数値は、HKS社内でのフルキット設定の組み合わせによる参考値データ(ノーマル比)です(データは車輌の個体差・組み付け条件により変化します)<br>カッコ内の数値(上限～下限)はノーマル車高から可能な車高調整幅のみを示したもので、あくまで参考値となります<br>車種によっては走行に支障をきたす恐れがありますのでご注意ください,148000,114200,99400
トヨタ,ヴォクシー,ZRR85W/ZRR85G,3ZR-FAE,14/01～,4WD,102672,97176,127253,80110-AT213-qq-e-436,80110-AT213-qq-e-d-436,80110-AT213,HKS,ハイパーマックスSスタイルC,F=39(4)/R=49(5),250(Barrel)/200(Straight),400/160,310/160,-48(-20～101)/-86(-64～124),リア形状別体,フルキットご購入の際には、ご希望のバネレートへ変更できます(HKSが取扱するスプリングとし、自由長の変更は不可)<br>ご希望の場合は、必ずご注文時にお知らせ下さい<br>各車種別推奨バネレート範囲を超えるバネレート変更は保証対象外となります<br>車高情報の数値は、HKS社内でのフルキット設定の組み合わせによる参考値データ(ノーマル比)です(データは車輌の個体差・組み付け条件により変化します)<br>カッコ内の数値(上限～下限)はノーマル車高から可能な車高調整幅のみを示したもので、あくまで参考値となります<br>車種によっては走行に支障をきたす恐れがありますのでご注意ください,148000,114200,99400
トヨタ,ヴォクシーハイブリッド,ZWR80G,2ZR-FXE/2ZR-5JM,14/01～,2WD<br>ハイブリッド,102672,97176,126999,80110-AT213-qq-e-435,80110-AT213-qq-e-d-435,80110-AT213,HKS,ハイパーマックスSスタイルC,F=39(4)/R=49(5),250(Barrel)/200(Straight),400/160,310/160,-36(-15～98)/-58(-35～95),リア形状別体,フルキットご購入の際には、ご希望のバネレートへ変更できます(HKSが取扱するスプリングとし、自由長の変更は不可)<br>ご希望の場合は、必ずご注文時にお知らせ下さい<br>各車種別推奨バネレート範囲を超えるバネレート変更は保証対象外となります<br>車高情報の数値は、HKS社内でのフルキット設定の組み合わせによる参考値データ(ノーマル比)です(データは車輌の個体差・組み付け条件により変化します)<br>カッコ内の数値(上限～下限)はノーマル車高から可能な車高調整幅のみを示したもので、あくまで参考値となります<br>車種によっては走行に支障をきたす恐れがありますのでご注意ください,148000,114200,99400
トヨタ,エスクァイア,ZRR80G,3ZR-FAE,14/10～,2WD,102672,97176,127247,80110-AT213-qq-e-405,80110-AT213-qq-e-d-405,80110-AT213,HKS,ハイパーマックスSスタイルC,F=39(4)/R=49(5),250(Barrel)/200(Straight),400/160,310/160,-42(-12～95)/-57(-35～95),リア形状別体<br>車高データはハイブリッド(ZWR80G)のもの,フルキットご購入の際には、ご希望のバネレートへ変更できます(HKSが取扱するスプリングとし、自由長の変更は不可)<br>ご希望の場合は、必ずご注文時にお知らせ下さい<br>各車種別推奨バネレート範囲を超えるバネレート変更は保証対象外となります<br>車高情報の数値は、HKS社内でのフルキット設定の組み合わせによる参考値データ(ノーマル比)です(データは車輌の個体差・組み付け条件により変化します)<br>カッコ内の数値(上限～下限)はノーマル車高から可能な車高調整幅のみを示したもので、あくまで参考値となります<br>車種によっては走行に支障をきたす恐れがありますのでご注意ください,148000,114200,99400
トヨタ,エスクァイア,ZRR85G,3ZR-FAE,14/10～,4WD,102672,97176,127249,80110-AT213-qq-e-407,80110-AT213-qq-e-d-407,80110-AT213,HKS,ハイパーマックスSスタイルC,F=39(4)/R=49(5),250(Barrel)/200(Straight),400/160,310/160,-48(-20～101)/-86(-64～124),リア形状別体,フルキットご購入の際には、ご希望のバネレートへ変更できます(HKSが取扱するスプリングとし、自由長の変更は不可)<br>ご希望の場合は、必ずご注文時にお知らせ下さい<br>各車種別推奨バネレート範囲を超えるバネレート変更は保証対象外となります<br>車高情報の数値は、HKS社内でのフルキット設定の組み合わせによる参考値データ(ノーマル比)です(データは車輌の個体差・組み付け条件により変化します)<br>カッコ内の数値(上限～下限)はノーマル車高から可能な車高調整幅のみを示したもので、あくまで参考値となります<br>車種によっては走行に支障をきたす恐れがありますのでご注意ください,148000,114200,99400
トヨタ,エスクァイアハイブリッド,ZWR80G,2ZR-FXE/2ZR-5JM,14/10～,2WD<br>ハイブリッド,102672,97176,127248,80110-AT213-qq-e-406,80110-AT213-qq-e-d-406,80110-AT213,HKS,ハイパーマックスSスタイルC,F=39(4)/R=49(5),250(Barrel)/200(Straight),400/160,310/160,-42(-12～95)/-57(-35～95),リア形状別体,フルキットご購入の際には、ご希望のバネレートへ変更できます(HKSが取扱するスプリングとし、自由長の変更は不可)<br>ご希望の場合は、必ずご注文時にお知らせ下さい<br>各車種別推奨バネレート範囲を超えるバネレート変更は保証対象外となります<br>車高情報の数値は、HKS社内でのフルキット設定の組み合わせによる参考値データ(ノーマル比)です(データは車輌の個体差・組み付け条件により変化します)<br>カッコ内の数値(上限～下限)はノーマル車高から可能な車高調整幅のみを示したもので、あくまで参考値となります<br>車種によっては走行に支障をきたす恐れがありますのでご注意ください,148000,114200,99400
トヨタ,エスティマ,GSR50W/ACR50W,2GR-FE/2AZ-FE,06/01～,2WD,102672,97176,126992,80110-AT206-qq-e-408,80110-AT206-qq-e-d-408,80110-AT206,HKS,ハイパーマックスSスタイルC,F=49(5)/R=72(7.3),250(Barrel)/Special,441/235,392/147,-35(0～63)/-31(-11～68),リア形状別体<br>車高データはACR50Wのもの,フルキットご購入の際には、ご希望のバネレートへ変更できます(HKSが取扱するスプリングとし、自由長の変更は不可)<br>ご希望の場合は、必ずご注文時にお知らせ下さい<br>各車種別推奨バネレート範囲を超えるバネレート変更は保証対象外となります<br>車高情報の数値は、HKS社内でのフルキット設定の組み合わせによる参考値データ(ノーマル比)です(データは車輌の個体差・組み付け条件により変化します)<br>カッコ内の数値(上限～下限)はノーマル車高から可能な車高調整幅のみを示したもので、あくまで参考値となります<br>車種によっては走行に支障をきたす恐れがありますのでご注意ください,148000,114200,99400
トヨタ,エスティマ,GSR55W/ACR55W,2GR-FE/2AZ-FE,06/01～,4WD,102672,97176,126993,80110-AT206-qq-e-409,80110-AT206-qq-e-d-409,80110-AT206,HKS,ハイパーマックスSスタイルC,F=49(5)/R=72(7.3),250(Barrel)/Special,441/235,392/147,-35(0～63)/-31(-11～68),リア形状別体<br>車高データはACR50Wのもの,フルキットご購入の際には、ご希望のバネレートへ変更できます(HKSが取扱するスプリングとし、自由長の変更は不可)<br>ご希望の場合は、必ずご注文時にお知らせ下さい<br>各車種別推奨バネレート範囲を超えるバネレート変更は保証対象外となります<br>車高情報の数値は、HKS社内でのフルキット設定の組み合わせによる参考値データ(ノーマル比)です(データは車輌の個体差・組み付け条件により変化します)<br>カッコ内の数値(上限～下限)はノーマル車高から可能な車高調整幅のみを示したもので、あくまで参考値となります<br>車種によっては走行に支障をきたす恐れがありますのでご注意ください,148000,114200,99400
トヨタ,エスティマハイブリッド,AHR20W,2AZ-FXE/2AZ-2JM,06/06～,,102672,97176,126994,80110-AT206-qq-e-410,80110-AT206-qq-e-d-410,80110-AT206,HKS,ハイパーマックスSスタイルC,F=49(5)/R=72(7.3),250(Barrel)/Special,441/235,392/147,-35(0～63)/-31(-11～68),リア形状別体<br>車高データはACR50Wのもの,フルキットご購入の際には、ご希望のバネレートへ変更できます(HKSが取扱するスプリングとし、自由長の変更は不可)<br>ご希望の場合は、必ずご注文時にお知らせ下さい<br>各車種別推奨バネレート範囲を超えるバネレート変更は保証対象外となります<br>車高情報の数値は、HKS社内でのフルキット設定の組み合わせによる参考値データ(ノーマル比)です(データは車輌の個体差・組み付け条件により変化します)<br>カッコ内の数値(上限～下限)はノーマル車高から可能な車高調整幅のみを示したもので、あくまで参考値となります<br>車種によっては走行に支障をきたす恐れがありますのでご注意ください,148000,114200,99400
トヨタ,カローラフィールダー,NZE121G/ZZE122G/ZZE123G,1NZ-FE/1ZZ-FE/2ZZ-GE,00/08～04/04,2WD,102672,97176,127238,80110-AT205-qq-e-412,80110-AT205-qq-e-d-412,80110-AT205,HKS,ハイパーマックスSスタイルC,F=49(5)/R=49(5),220(Barrel)/150(Straight),520/230,300/160,-54(0～71)/-53(-6～71),,フルキットご購入の際には、ご希望のバネレートへ変更できます(HKSが取扱するスプリングとし、自由長の変更は不可)<br>ご希望の場合は、必ずご注文時にお知らせ下さい<br>各車種別推奨バネレート範囲を超えるバネレート変更は保証対象外となります<br>車高情報の数値は、HKS社内でのフルキット設定の組み合わせによる参考値データ(ノーマル比)です(データは車輌の個体差・組み付け条件により変化します)<br>カッコ内の数値(上限～下限)はノーマル車高から可能な車高調整幅のみを示したもので、あくまで参考値となります<br>車種によっては走行に支障をきたす恐れがありますのでご注意ください,148000,114200,99400
トヨタ,カローラフィールダー,ZRE142G/NZE141G,2ZR-FAE/2ZR-FE/1NZ-FE,06/10～12/04,,102672,97176,127237,80110-AT205-qq-e-411,80110-AT205-qq-e-d-411,80110-AT205,HKS,ハイパーマックスSスタイルC,F=49(5)/R=49(5),220(Barrel)/150(Straight),520/230,300/160,-54(0～71)/-53(-6～71),車高データはZZE123Gのもの,フルキットご購入の際には、ご希望のバネレートへ変更できます(HKSが取扱するスプリングとし、自由長の変更は不可)<br>ご希望の場合は、必ずご注文時にお知らせ下さい<br>各車種別推奨バネレート範囲を超えるバネレート変更は保証対象外となります<br>車高情報の数値は、HKS社内でのフルキット設定の組み合わせによる参考値データ(ノーマル比)です(データは車輌の個体差・組み付け条件により変化します)<br>カッコ内の数値(上限～下限)はノーマル車高から可能な車高調整幅のみを示したもので、あくまで参考値となります<br>車種によっては走行に支障をきたす恐れがありますのでご注意ください,148000,114200,99400
トヨタ,カローラランクス,NZE121/ZZE122/ZZE123,1NZ-FE/1ZZ-FE/2ZZ-GE,01/01～04/04,,102672,97176,126991,80110-AT205-qq-e-413,80110-AT205-qq-e-d-413,80110-AT205,HKS,ハイパーマックスSスタイルC,F=49(5)/R=49(5),220(Barrel)/150(Straight),520/230,300/160,-54(0～71)/-53(-6～71),車高データはZZE123Gのもの,フルキットご購入の際には、ご希望のバネレートへ変更できます(HKSが取扱するスプリングとし、自由長の変更は不可)<br>ご希望の場合は、必ずご注文時にお知らせ下さい<br>各車種別推奨バネレート範囲を超えるバネレート変更は保証対象外となります<br>車高情報の数値は、HKS社内でのフルキット設定の組み合わせによる参考値データ(ノーマル比)です(データは車輌の個体差・組み付け条件により変化します)<br>カッコ内の数値(上限～下限)はノーマル車高から可能な車高調整幅のみを示したもので、あくまで参考値となります<br>車種によっては走行に支障をきたす恐れがありますのでご注意ください,148000,114200,99400
トヨタ,スペイド,NSP140,1NR-FE,12/07～,2WD,97942,92580,127439,80110-AT212-qq-e-414,80110-AT212-qq-e-d-414,80110-AT212,HKS,ハイパーマックスSスタイルC,F=29(3)/R=24(2.4),250(Barrel)/Special,216/108,98/78,-34(-17～62)/-40(-40～74),リア形状別体,フルキットご購入の際には、ご希望のバネレートへ変更できます(HKSが取扱するスプリングとし、自由長の変更は不可)<br>ご希望の場合は、必ずご注文時にお知らせ下さい<br>各車種別推奨バネレート範囲を超えるバネレート変更は保証対象外となります<br>車高情報の数値は、HKS社内でのフルキット設定の組み合わせによる参考値データ(ノーマル比)です(データは車輌の個体差・組み付け条件により変化します)<br>カッコ内の数値(上限～下限)はノーマル車高から可能な車高調整幅のみを示したもので、あくまで参考値となります<br>車種によっては走行に支障をきたす恐れがありますのでご注意ください,141000,109500,95400
トヨタ,ノア,ZRR80W/ZRR80G,3ZR-FAE,14/01～,2WD,102672,97176,127250,80110-AT213-qq-e-415,80110-AT213-qq-e-d-415,80110-AT213,HKS,ハイパーマックスSスタイルC,F=39(4)/R=49(5),250(Barrel)/200(Straight),400/160,310/160,-36(-15～98)/-58(-35～95),リア形状別体,フルキットご購入の際には、ご希望のバネレートへ変更できます(HKSが取扱するスプリングとし、自由長の変更は不可)<br>ご希望の場合は、必ずご注文時にお知らせ下さい<br>各車種別推奨バネレート範囲を超えるバネレート変更は保証対象外となります<br>車高情報の数値は、HKS社内でのフルキット設定の組み合わせによる参考値データ(ノーマル比)です(データは車輌の個体差・組み付け条件により変化します)<br>カッコ内の数値(上限～下限)はノーマル車高から可能な車高調整幅のみを示したもので、あくまで参考値となります<br>車種によっては走行に支障をきたす恐れがありますのでご注意ください,148000,114200,99400
トヨタ,ノア,ZRR85W/ZRR85G,3ZR-FAE,14/01～,4WD,102672,97176,127252,80110-AT213-qq-e-417,80110-AT213-qq-e-d-417,80110-AT213,HKS,ハイパーマックスSスタイルC,F=39(4)/R=49(5),250(Barrel)/200(Straight),400/160,310/160,-48(-20～101)/-86(-64～124),リア形状別体,フルキットご購入の際には、ご希望のバネレートへ変更できます(HKSが取扱するスプリングとし、自由長の変更は不可)<br>ご希望の場合は、必ずご注文時にお知らせ下さい<br>各車種別推奨バネレート範囲を超えるバネレート変更は保証対象外となります<br>車高情報の数値は、HKS社内でのフルキット設定の組み合わせによる参考値データ(ノーマル比)です(データは車輌の個体差・組み付け条件により変化します)<br>カッコ内の数値(上限～下限)はノーマル車高から可能な車高調整幅のみを示したもので、あくまで参考値となります<br>車種によっては走行に支障をきたす恐れがありますのでご注意ください,148000,114200,99400
トヨタ,ノアハイブリッド,ZWR80G,2ZR-FXE/2ZR-5JM,14/01～,2WD<br>ハイブリッド,102672,97176,127251,80110-AT213-qq-e-416,80110-AT213-qq-e-d-416,80110-AT213,HKS,ハイパーマックスSスタイルC,F=39(4)/R=49(5),250(Barrel)/200(Straight),400/160,310/160,-36(-15～98)/-58(-35～95),リア形状別体,フルキットご購入の際には、ご希望のバネレートへ変更できます(HKSが取扱するスプリングとし、自由長の変更は不可)<br>ご希望の場合は、必ずご注文時にお知らせ下さい<br>各車種別推奨バネレート範囲を超えるバネレート変更は保証対象外となります<br>車高情報の数値は、HKS社内でのフルキット設定の組み合わせによる参考値データ(ノーマル比)です(データは車輌の個体差・組み付け条件により変化します)<br>カッコ内の数値(上限～下限)はノーマル車高から可能な車高調整幅のみを示したもので、あくまで参考値となります<br>車種によっては走行に支障をきたす恐れがありますのでご注意ください,148000,114200,99400
トヨタ,ファンカーゴ,NCP20/NCP21,2NZ-FE/1NZ-FE,99/08～05/09,2WD,97942,92580,126989,80110-AT204-qq-e-418,80110-AT204-qq-e-d-418,80110-AT204,HKS,ハイパーマックスSスタイルC,F=29(3)/R=24(2.4),250(Barrel)/Special,429/135,255/154,-45(0～91)/-37(-31～71),リア形状別体,フルキットご購入の際には、ご希望のバネレートへ変更できます(HKSが取扱するスプリングとし、自由長の変更は不可)<br>ご希望の場合は、必ずご注文時にお知らせ下さい<br>各車種別推奨バネレート範囲を超えるバネレート変更は保証対象外となります<br>車高情報の数値は、HKS社内でのフルキット設定の組み合わせによる参考値データ(ノーマル比)です(データは車輌の個体差・組み付け条件により変化します)<br>カッコ内の数値(上限～下限)はノーマル車高から可能な車高調整幅のみを示したもので、あくまで参考値となります<br>車種によっては走行に支障をきたす恐れがありますのでご注意ください,141000,109500,95400
トヨタ,プリウス,ZVW30,2ZR-FXE/2ZR-3JM,09/05～15/11,,97942,92580,127436,80110-AT207-qq-e-421,80110-AT207-qq-e-d-421,80110-AT207,HKS,ハイパーマックスSスタイルC,F=39(4)/R=31(3.2),250(Barrel)/Special,348/187,255/162,-37(0～57)/-44(-16～77),リア形状別体,フルキットご購入の際には、ご希望のバネレートへ変更できます(HKSが取扱するスプリングとし、自由長の変更は不可)<br>ご希望の場合は、必ずご注文時にお知らせ下さい<br>各車種別推奨バネレート範囲を超えるバネレート変更は保証対象外となります<br>車高情報の数値は、HKS社内でのフルキット設定の組み合わせによる参考値データ(ノーマル比)です(データは車輌の個体差・組み付け条件により変化します)<br>カッコ内の数値(上限～下限)はノーマル車高から可能な車高調整幅のみを示したもので、あくまで参考値となります<br>車種によっては走行に支障をきたす恐れがありますのでご注意ください,141000,109500,95400
トヨタ,プリウス,ZVW50/ZVW51,2ZR-FXE/2ZR-1NM,15/12～,2WD,118217,112278,127254,80110-AT216-qq-e-419,80110-AT216-qq-e-d-419,80110-AT216,HKS,ハイパーマックスSスタイルC,F=39(4)/R=39(4),220(Barrel)/250(Barrel),358/152,314/132,-27(0～54)/-32(0～51),リア形状別体,フルキットご購入の際には、ご希望のバネレートへ変更できます(HKSが取扱するスプリングとし、自由長の変更は不可)<br>ご希望の場合は、必ずご注文時にお知らせ下さい<br>各車種別推奨バネレート範囲を超えるバネレート変更は保証対象外となります<br>車高情報の数値は、HKS社内でのフルキット設定の組み合わせによる参考値データ(ノーマル比)です(データは車輌の個体差・組み付け条件により変化します)<br>カッコ内の数値(上限～下限)はノーマル車高から可能な車高調整幅のみを示したもので、あくまで参考値となります<br>車種によっては走行に支障をきたす恐れがありますのでご注意ください,171000,129600,112500
トヨタ,プリウス,ZVW55,2ZR-FXE/2ZR-1NM,15/12～,4WD,118217,112278,127255,80110-AT216-qq-e-420,80110-AT216-qq-e-d-420,80110-AT216,HKS,ハイパーマックスSスタイルC,F=39(4)/R=39(4),220(Barrel)/250(Barrel),358/152,314/132,-35(0～62)/-45(-13～64),リア形状別体,フルキットご購入の際には、ご希望のバネレートへ変更できます(HKSが取扱するスプリングとし、自由長の変更は不可)<br>ご希望の場合は、必ずご注文時にお知らせ下さい<br>各車種別推奨バネレート範囲を超えるバネレート変更は保証対象外となります<br>車高情報の数値は、HKS社内でのフルキット設定の組み合わせによる参考値データ(ノーマル比)です(データは車輌の個体差・組み付け条件により変化します)<br>カッコ内の数値(上限～下限)はノーマル車高から可能な車高調整幅のみを示したもので、あくまで参考値となります<br>車種によっては走行に支障をきたす恐れがありますのでご注意ください,171000,129600,112500
トヨタ,プリウスPHV,ZVW35,2ZR-FXE/2ZR-3JM,12/01～17/01,,97942,92580,127239,80110-AT207-qq-e-423,80110-AT207-qq-e-d-423,80110-AT207,HKS,ハイパーマックスSスタイルC,F=39(4)/R=31(3.2),250(Barrel)/Special,348/187,255/162,-37(0～57)/-67(-39～100),リア形状別体<br>リア側推奨車高は純正比-55mm,フルキットご購入の際には、ご希望のバネレートへ変更できます(HKSが取扱するスプリングとし、自由長の変更は不可)<br>ご希望の場合は、必ずご注文時にお知らせ下さい<br>各車種別推奨バネレート範囲を超えるバネレート変更は保証対象外となります<br>車高情報の数値は、HKS社内でのフルキット設定の組み合わせによる参考値データ(ノーマル比)です(データは車輌の個体差・組み付け条件により変化します)<br>カッコ内の数値(上限～下限)はノーマル車高から可能な車高調整幅のみを示したもので、あくまで参考値となります<br>車種によっては走行に支障をきたす恐れがありますのでご注意ください,141000,109500,95400
トヨタ,プリウスPHV,ZVW52,2ZR-FXE/2ZR-1NM/2ZR-1SM,17/02～,,118217,112278,127440,80110-AT216-qq-e-422,80110-AT216-qq-e-d-422,80110-AT216,HKS,ハイパーマックスSスタイルC,F=39(4)/R=49(5),220(Barrel)/250(Barrel),358/152,326/137,-27(0～54)/-24(0～43),リア形状別体<br>リアスプリングを5kに変更,フルキットご購入の際には、ご希望のバネレートへ変更できます(HKSが取扱するスプリングとし、自由長の変更は不可)<br>ご希望の場合は、必ずご注文時にお知らせ下さい<br>各車種別推奨バネレート範囲を超えるバネレート変更は保証対象外となります<br>車高情報の数値は、HKS社内でのフルキット設定の組み合わせによる参考値データ(ノーマル比)です(データは車輌の個体差・組み付け条件により変化します)<br>カッコ内の数値(上限～下限)はノーマル車高から可能な車高調整幅のみを示したもので、あくまで参考値となります<br>車種によっては走行に支障をきたす恐れがありますのでご注意ください,171000,129600,112500
トヨタ,プリウスα,ZVW40W,2ZR-FXE/2ZR-3JM,11/05～,,97942,92580,127441,80110-AT210-qq-e-10,80110-AT210-qq-e-d-10,80110-AT210,HKS,ハイパーマックスSスタイルC,F=39(4)/R=34(3.5),250(Barrel)/Special,300/93,260/157,-40(-6～66)/-38(-26～64),リア形状別体,フルキットご購入の際には、ご希望のバネレートへ変更できます(HKSが取扱するスプリングとし、自由長の変更は不可)<br>ご希望の場合は、必ずご注文時にお知らせ下さい<br>各車種別推奨バネレート範囲を超えるバネレート変更は保証対象外となります<br>車高情報の数値は、HKS社内でのフルキット設定の組み合わせによる参考値データ(ノーマル比)です(データは車輌の個体差・組み付け条件により変化します)<br>カッコ内の数値(上限～下限)はノーマル車高から可能な車高調整幅のみを示したもので、あくまで参考値となります<br>車種によっては走行に支障をきたす恐れがありますのでご注意ください,141000,109500,95400
トヨタ,プリウスα,ZVW41W,2ZR-FXE/2ZR-3JM,11/05～,,97942,92580,127258,80110-AT210-qq-e-4,80110-AT210-qq-e-d-4,80110-AT210,HKS,ハイパーマックスSスタイルC,F=39(4)/R=34(3.5),250(Barrel)/Special,300/93,260/157,-36(-2～66)/-35(-23～61),リア形状別体,フルキットご購入の際には、ご希望のバネレートへ変更できます(HKSが取扱するスプリングとし、自由長の変更は不可)<br>ご希望の場合は、必ずご注文時にお知らせ下さい<br>各車種別推奨バネレート範囲を超えるバネレート変更は保証対象外となります<br>車高情報の数値は、HKS社内でのフルキット設定の組み合わせによる参考値データ(ノーマル比)です(データは車輌の個体差・組み付け条件により変化します)<br>カッコ内の数値(上限～下限)はノーマル車高から可能な車高調整幅のみを示したもので、あくまで参考値となります<br>車種によっては走行に支障をきたす恐れがありますのでご注意ください,141000,109500,95400
トヨタ,ラクティス,NSP120,1NR-FE,10/11～,2WD,97942,92580,127244,80110-AT212-qq-e-425,80110-AT212-qq-e-d-425,80110-AT212,HKS,ハイパーマックスSスタイルC,F=29(3)/R=24(2.4),250(Barrel)/Special,216/108,98/78,-37(0～84)/-36(-29～63),リア形状別体,フルキットご購入の際には、ご希望のバネレートへ変更できます(HKSが取扱するスプリングとし、自由長の変更は不可)<br>ご希望の場合は、必ずご注文時にお知らせ下さい<br>各車種別推奨バネレート範囲を超えるバネレート変更は保証対象外となります<br>車高情報の数値は、HKS社内でのフルキット設定の組み合わせによる参考値データ(ノーマル比)です(データは車輌の個体差・組み付け条件により変化します)<br>カッコ内の数値(上限～下限)はノーマル車高から可能な車高調整幅のみを示したもので、あくまで参考値となります<br>車種によっては走行に支障をきたす恐れがありますのでご注意ください,141000,109500,95400
日産,エルグランド,E51,VQ35DE,02/05～10/07,2WD,111459,105712,126964,80110-AN202-qq-e-441,80110-AN202-qq-e-d-441,80110-AN202,HKS,ハイパーマックスSスタイルC,F=69(7)/R=73(7.35),220(Barrel)/Special,892/387,775/490,-31(0～49)/-41(-5～61),リア形状別体,フルキットご購入の際には、ご希望のバネレートへ変更できます(HKSが取扱するスプリングとし、自由長の変更は不可)<br>ご希望の場合は、必ずご注文時にお知らせ下さい<br>各車種別推奨バネレート範囲を超えるバネレート変更は保証対象外となります<br>車高情報の数値は、HKS社内でのフルキット設定の組み合わせによる参考値データ(ノーマル比)です(データは車輌の個体差・組み付け条件により変化します)<br>カッコ内の数値(上限～下限)はノーマル車高から可能な車高調整幅のみを示したもので、あくまで参考値となります<br>車種によっては走行に支障をきたす恐れがありますのでご注意ください,161000,122900,106800
日産,エルグランド,ME51,VQ25DE,04/08～10/07,2WD,111459,105712,126965,80110-AN202-qq-e-443,80110-AN202-qq-e-d-443,80110-AN202,HKS,ハイパーマックスSスタイルC,F=69(7)/R=73(7.35),220(Barrel)/Special,892/387,775/490,-27(0～51)/-28(0～48),リア形状別体,フルキットご購入の際には、ご希望のバネレートへ変更できます(HKSが取扱するスプリングとし、自由長の変更は不可)<br>ご希望の場合は、必ずご注文時にお知らせ下さい<br>各車種別推奨バネレート範囲を超えるバネレート変更は保証対象外となります<br>車高情報の数値は、HKS社内でのフルキット設定の組み合わせによる参考値データ(ノーマル比)です(データは車輌の個体差・組み付け条件により変化します)<br>カッコ内の数値(上限～下限)はノーマル車高から可能な車高調整幅のみを示したもので、あくまで参考値となります<br>車種によっては走行に支障をきたす恐れがありますのでご注意ください,161000,122900,106800
日産,エルグランド,MNE51,VQ25DE,04/08～10/07,4WD,111459,105712,127214,80110-AN202-qq-e-444,80110-AN202-qq-e-d-444,80110-AN202,HKS,ハイパーマックスSスタイルC,F=69(7)/R=73(7.35),220(Barrel)/Special,892/387,775/490,-47(-20～60)/-51(-15～55),リア形状別体<br>車高データはNE51(3.5L)のもの,フルキットご購入の際には、ご希望のバネレートへ変更できます(HKSが取扱するスプリングとし、自由長の変更は不可)<br>ご希望の場合は、必ずご注文時にお知らせ下さい<br>各車種別推奨バネレート範囲を超えるバネレート変更は保証対象外となります<br>車高情報の数値は、HKS社内でのフルキット設定の組み合わせによる参考値データ(ノーマル比)です(データは車輌の個体差・組み付け条件により変化します)<br>カッコ内の数値(上限～下限)はノーマル車高から可能な車高調整幅のみを示したもので、あくまで参考値となります<br>車種によっては走行に支障をきたす恐れがありますのでご注意ください,161000,122900,106800
日産,エルグランド,NE51,VQ35DE,02/05～10/07,4WD,111459,105712,127213,80110-AN202-qq-e-442,80110-AN202-qq-e-d-442,80110-AN202,HKS,ハイパーマックスSスタイルC,F=69(7)/R=73(7.35),220(Barrel)/Special,892/387,775/490,-47(-20～60)/-51(-15～55),リア形状別体,フルキットご購入の際には、ご希望のバネレートへ変更できます(HKSが取扱するスプリングとし、自由長の変更は不可)<br>ご希望の場合は、必ずご注文時にお知らせ下さい<br>各車種別推奨バネレート範囲を超えるバネレート変更は保証対象外となります<br>車高情報の数値は、HKS社内でのフルキット設定の組み合わせによる参考値データ(ノーマル比)です(データは車輌の個体差・組み付け条件により変化します)<br>カッコ内の数値(上限～下限)はノーマル車高から可能な車高調整幅のみを示したもので、あくまで参考値となります<br>車種によっては走行に支障をきたす恐れがありますのでご注意ください,161000,122900,106800
日産,エルグランド,PE52,VQ35DE,10/08～,2WD,111459,105712,126974,80110-AN207-qq-e-437,80110-AN207-qq-e-d-437,80110-AN207,HKS,ハイパーマックスSスタイルC,F=68(7)/R=105(10.7),220(Barrel)/Special,554/285,450422,-49(-13～69)/-45(-14～84),リア形状別体,フルキットご購入の際には、ご希望のバネレートへ変更できます(HKSが取扱するスプリングとし、自由長の変更は不可)<br>ご希望の場合は、必ずご注文時にお知らせ下さい<br>各車種別推奨バネレート範囲を超えるバネレート変更は保証対象外となります<br>車高情報の数値は、HKS社内でのフルキット設定の組み合わせによる参考値データ(ノーマル比)です(データは車輌の個体差・組み付け条件により変化します)<br>カッコ内の数値(上限～下限)はノーマル車高から可能な車高調整幅のみを示したもので、あくまで参考値となります<br>車種によっては走行に支障をきたす恐れがありますのでご注意ください,161000,122900,106800
日産,エルグランド,PNE52,VQ35DE,10/08～,4WD,111459,105712,127433,80110-AN207-qq-e-438,80110-AN207-qq-e-d-438,80110-AN207,HKS,ハイパーマックスSスタイルC,F=68(7)/R=105(10.7),220(Barrel)/Special,554/285,450422,-38(-2～65)/-40(-9～79),リア形状別体<br>車高データはTNE52(QR25DE)のもの,フルキットご購入の際には、ご希望のバネレートへ変更できます(HKSが取扱するスプリングとし、自由長の変更は不可)<br>ご希望の場合は、必ずご注文時にお知らせ下さい<br>各車種別推奨バネレート範囲を超えるバネレート変更は保証対象外となります<br>車高情報の数値は、HKS社内でのフルキット設定の組み合わせによる参考値データ(ノーマル比)です(データは車輌の個体差・組み付け条件により変化します)<br>カッコ内の数値(上限～下限)はノーマル車高から可能な車高調整幅のみを示したもので、あくまで参考値となります<br>車種によっては走行に支障をきたす恐れがありますのでご注意ください,161000,122900,106800
日産,エルグランド,TE52,QR25DE,10/08～,2WD,111459,105712,127223,80110-AN207-qq-e-439,80110-AN207-qq-e-d-439,80110-AN207,HKS,ハイパーマックスSスタイルC,F=68(7)/R=105(10.7),220(Barrel)/Special,554/285,450422,-40(-4～67)/-39(-8～78),リア形状別体,フルキットご購入の際には、ご希望のバネレートへ変更できます(HKSが取扱するスプリングとし、自由長の変更は不可)<br>ご希望の場合は、必ずご注文時にお知らせ下さい<br>各車種別推奨バネレート範囲を超えるバネレート変更は保証対象外となります<br>車高情報の数値は、HKS社内でのフルキット設定の組み合わせによる参考値データ(ノーマル比)です(データは車輌の個体差・組み付け条件により変化します)<br>カッコ内の数値(上限～下限)はノーマル車高から可能な車高調整幅のみを示したもので、あくまで参考値となります<br>車種によっては走行に支障をきたす恐れがありますのでご注意ください,161000,122900,106800
日産,エルグランド,TNE52,QR25DE,10/08～,4WD,111459,105712,127224,80110-AN207-qq-e-440,80110-AN207-qq-e-d-440,80110-AN207,HKS,ハイパーマックスSスタイルC,F=68(7)/R=105(10.7),220(Barrel)/Special,554/285,450422,-38(-2～65)/-40(-9～79),リア形状別体,フルキットご購入の際には、ご希望のバネレートへ変更できます(HKSが取扱するスプリングとし、自由長の変更は不可)<br>ご希望の場合は、必ずご注文時にお知らせ下さい<br>各車種別推奨バネレート範囲を超えるバネレート変更は保証対象外となります<br>車高情報の数値は、HKS社内でのフルキット設定の組み合わせによる参考値データ(ノーマル比)です(データは車輌の個体差・組み付け条件により変化します)<br>カッコ内の数値(上限～下限)はノーマル車高から可能な車高調整幅のみを示したもので、あくまで参考値となります<br>車種によっては走行に支障をきたす恐れがありますのでご注意ください,161000,122900,106800
日産,キューブ,BNZ11,CR14DE,02/10～08/10,4WD,97942,92580,127217,80110-AN205-qq-e-447,80110-AN205-qq-e-d-447,80110-AN205,HKS,ハイパーマックスSスタイルC,F=39(4)/R=47(4.8),220(Barrel)/Special,559/118,265/147,-22(0～56)/-40(-34～66),リア形状別体,フルキットご購入の際には、ご希望のバネレートへ変更できます(HKSが取扱するスプリングとし、自由長の変更は不可)<br>ご希望の場合は、必ずご注文時にお知らせ下さい<br>各車種別推奨バネレート範囲を超えるバネレート変更は保証対象外となります<br>車高情報の数値は、HKS社内でのフルキット設定の組み合わせによる参考値データ(ノーマル比)です(データは車輌の個体差・組み付け条件により変化します)<br>カッコ内の数値(上限～下限)はノーマル車高から可能な車高調整幅のみを示したもので、あくまで参考値となります<br>車種によっては走行に支障をきたす恐れがありますのでご注意ください,141000,109500,95400
日産,キューブ,BZ11,CR14DE,02/10～08/10,2WD,97942,92580,127216,80110-AN205-qq-e-446,80110-AN205-qq-e-d-446,80110-AN205,HKS,ハイパーマックスSスタイルC,F=39(4)/R=47(4.8),220(Barrel)/Special,559/118,265/147,-29(0～63)/-24(-6～50),リア形状別体,フルキットご購入の際には、ご希望のバネレートへ変更できます(HKSが取扱するスプリングとし、自由長の変更は不可)<br>ご希望の場合は、必ずご注文時にお知らせ下さい<br>各車種別推奨バネレート範囲を超えるバネレート変更は保証対象外となります<br>車高情報の数値は、HKS社内でのフルキット設定の組み合わせによる参考値データ(ノーマル比)です(データは車輌の個体差・組み付け条件により変化します)<br>カッコ内の数値(上限～下限)はノーマル車高から可能な車高調整幅のみを示したもので、あくまで参考値となります<br>車種によっては走行に支障をきたす恐れがありますのでご注意ください,141000,109500,95400
日産,キューブ,YZ11,HR15DE,05/05～08/10,2WD,97942,92580,126967,80110-AN205-qq-e-445,80110-AN205-qq-e-d-445,80110-AN205,HKS,ハイパーマックスSスタイルC,F=39(4)/R=47(4.8),220(Barrel)/Special,559/118,265/147,-23(0～57)/-29(-11～55),リア形状別体,フルキットご購入の際には、ご希望のバネレートへ変更できます(HKSが取扱するスプリングとし、自由長の変更は不可)<br>ご希望の場合は、必ずご注文時にお知らせ下さい<br>各車種別推奨バネレート範囲を超えるバネレート変更は保証対象外となります<br>車高情報の数値は、HKS社内でのフルキット設定の組み合わせによる参考値データ(ノーマル比)です(データは車輌の個体差・組み付け条件により変化します)<br>カッコ内の数値(上限～下限)はノーマル車高から可能な車高調整幅のみを示したもので、あくまで参考値となります<br>車種によっては走行に支障をきたす恐れがありますのでご注意ください,141000,109500,95400
日産,キューブキュービック,BGZ11,CR14DE,03/09～08/10,2WD,97942,92580,127218,80110-AN205-qq-e-449,80110-AN205-qq-e-d-449,80110-AN205,HKS,ハイパーマックスSスタイルC,F=39(4)/R=47(4.8),220(Barrel)/Special,559/118,265/147,-29(0～63)/-24(-6～50),リア形状別体<br>車高データはBZ11のもの,フルキットご購入の際には、ご希望のバネレートへ変更できます(HKSが取扱するスプリングとし、自由長の変更は不可)<br>ご希望の場合は、必ずご注文時にお知らせ下さい<br>各車種別推奨バネレート範囲を超えるバネレート変更は保証対象外となります<br>車高情報の数値は、HKS社内でのフルキット設定の組み合わせによる参考値データ(ノーマル比)です(データは車輌の個体差・組み付け条件により変化します)<br>カッコ内の数値(上限～下限)はノーマル車高から可能な車高調整幅のみを示したもので、あくまで参考値となります<br>車種によっては走行に支障をきたす恐れがありますのでご注意ください,141000,109500,95400
日産,キューブキュービック,YGZ11,HR15DE,05/05～08/10,2WD,97942,92580,126968,80110-AN205-qq-e-448,80110-AN205-qq-e-d-448,80110-AN205,HKS,ハイパーマックスSスタイルC,F=39(4)/R=47(4.8),220(Barrel)/Special,559/118,265/147,-29(0～63)/-24(-6～50),リア形状別体<br>車高データはBZ11のもの,フルキットご購入の際には、ご希望のバネレートへ変更できます(HKSが取扱するスプリングとし、自由長の変更は不可)<br>ご希望の場合は、必ずご注文時にお知らせ下さい<br>各車種別推奨バネレート範囲を超えるバネレート変更は保証対象外となります<br>車高情報の数値は、HKS社内でのフルキット設定の組み合わせによる参考値データ(ノーマル比)です(データは車輌の個体差・組み付け条件により変化します)<br>カッコ内の数値(上限～下限)はノーマル車高から可能な車高調整幅のみを示したもので、あくまで参考値となります<br>車種によっては走行に支障をきたす恐れがありますのでご注意ください,141000,109500,95400
日産,セレナ,C25/CC25,MR20DE,05/05～10/10,2WD,102672,97176,127220,80110-AN206-qq-e-453,80110-AN206-qq-e-d-453,80110-AN206,HKS,ハイパーマックスSスタイルC,F=49(5)/R=63(6.4),220(Barrel)/Special,402/235,157/108,-46(-40～90)/-41(-19～70),リア形状別体,フルキットご購入の際には、ご希望のバネレートへ変更できます(HKSが取扱するスプリングとし、自由長の変更は不可)<br>ご希望の場合は、必ずご注文時にお知らせ下さい<br>各車種別推奨バネレート範囲を超えるバネレート変更は保証対象外となります<br>車高情報の数値は、HKS社内でのフルキット設定の組み合わせによる参考値データ(ノーマル比)です(データは車輌の個体差・組み付け条件により変化します)<br>カッコ内の数値(上限～下限)はノーマル車高から可能な車高調整幅のみを示したもので、あくまで参考値となります<br>車種によっては走行に支障をきたす恐れがありますのでご注意ください,148000,114200,99400
日産,セレナ,C26/FC26,MR20DD,10/11～16/07,2WD,102672,97176,126972,80110-AN206-qq-e-452,80110-AN206-qq-e-d-452,80110-AN206,HKS,ハイパーマックスSスタイルC,F=49(5)/R=63(6.4),220(Barrel)/Special,402/235,157/108,-45(-33～63)/-21(-1～47),リア形状別体,フルキットご購入の際には、ご希望のバネレートへ変更できます(HKSが取扱するスプリングとし、自由長の変更は不可)<br>ご希望の場合は、必ずご注文時にお知らせ下さい<br>各車種別推奨バネレート範囲を超えるバネレート変更は保証対象外となります<br>車高情報の数値は、HKS社内でのフルキット設定の組み合わせによる参考値データ(ノーマル比)です(データは車輌の個体差・組み付け条件により変化します)<br>カッコ内の数値(上限～下限)はノーマル車高から可能な車高調整幅のみを示したもので、あくまで参考値となります<br>車種によっては走行に支障をきたす恐れがありますのでご注意ください,148000,114200,99400
日産,セレナ,GC27,MR20DD-SM24,16/08～,2WD,102672,97176,127219,80110-AN206-qq-e-450,80110-AN206-qq-e-d-450,80110-AN206,HKS,ハイパーマックスSスタイルC,F=49(5)/R=63(6.4),220(Barrel)/Special,402/235,157/108,-46(-27～69)/-41(-20～68),リア形状別体,フルキットご購入の際には、ご希望のバネレートへ変更できます(HKSが取扱するスプリングとし、自由長の変更は不可)<br>ご希望の場合は、必ずご注文時にお知らせ下さい<br>各車種別推奨バネレート範囲を超えるバネレート変更は保証対象外となります<br>車高情報の数値は、HKS社内でのフルキット設定の組み合わせによる参考値データ(ノーマル比)です(データは車輌の個体差・組み付け条件により変化します)<br>カッコ内の数値(上限～下限)はノーマル車高から可能な車高調整幅のみを示したもので、あくまで参考値となります<br>車種によっては走行に支障をきたす恐れがありますのでご注意ください,148000,114200,99400
日産,セレナ,HC26/HFC26,MR20DD-SM23,12/08～16/07,2WD,102672,97176,126971,80110-AN206-qq-e-451,80110-AN206-qq-e-d-451,80110-AN206,HKS,ハイパーマックスSスタイルC,F=49(5)/R=63(6.4),220(Barrel)/Special,402/235,157/108,-46(-37～69)/-31(-11～57),リア形状別体,フルキットご購入の際には、ご希望のバネレートへ変更できます(HKSが取扱するスプリングとし、自由長の変更は不可)<br>ご希望の場合は、必ずご注文時にお知らせ下さい<br>各車種別推奨バネレート範囲を超えるバネレート変更は保証対象外となります<br>車高情報の数値は、HKS社内でのフルキット設定の組み合わせによる参考値データ(ノーマル比)です(データは車輌の個体差・組み付け条件により変化します)<br>カッコ内の数値(上限～下限)はノーマル車高から可能な車高調整幅のみを示したもので、あくまで参考値となります<br>車種によっては走行に支障をきたす恐れがありますのでご注意ください,148000,114200,99400
日産,セレナ,PC24,SR20DE,99/06～01/12,2WD,102672,97176,127215,80110-AN203-qq-e-455,80110-AN203-qq-e-d-455,80110-AN203,HKS,ハイパーマックスSスタイルC,F=49(5)/R=100(10.2),250(Barrel)/Special,550/160,380/150,-41(0～89)/-42(-12～75),リア形状別体<br>車高データはTC24のもの,フルキットご購入の際には、ご希望のバネレートへ変更できます(HKSが取扱するスプリングとし、自由長の変更は不可)<br>ご希望の場合は、必ずご注文時にお知らせ下さい<br>各車種別推奨バネレート範囲を超えるバネレート変更は保証対象外となります<br>車高情報の数値は、HKS社内でのフルキット設定の組み合わせによる参考値データ(ノーマル比)です(データは車輌の個体差・組み付け条件により変化します)<br>カッコ内の数値(上限～下限)はノーマル車高から可能な車高調整幅のみを示したもので、あくまで参考値となります<br>車種によっては走行に支障をきたす恐れがありますのでご注意ください,148000,114200,99400
日産,セレナ,TC24,QR20DE,01/12～05/05,2WD,102672,97176,126966,80110-AN203-qq-e-454,80110-AN203-qq-e-d-454,80110-AN203,HKS,ハイパーマックスSスタイルC,F=49(5)/R=100(10.2),250(Barrel)/Special,550/160,380/150,-41(0～89)/-42(-12～75),リア形状別体,フルキットご購入の際には、ご希望のバネレートへ変更できます(HKSが取扱するスプリングとし、自由長の変更は不可)<br>ご希望の場合は、必ずご注文時にお知らせ下さい<br>各車種別推奨バネレート範囲を超えるバネレート変更は保証対象外となります<br>車高情報の数値は、HKS社内でのフルキット設定の組み合わせによる参考値データ(ノーマル比)です(データは車輌の個体差・組み付け条件により変化します)<br>カッコ内の数値(上限～下限)はノーマル車高から可能な車高調整幅のみを示したもので、あくまで参考値となります<br>車種によっては走行に支障をきたす恐れがありますのでご注意ください,148000,114200,99400
日産,セレナe-POWER,HC27/HFC27,HR12DE-EM57,18/03～,e-POWER,102672,97176,126979,80110-AN206-qq-e-6,80110-AN206-qq-e-d-6,80110-AN206,HKS,ハイパーマックスSスタイルC,F=49(5)/R=63(6.4),220(Barrel)/Special,402/235,157/108,-36(-15～66)/-26(-18～72),リア形状別体<br>車高データは「e-POWER AUTECH」のもので推奨車高となります<br>出荷時状態では最低地上高を確保できないため車高調整してください,フルキットご購入の際には、ご希望のバネレートへ変更できます(HKSが取扱するスプリングとし、自由長の変更は不可)<br>ご希望の場合は、必ずご注文時にお知らせ下さい<br>各車種別推奨バネレート範囲を超えるバネレート変更は保証対象外となります<br>車高情報の数値は、HKS社内でのフルキット設定の組み合わせによる参考値データ(ノーマル比)です(データは車輌の個体差・組み付け条件により変化します)<br>カッコ内の数値(上限～下限)はノーマル車高から可能な車高調整幅のみを示したもので、あくまで参考値となります<br>車種によっては走行に支障をきたす恐れがありますのでご注意ください,148000,114200,99400
日産,デイズ,B21W,3B20,13/06～,4WD未確認<br>ターボ/NA,97942,92580,126962,80110-AM203-qq-e-456,80110-AM203-qq-e-d-456,80110-AM203,HKS,ハイパーマックスSスタイルC,F=29(3)/R=22(2.2),250(Barrel)/Special,290/108,127/127,-28(0～66)/-25(-14～49),,フルキットご購入の際には、ご希望のバネレートへ変更できます(HKSが取扱するスプリングとし、自由長の変更は不可)<br>ご希望の場合は、必ずご注文時にお知らせ下さい<br>各車種別推奨バネレート範囲を超えるバネレート変更は保証対象外となります<br>車高情報の数値は、HKS社内でのフルキット設定の組み合わせによる参考値データ(ノーマル比)です(データは車輌の個体差・組み付け条件により変化します)<br>カッコ内の数値(上限～下限)はノーマル車高から可能な車高調整幅のみを示したもので、あくまで参考値となります<br>車種によっては走行に支障をきたす恐れがありますのでご注意ください,141000,109500,95400
日産,ノート,E11,HR15DE,05/01～12/08,2WD,97942,92580,126970,80110-AN205-qq-e-460,80110-AN205-qq-e-d-460,80110-AN205,HKS,ハイパーマックスSスタイルC,F=39(4)/R=47(4.8),220(Barrel)/Special,559/118,265/147,-12(0～46)/-25(-7～51),リア形状別体,フルキットご購入の際には、ご希望のバネレートへ変更できます(HKSが取扱するスプリングとし、自由長の変更は不可)<br>ご希望の場合は、必ずご注文時にお知らせ下さい<br>各車種別推奨バネレート範囲を超えるバネレート変更は保証対象外となります<br>車高情報の数値は、HKS社内でのフルキット設定の組み合わせによる参考値データ(ノーマル比)です(データは車輌の個体差・組み付け条件により変化します)<br>カッコ内の数値(上限～下限)はノーマル車高から可能な車高調整幅のみを示したもので、あくまで参考値となります<br>車種によっては走行に支障をきたす恐れがありますのでご注意ください,141000,109500,95400
日産,ノート,E12,HR12DDR,12/09～,2WD,97942,92580,126975,80110-AN208-qq-e-458,80110-AN208-qq-e-d-458,80110-AN208,HKS,ハイパーマックスSスタイルC,F=39(4)/R=30(3.1),220(Barrel)/Special,324/167,157/137,-41(0～71)/-29(0～53),リア形状別体<br>車高データはDIG-Sのもの,フルキットご購入の際には、ご希望のバネレートへ変更できます(HKSが取扱するスプリングとし、自由長の変更は不可)<br>ご希望の場合は、必ずご注文時にお知らせ下さい<br>各車種別推奨バネレート範囲を超えるバネレート変更は保証対象外となります<br>車高情報の数値は、HKS社内でのフルキット設定の組み合わせによる参考値データ(ノーマル比)です(データは車輌の個体差・組み付け条件により変化します)<br>カッコ内の数値(上限～下限)はノーマル車高から可能な車高調整幅のみを示したもので、あくまで参考値となります<br>車種によっては走行に支障をきたす恐れがありますのでご注意ください,141000,109500,95400
日産,ノート,E12,HR12DE,12/09～,2WD,97942,92580,127226,80110-AN208-qq-e-9,80110-AN208-qq-e-d-9,80110-AN208,HKS,ハイパーマックスSスタイルC,F=39(4)/R=30(3.1),220(Barrel)/Special,324/167,157/137,-38(0～67)/-35(-4～59),リア形状別体,フルキットご購入の際には、ご希望のバネレートへ変更できます(HKSが取扱するスプリングとし、自由長の変更は不可)<br>ご希望の場合は、必ずご注文時にお知らせ下さい<br>各車種別推奨バネレート範囲を超えるバネレート変更は保証対象外となります<br>車高情報の数値は、HKS社内でのフルキット設定の組み合わせによる参考値データ(ノーマル比)です(データは車輌の個体差・組み付け条件により変化します)<br>カッコ内の数値(上限～下限)はノーマル車高から可能な車高調整幅のみを示したもので、あくまで参考値となります<br>車種によっては走行に支障をきたす恐れがありますのでご注意ください,141000,109500,95400
日産,ノート,ZE11,HR16DE,08/10～12/08,2WD,97942,92580,126969,80110-AN205-qq-e-459,80110-AN205-qq-e-d-459,80110-AN205,HKS,ハイパーマックスSスタイルC,F=39(4)/R=47(4.8),220(Barrel)/Special,559/118,265/147,-12(0～46)/-25(-7～51),リア形状別体<br>車高データはE11のもの,フルキットご購入の際には、ご希望のバネレートへ変更できます(HKSが取扱するスプリングとし、自由長の変更は不可)<br>ご希望の場合は、必ずご注文時にお知らせ下さい<br>各車種別推奨バネレート範囲を超えるバネレート変更は保証対象外となります<br>車高情報の数値は、HKS社内でのフルキット設定の組み合わせによる参考値データ(ノーマル比)です(データは車輌の個体差・組み付け条件により変化します)<br>カッコ内の数値(上限～下限)はノーマル車高から可能な車高調整幅のみを示したもので、あくまで参考値となります<br>車種によっては走行に支障をきたす恐れがありますのでご注意ください,141000,109500,95400
日産,ノートニスモ,E12改,HR16DE,14/10～,2WD,97942,92580,126980,80110-AN208-qq-e-5,80110-AN208-qq-e-d-5,80110-AN208,HKS,ハイパーマックスSスタイルC,F=39(4)/R=30(3.1),220(Barrel)/Special,324/167,157/137,-23(0～52)/-30(0～54),リア形状別体,フルキットご購入の際には、ご希望のバネレートへ変更できます(HKSが取扱するスプリングとし、自由長の変更は不可)<br>ご希望の場合は、必ずご注文時にお知らせ下さい<br>各車種別推奨バネレート範囲を超えるバネレート変更は保証対象外となります<br>車高情報の数値は、HKS社内でのフルキット設定の組み合わせによる参考値データ(ノーマル比)です(データは車輌の個体差・組み付け条件により変化します)<br>カッコ内の数値(上限～下限)はノーマル車高から可能な車高調整幅のみを示したもので、あくまで参考値となります<br>車種によっては走行に支障をきたす恐れがありますのでご注意ください,141000,109500,95400
日産,マーチ,AK12,CR12DE,02/02～10/06,2WD,97942,92580,126976,80110-AN204-qq-e-11,80110-AN204-qq-e-d-11,80110-AN204,HKS,ハイパーマックスSスタイルC,F=29(3)/R=38(3.9),220(Barrel)/Special,490/186,216/147,-31(0～71)/-45(-27～71),リア形状別体,フルキットご購入の際には、ご希望のバネレートへ変更できます(HKSが取扱するスプリングとし、自由長の変更は不可)<br>ご希望の場合は、必ずご注文時にお知らせ下さい<br>各車種別推奨バネレート範囲を超えるバネレート変更は保証対象外となります<br>車高情報の数値は、HKS社内でのフルキット設定の組み合わせによる参考値データ(ノーマル比)です(データは車輌の個体差・組み付け条件により変化します)<br>カッコ内の数値(上限～下限)はノーマル車高から可能な車高調整幅のみを示したもので、あくまで参考値となります<br>車種によっては走行に支障をきたす恐れがありますのでご注意ください,141000,109500,95400
日産,マーチ,BK12,CR14DE,02/02～05/07,2WD,97942,92580,127225,80110-AN204-qq-e-1,80110-AN204-qq-e-d-1,80110-AN204,HKS,ハイパーマックスSスタイルC,F=29(3)/R=38(3.9),220(Barrel)/Special,490/186,216/147,-31(0～71)/-45(-27～71),リア形状別体<br>車高データはAK12のもの,フルキットご購入の際には、ご希望のバネレートへ変更できます(HKSが取扱するスプリングとし、自由長の変更は不可)<br>ご希望の場合は、必ずご注文時にお知らせ下さい<br>各車種別推奨バネレート範囲を超えるバネレート変更は保証対象外となります<br>車高情報の数値は、HKS社内でのフルキット設定の組み合わせによる参考値データ(ノーマル比)です(データは車輌の個体差・組み付け条件により変化します)<br>カッコ内の数値(上限～下限)はノーマル車高から可能な車高調整幅のみを示したもので、あくまで参考値となります<br>車種によっては走行に支障をきたす恐れがありますのでご注意ください,141000,109500,95400
日産,マーチ,K12,CR10DE,02/02～03/06,2WD,97942,92580,126977,80110-AN204-qq-e-2,80110-AN204-qq-e-d-2,80110-AN204,HKS,ハイパーマックスSスタイルC,F=29(3)/R=38(3.9),220(Barrel)/Special,490/186,216/147,-31(0～71)/-45(-27～71),リア形状別体<br>車高データはAK12のもの,フルキットご購入の際には、ご希望のバネレートへ変更できます(HKSが取扱するスプリングとし、自由長の変更は不可)<br>ご希望の場合は、必ずご注文時にお知らせ下さい<br>各車種別推奨バネレート範囲を超えるバネレート変更は保証対象外となります<br>車高情報の数値は、HKS社内でのフルキット設定の組み合わせによる参考値データ(ノーマル比)です(データは車輌の個体差・組み付け条件により変化します)<br>カッコ内の数値(上限～下限)はノーマル車高から可能な車高調整幅のみを示したもので、あくまで参考値となります<br>車種によっては走行に支障をきたす恐れがありますのでご注意ください,141000,109500,95400
日産,マーチ,YK12,HR15DE,05/08～10/06,2WD,97942,92580,126978,80110-AN204-qq-e-3,80110-AN204-qq-e-d-3,80110-AN204,HKS,ハイパーマックスSスタイルC,F=29(3)/R=38(3.9),220(Barrel)/Special,490/186,216/147,-31(0～71)/-45(-27～71),リア形状別体<br>車高データはAK12のもの,フルキットご購入の際には、ご希望のバネレートへ変更できます(HKSが取扱するスプリングとし、自由長の変更は不可)<br>ご希望の場合は、必ずご注文時にお知らせ下さい<br>各車種別推奨バネレート範囲を超えるバネレート変更は保証対象外となります<br>車高情報の数値は、HKS社内でのフルキット設定の組み合わせによる参考値データ(ノーマル比)です(データは車輌の個体差・組み付け条件により変化します)<br>カッコ内の数値(上限～下限)はノーマル車高から可能な車高調整幅のみを示したもので、あくまで参考値となります<br>車種によっては走行に支障をきたす恐れがありますのでご注意ください,141000,109500,95400
日産,モコ,MG22S,K6A,06/02～11/01,2WD,97942,92580,127228,80110-AS202-qq-e-466,80110-AS202-qq-e-d-466,80110-AS202,HKS,ハイパーマックスSスタイルC,F=29(3)/R=18(1.8),250(Barrel)/Special,529/186,274/196,-35(0～73)/-19(-17～32),リア形状別体,フルキットご購入の際には、ご希望のバネレートへ変更できます(HKSが取扱するスプリングとし、自由長の変更は不可)<br>ご希望の場合は、必ずご注文時にお知らせ下さい<br>各車種別推奨バネレート範囲を超えるバネレート変更は保証対象外となります<br>車高情報の数値は、HKS社内でのフルキット設定の組み合わせによる参考値データ(ノーマル比)です(データは車輌の個体差・組み付け条件により変化します)<br>カッコ内の数値(上限～下限)はノーマル車高から可能な車高調整幅のみを示したもので、あくまで参考値となります<br>車種によっては走行に支障をきたす恐れがありますのでご注意ください,141000,109500,95400
ホンダ,N-BOX,JF1,S07A,11/12～,グレード「カスタム」用,97942,92580,126954,80110-AH218-qq-e-467,80110-AH218-qq-e-d-467,80110-AH218,HKS,ハイパーマックスSスタイルC,F=39(4)/R=25(2.5),250(Barrel)/Special,402/284,206/147,-41(0～60)/-44(-25～63),リア形状別体<br>車高データはターボ車装着時のもの,フルキットご購入の際には、ご希望のバネレートへ変更できます(HKSが取扱するスプリングとし、自由長の変更は不可)<br>ご希望の場合は、必ずご注文時にお知らせ下さい<br>各車種別推奨バネレート範囲を超えるバネレート変更は保証対象外となります<br>車高情報の数値は、HKS社内でのフルキット設定の組み合わせによる参考値データ(ノーマル比)です(データは車輌の個体差・組み付け条件により変化します)<br>カッコ内の数値(上限～下限)はノーマル車高から可能な車高調整幅のみを示したもので、あくまで参考値となります<br>車種によっては走行に支障をきたす恐れがありますのでご注意ください,141000,109500,95400
ホンダ,N-BOX+,JF1,S07A,12/07～17/09,,97942,92580,127201,80110-AH218-qq-e-468,80110-AH218-qq-e-d-468,80110-AH218,HKS,ハイパーマックスSスタイルC,F=39(4)/R=25(2.5),250(Barrel)/Special,402/284,206/147,-40(0～59)/-51(-32～70),リア形状別体<br>車高データはNA車装着時のもの,フルキットご購入の際には、ご希望のバネレートへ変更できます(HKSが取扱するスプリングとし、自由長の変更は不可)<br>ご希望の場合は、必ずご注文時にお知らせ下さい<br>各車種別推奨バネレート範囲を超えるバネレート変更は保証対象外となります<br>車高情報の数値は、HKS社内でのフルキット設定の組み合わせによる参考値データ(ノーマル比)です(データは車輌の個体差・組み付け条件により変化します)<br>カッコ内の数値(上限～下限)はノーマル車高から可能な車高調整幅のみを示したもので、あくまで参考値となります<br>車種によっては走行に支障をきたす恐れがありますのでご注意ください,141000,109500,95400
ホンダ,N-ONE,JG1,S07A,12/11～,,97942,92580,126956,80110-AH219-qq-e-470,80110-AH219-qq-e-d-470,80110-AH219,HKS,ハイパーマックスSスタイルC,F=29(3)/R=22(2.2),250(Barrel)/Special,284/98,127/118,-31(0～70)/-41(-41～61),車高データはターボ車のもの,フルキットご購入の際には、ご希望のバネレートへ変更できます(HKSが取扱するスプリングとし、自由長の変更は不可)<br>ご希望の場合は、必ずご注文時にお知らせ下さい<br>各車種別推奨バネレート範囲を超えるバネレート変更は保証対象外となります<br>車高情報の数値は、HKS社内でのフルキット設定の組み合わせによる参考値データ(ノーマル比)です(データは車輌の個体差・組み付け条件により変化します)<br>カッコ内の数値(上限～下限)はノーマル車高から可能な車高調整幅のみを示したもので、あくまで参考値となります<br>車種によっては走行に支障をきたす恐れがありますのでご注意ください,141000,109500,95400
ホンダ,N-WGN,JH1,S07A,13/11～,,97942,92580,126955,80110-AH219-qq-e-469,80110-AH219-qq-e-d-469,80110-AH219,HKS,ハイパーマックスSスタイルC,F=29(3)/R=22(2.2),250(Barrel)/Special,284/98,127/118,-24(0～57)/-33(-33～64),車高データはターボ車のもの,フルキットご購入の際には、ご希望のバネレートへ変更できます(HKSが取扱するスプリングとし、自由長の変更は不可)<br>ご希望の場合は、必ずご注文時にお知らせ下さい<br>各車種別推奨バネレート範囲を超えるバネレート変更は保証対象外となります<br>車高情報の数値は、HKS社内でのフルキット設定の組み合わせによる参考値データ(ノーマル比)です(データは車輌の個体差・組み付け条件により変化します)<br>カッコ内の数値(上限～下限)はノーマル車高から可能な車高調整幅のみを示したもので、あくまで参考値となります<br>車種によっては走行に支障をきたす恐れがありますのでご注意ください,141000,109500,95400
ホンダ,ヴェゼル,RU1,L15B,13/12～,2WD,111459,105712,126959,80110-AH222-qq-e-505,80110-AH222-qq-e-d-505,80110-AH222,HKS,ハイパーマックスSスタイルC,F=29(3)/R=28(2.9),300(Barrel)/Special,245/118,147/69,-15(0～46)/-27(0～68),リア形状別体,フルキットご購入の際には、ご希望のバネレートへ変更できます(HKSが取扱するスプリングとし、自由長の変更は不可)<br>ご希望の場合は、必ずご注文時にお知らせ下さい<br>各車種別推奨バネレート範囲を超えるバネレート変更は保証対象外となります<br>車高情報の数値は、HKS社内でのフルキット設定の組み合わせによる参考値データ(ノーマル比)です(データは車輌の個体差・組み付け条件により変化します)<br>カッコ内の数値(上限～下限)はノーマル車高から可能な車高調整幅のみを示したもので、あくまで参考値となります<br>車種によっては走行に支障をきたす恐れがありますのでご注意ください,161000,122900,106800
ホンダ,ヴェゼルハイブリッド,RU3,LEB-H1,13/12～,2WD<br>ハイブリッド,111459,105712,127205,80110-AH222-qq-e-506,80110-AH222-qq-e-d-506,80110-AH222,HKS,ハイパーマックスSスタイルC,F=29(3)/R=28(2.9),300(Barrel)/Special,245/118,147/69,-27(0～58)/-33(0～73),リア形状別体,フルキットご購入の際には、ご希望のバネレートへ変更できます(HKSが取扱するスプリングとし、自由長の変更は不可)<br>ご希望の場合は、必ずご注文時にお知らせ下さい<br>各車種別推奨バネレート範囲を超えるバネレート変更は保証対象外となります<br>車高情報の数値は、HKS社内でのフルキット設定の組み合わせによる参考値データ(ノーマル比)です(データは車輌の個体差・組み付け条件により変化します)<br>カッコ内の数値(上限～下限)はノーマル車高から可能な車高調整幅のみを示したもので、あくまで参考値となります<br>車種によっては走行に支障をきたす恐れがありますのでご注意ください,161000,122900,106800
ホンダ,エアウェイブ,GJ1,L15A,05/04～10/08,2WD,102672,97176,126946,80110-AH211-qq-e-471,80110-AH211-qq-e-d-471,80110-AH211,HKS,ハイパーマックスSスタイルC,F=38(4)/R=65(6.6),250(Barrel)/Special,630/200,270/130,-49(-25～93)/-49(-25～93),リア形状別体,フルキットご購入の際には、ご希望のバネレートへ変更できます(HKSが取扱するスプリングとし、自由長の変更は不可)<br>ご希望の場合は、必ずご注文時にお知らせ下さい<br>各車種別推奨バネレート範囲を超えるバネレート変更は保証対象外となります<br>車高情報の数値は、HKS社内でのフルキット設定の組み合わせによる参考値データ(ノーマル比)です(データは車輌の個体差・組み付け条件により変化します)<br>カッコ内の数値(上限～下限)はノーマル車高から可能な車高調整幅のみを示したもので、あくまで参考値となります<br>車種によっては走行に支障をきたす恐れがありますのでご注意ください,148000,114200,99400
ホンダ,オデッセイ,RB3,K24A,08/10～13/10,,91183,86014,126944,80110-AH208-qq-e-473,80110-AH208-qq-e-d-473,80110-AH208,HKS,ハイパーマックスSスタイルC,F=69(7)/R=118(12),250(Barrel)/200(Straight),1104/304,883/294,-29(0～76)/-43(0～68),,フルキットご購入の際には、ご希望のバネレートへ変更できます(HKSが取扱するスプリングとし、自由長の変更は不可)<br>ご希望の場合は、必ずご注文時にお知らせ下さい<br>各車種別推奨バネレート範囲を超えるバネレート変更は保証対象外となります<br>車高情報の数値は、HKS社内でのフルキット設定の組み合わせによる参考値データ(ノーマル比)です(データは車輌の個体差・組み付け条件により変化します)<br>カッコ内の数値(上限～下限)はノーマル車高から可能な車高調整幅のみを示したもので、あくまで参考値となります<br>車種によっては走行に支障をきたす恐れがありますのでご注意ください,131000,102800,89700
ホンダ,オデッセイ,RB4,K24A,08/10～13/10,4WD,91183,86014,126945,80110-AH208-qq-e-474,80110-AH208-qq-e-d-474,80110-AH208,HKS,ハイパーマックスSスタイルC,F=69(7)/R=118(12),250(Barrel)/200(Straight),1104/304,883/294,-26(-4～85)/-33(-15～69),,フルキットご購入の際には、ご希望のバネレートへ変更できます(HKSが取扱するスプリングとし、自由長の変更は不可)<br>ご希望の場合は、必ずご注文時にお知らせ下さい<br>各車種別推奨バネレート範囲を超えるバネレート変更は保証対象外となります<br>車高情報の数値は、HKS社内でのフルキット設定の組み合わせによる参考値データ(ノーマル比)です(データは車輌の個体差・組み付け条件により変化します)<br>カッコ内の数値(上限～下限)はノーマル車高から可能な車高調整幅のみを示したもので、あくまで参考値となります<br>車種によっては走行に支障をきたす恐れがありますのでご注意ください,131000,102800,89700
ホンダ,オデッセイ,RC1,K24W,13/11～17/11,2WD,102672,97176,127202,80110-AH220-qq-e-472,80110-AH220-qq-e-d-472,80110-AH220,HKS,ハイパーマックスSスタイルC,F=49(5)/R=68(6.9),250(Barrel)/Special,608/241,265/162,-31(-5～74)/-31(-10～62),リア形状別体<br>車高データは「前期・アブソルート」のもの,フルキットご購入の際には、ご希望のバネレートへ変更できます(HKSが取扱するスプリングとし、自由長の変更は不可)<br>ご希望の場合は、必ずご注文時にお知らせ下さい<br>各車種別推奨バネレート範囲を超えるバネレート変更は保証対象外となります<br>車高情報の数値は、HKS社内でのフルキット設定の組み合わせによる参考値データ(ノーマル比)です(データは車輌の個体差・組み付け条件により変化します)<br>カッコ内の数値(上限～下限)はノーマル車高から可能な車高調整幅のみを示したもので、あくまで参考値となります<br>車種によっては走行に支障をきたす恐れがありますのでご注意ください,148000,114200,99400
ホンダ,オデッセイ,RC1,K24W,17/11～,2WD,102672,97176,127432,80110-AH220-qq-e-23,80110-AH220-qq-e-d-23,80110-AH220,HKS,ハイパーマックスSスタイルC,F=49(5)/R=68(6.9),250(Barrel)/Special,608/241,265/162,-23(0～62)/-26(-5～57),リア形状別体<br>車高データは「後期・アブソルート」のもの,フルキットご購入の際には、ご希望のバネレートへ変更できます(HKSが取扱するスプリングとし、自由長の変更は不可)<br>ご希望の場合は、必ずご注文時にお知らせ下さい<br>各車種別推奨バネレート範囲を超えるバネレート変更は保証対象外となります<br>車高情報の数値は、HKS社内でのフルキット設定の組み合わせによる参考値データ(ノーマル比)です(データは車輌の個体差・組み付け条件により変化します)<br>カッコ内の数値(上限～下限)はノーマル車高から可能な車高調整幅のみを示したもので、あくまで参考値となります<br>車種によっては走行に支障をきたす恐れがありますのでご注意ください,148000,114200,99400
ホンダ,オデッセイ/オデッセイアブソルート,RB1,K24A,03/10～08/09,2WD<br>AFS装着車可<br>アブソルート取付可,91183,86014,127191,80110-AH208-qq-e-475,80110-AH208-qq-e-d-475,80110-AH208,HKS,ハイパーマックスSスタイルC,F=69(7)/R=118(12),250(Barrel)/200(Straight),1104/304,883/294,-33(0～76)/-32(0～85),,フルキットご購入の際には、ご希望のバネレートへ変更できます(HKSが取扱するスプリングとし、自由長の変更は不可)<br>ご希望の場合は、必ずご注文時にお知らせ下さい<br>各車種別推奨バネレート範囲を超えるバネレート変更は保証対象外となります<br>車高情報の数値は、HKS社内でのフルキット設定の組み合わせによる参考値データ(ノーマル比)です(データは車輌の個体差・組み付け条件により変化します)<br>カッコ内の数値(上限～下限)はノーマル車高から可能な車高調整幅のみを示したもので、あくまで参考値となります<br>車種によっては走行に支障をきたす恐れがありますのでご注意ください,131000,102800,89700
ホンダ,オデッセイ/オデッセイアブソルート,RB2,K24A,03/10～08/09,2WD<br>AFS装着車可<br>アブソルート取付可,91183,86014,127192,80110-AH208-qq-e-476,80110-AH208-qq-e-d-476,80110-AH208,HKS,ハイパーマックスSスタイルC,F=69(7)/R=118(12),250(Barrel)/200(Straight),1104/304,883/294,-52(-18～91)/-45(-28～77),,フルキットご購入の際には、ご希望のバネレートへ変更できます(HKSが取扱するスプリングとし、自由長の変更は不可)<br>ご希望の場合は、必ずご注文時にお知らせ下さい<br>各車種別推奨バネレート範囲を超えるバネレート変更は保証対象外となります<br>車高情報の数値は、HKS社内でのフルキット設定の組み合わせによる参考値データ(ノーマル比)です(データは車輌の個体差・組み付け条件により変化します)<br>カッコ内の数値(上限～下限)はノーマル車高から可能な車高調整幅のみを示したもので、あくまで参考値となります<br>車種によっては走行に支障をきたす恐れがありますのでご注意ください,131000,102800,89700
ホンダ,オデッセイハイブリッド,RC4,LFA-H4,16/02～17/11,前期<br>ハイブリッド,102672,97176,127203,80110-AH220-qq-e-477,80110-AH220-qq-e-d-477,80110-AH220,HKS,ハイパーマックスSスタイルC,F=49(5)/R=68(6.9),250(Barrel)/Special,608/241,265/162,-36(-10～79)/-37(-16～68),リア形状別体,フルキットご購入の際には、ご希望のバネレートへ変更できます(HKSが取扱するスプリングとし、自由長の変更は不可)<br>ご希望の場合は、必ずご注文時にお知らせ下さい<br>各車種別推奨バネレート範囲を超えるバネレート変更は保証対象外となります<br>車高情報の数値は、HKS社内でのフルキット設定の組み合わせによる参考値データ(ノーマル比)です(データは車輌の個体差・組み付け条件により変化します)<br>カッコ内の数値(上限～下限)はノーマル車高から可能な車高調整幅のみを示したもので、あくまで参考値となります<br>車種によっては走行に支障をきたす恐れがありますのでご注意ください,148000,114200,99400
ホンダ,オデッセイハイブリッド,RC4,LFA-H4,17/11～,後期<br>ハイブリッド,102672,97176,127208,80110-AH220-qq-e-24,80110-AH220-qq-e-d-24,80110-AH220,HKS,ハイパーマックスSスタイルC,F=49(5)/R=68(6.9),250(Barrel)/Special,608/241,265/162,-28(-1～67)/-32(-11～63),リア形状別体,フルキットご購入の際には、ご希望のバネレートへ変更できます(HKSが取扱するスプリングとし、自由長の変更は不可)<br>ご希望の場合は、必ずご注文時にお知らせ下さい<br>各車種別推奨バネレート範囲を超えるバネレート変更は保証対象外となります<br>車高情報の数値は、HKS社内でのフルキット設定の組み合わせによる参考値データ(ノーマル比)です(データは車輌の個体差・組み付け条件により変化します)<br>カッコ内の数値(上限～下限)はノーマル車高から可能な車高調整幅のみを示したもので、あくまで参考値となります<br>車種によっては走行に支障をきたす恐れがありますのでご注意ください,148000,114200,99400
ホンダ,ザッツ,JD1,E07Z,02/02～06/03,2WD,97942,92580,126942,80110-AH207-qq-e-478,80110-AH207-qq-e-d-478,80110-AH207,HKS,ハイパーマックスSスタイルC,F=29(3)/R=22(2.2),250(Barrel)/Special,388/172,318/177,-31(0～50)/-33(-25～51),リア形状別体<br>車高データはライフ(JB1)のもの,フルキットご購入の際には、ご希望のバネレートへ変更できます(HKSが取扱するスプリングとし、自由長の変更は不可)<br>ご希望の場合は、必ずご注文時にお知らせ下さい<br>各車種別推奨バネレート範囲を超えるバネレート変更は保証対象外となります<br>車高情報の数値は、HKS社内でのフルキット設定の組み合わせによる参考値データ(ノーマル比)です(データは車輌の個体差・組み付け条件により変化します)<br>カッコ内の数値(上限～下限)はノーマル車高から可能な車高調整幅のみを示したもので、あくまで参考値となります<br>車種によっては走行に支障をきたす恐れがありますのでご注意ください,141000,109500,95400
ホンダ,ジェイド,FR5,L15B,15/05～,グレード:RS<br>ターボ,111459,105712,127206,80110-AH223-qq-e-479,80110-AH223-qq-e-d-479,80110-AH223,HKS,ハイパーマックスSスタイルC,F=39(4)/R=78(8),250(Barrel)/Special,289/142,461/137,-32(0～49)/-41(0～60),,フルキットご購入の際には、ご希望のバネレートへ変更できます(HKSが取扱するスプリングとし、自由長の変更は不可)<br>ご希望の場合は、必ずご注文時にお知らせ下さい<br>各車種別推奨バネレート範囲を超えるバネレート変更は保証対象外となります<br>車高情報の数値は、HKS社内でのフルキット設定の組み合わせによる参考値データ(ノーマル比)です(データは車輌の個体差・組み付け条件により変化します)<br>カッコ内の数値(上限～下限)はノーマル車高から可能な車高調整幅のみを示したもので、あくまで参考値となります<br>車種によっては走行に支障をきたす恐れがありますのでご注意ください,161000,122900,106800
ホンダ,ジェイドハイブリッド,FR4,LEB-H1,15/02～,ハイブリッド,111459,105712,126960,80110-AH223-qq-e-480,80110-AH223-qq-e-d-480,80110-AH223,HKS,ハイパーマックスSスタイルC,F=39(4)/R=78(8),250(Barrel)/Special,289/142,461/137,-32(0～49)/-41(0～60),,フルキットご購入の際には、ご希望のバネレートへ変更できます(HKSが取扱するスプリングとし、自由長の変更は不可)<br>ご希望の場合は、必ずご注文時にお知らせ下さい<br>各車種別推奨バネレート範囲を超えるバネレート変更は保証対象外となります<br>車高情報の数値は、HKS社内でのフルキット設定の組み合わせによる参考値データ(ノーマル比)です(データは車輌の個体差・組み付け条件により変化します)<br>カッコ内の数値(上限～下限)はノーマル車高から可能な車高調整幅のみを示したもので、あくまで参考値となります<br>車種によっては走行に支障をきたす恐れがありますのでご注意ください,161000,122900,106800
ホンダ,ステップワゴン,RF3/RF5/RF7,K20A/K24A,01/04～05/04,2WD,102672,97176,126941,80110-AH201-qq-e-485,80110-AH201-qq-e-d-485,80110-AH201,HKS,ハイパーマックスSスタイルC,F=49(5)/R=85(8.7),250(Barrel)/Special,630/150,420/160,-41(0～85)/-36(0～70),リア形状別体<br>車高データはRF3のもの,フルキットご購入の際には、ご希望のバネレートへ変更できます(HKSが取扱するスプリングとし、自由長の変更は不可)<br>ご希望の場合は、必ずご注文時にお知らせ下さい<br>各車種別推奨バネレート範囲を超えるバネレート変更は保証対象外となります<br>車高情報の数値は、HKS社内でのフルキット設定の組み合わせによる参考値データ(ノーマル比)です(データは車輌の個体差・組み付け条件により変化します)<br>カッコ内の数値(上限～下限)はノーマル車高から可能な車高調整幅のみを示したもので、あくまで参考値となります<br>車種によっては走行に支障をきたす恐れがありますのでご注意ください,148000,114200,99400
ホンダ,ステップワゴン,RG1/RG3,K20A/K24A,05/05～09/09,2WD,102672,97176,126953,80110-AH217-qq-e-484,80110-AH217-qq-e-d-484,80110-AH217,HKS,ハイパーマックスSスタイルC,F=39(4)/R=55(5.6),250(Barrel)/Special,510/191,250/147,-29(-21～80)/-41(-15～64),リア形状別体<br>車高データはRG1のもの,フルキットご購入の際には、ご希望のバネレートへ変更できます(HKSが取扱するスプリングとし、自由長の変更は不可)<br>ご希望の場合は、必ずご注文時にお知らせ下さい<br>各車種別推奨バネレート範囲を超えるバネレート変更は保証対象外となります<br>車高情報の数値は、HKS社内でのフルキット設定の組み合わせによる参考値データ(ノーマル比)です(データは車輌の個体差・組み付け条件により変化します)<br>カッコ内の数値(上限～下限)はノーマル車高から可能な車高調整幅のみを示したもので、あくまで参考値となります<br>車種によっては走行に支障をきたす恐れがありますのでご注意ください,148000,114200,99400
ホンダ,ステップワゴン,RK1,R20A,09/10～15/03,2WD,102672,97176,126947,80110-AH213-qq-e-483,80110-AH213-qq-e-d-483,80110-AH213,HKS,ハイパーマックスSスタイルC,F=39(4)/R=55(5.6),250(Barrel)/Special,510/191,250/147,-45(-22～106)/-45(-18～68),リア形状別体,フルキットご購入の際には、ご希望のバネレートへ変更できます(HKSが取扱するスプリングとし、自由長の変更は不可)<br>ご希望の場合は、必ずご注文時にお知らせ下さい<br>各車種別推奨バネレート範囲を超えるバネレート変更は保証対象外となります<br>車高情報の数値は、HKS社内でのフルキット設定の組み合わせによる参考値データ(ノーマル比)です(データは車輌の個体差・組み付け条件により変化します)<br>カッコ内の数値(上限～下限)はノーマル車高から可能な車高調整幅のみを示したもので、あくまで参考値となります<br>車種によっては走行に支障をきたす恐れがありますのでご注意ください,148000,114200,99400
ホンダ,ステップワゴン,RK5,R20A,09/10～15/03,2WD,102672,97176,127197,80110-AH213-qq-e-482,80110-AH213-qq-e-d-482,80110-AH213,HKS,ハイパーマックスSスタイルC,F=39(4)/R=55(5.6),250(Barrel)/Special,510/191,250/147,-39(-16～99)/-42(-24～65),リア形状別体,フルキットご購入の際には、ご希望のバネレートへ変更できます(HKSが取扱するスプリングとし、自由長の変更は不可)<br>ご希望の場合は、必ずご注文時にお知らせ下さい<br>各車種別推奨バネレート範囲を超えるバネレート変更は保証対象外となります<br>車高情報の数値は、HKS社内でのフルキット設定の組み合わせによる参考値データ(ノーマル比)です(データは車輌の個体差・組み付け条件により変化します)<br>カッコ内の数値(上限～下限)はノーマル車高から可能な車高調整幅のみを示したもので、あくまで参考値となります<br>車種によっては走行に支障をきたす恐れがありますのでご注意ください,148000,114200,99400
ホンダ,ステップワゴン,RP1,L15B,15/04～,4WD未確認<br>後期型(17/09～)適合,111459,105712,126961,80110-AH224-qq-e-481,80110-AH224-qq-e-d-481,80110-AH224,HKS,ハイパーマックスSスタイルC,F=39(4)/R=49(5),250(Barrel)/220(barrel),284/157,314/118,-32(0～98)/-31(-21～89),,フルキットご購入の際には、ご希望のバネレートへ変更できます(HKSが取扱するスプリングとし、自由長の変更は不可)<br>ご希望の場合は、必ずご注文時にお知らせ下さい<br>各車種別推奨バネレート範囲を超えるバネレート変更は保証対象外となります<br>車高情報の数値は、HKS社内でのフルキット設定の組み合わせによる参考値データ(ノーマル比)です(データは車輌の個体差・組み付け条件により変化します)<br>カッコ内の数値(上限～下限)はノーマル車高から可能な車高調整幅のみを示したもので、あくまで参考値となります<br>車種によっては走行に支障をきたす恐れがありますのでご注意ください,161000,122900,106800
ホンダ,ステップワゴンスパーダ,RP3,L15B,15/04～17/08,4WD未確認,111459,105712,127207,80110-AH224-qq-e-486,80110-AH224-qq-e-d-486,80110-AH224,HKS,ハイパーマックスSスタイルC,F=39(4)/R=49(5),250(Barrel)/220(barrel),284/157,314/118,-36(-4～97)/-39(-29～97),,フルキットご購入の際には、ご希望のバネレートへ変更できます(HKSが取扱するスプリングとし、自由長の変更は不可)<br>ご希望の場合は、必ずご注文時にお知らせ下さい<br>各車種別推奨バネレート範囲を超えるバネレート変更は保証対象外となります<br>車高情報の数値は、HKS社内でのフルキット設定の組み合わせによる参考値データ(ノーマル比)です(データは車輌の個体差・組み付け条件により変化します)<br>カッコ内の数値(上限～下限)はノーマル車高から可能な車高調整幅のみを示したもので、あくまで参考値となります<br>車種によっては走行に支障をきたす恐れがありますのでご注意ください,161000,122900,106800
ホンダ,ステップワゴンスパーダ,RP3,L15B,17/09～,後期,111459,105712,127209,80110-AH224-qq-e-8,80110-AH224-qq-e-d-8,80110-AH224,HKS,ハイパーマックスSスタイルC,F=39(4)/R=49(5),250(Barrel)/220(barrel),284/157,314/118,-34(0～92)/-38(-28～97),,フルキットご購入の際には、ご希望のバネレートへ変更できます(HKSが取扱するスプリングとし、自由長の変更は不可)<br>ご希望の場合は、必ずご注文時にお知らせ下さい<br>各車種別推奨バネレート範囲を超えるバネレート変更は保証対象外となります<br>車高情報の数値は、HKS社内でのフルキット設定の組み合わせによる参考値データ(ノーマル比)です(データは車輌の個体差・組み付け条件により変化します)<br>カッコ内の数値(上限～下限)はノーマル車高から可能な車高調整幅のみを示したもので、あくまで参考値となります<br>車種によっては走行に支障をきたす恐れがありますのでご注意ください,161000,122900,106800
ホンダ,ストリーム,RN6,R18A,06/07～14/05,,102672,97176,127196,80110-AH212-qq-e-488,80110-AH212-qq-e-d-488,80110-AH212,HKS,ハイパーマックスSスタイルC,F=49(5)/R=78(8),220(Barrel)/170,736/177,422/186,-19(0～57)/-19(0～78),,フルキットご購入の際には、ご希望のバネレートへ変更できます(HKSが取扱するスプリングとし、自由長の変更は不可)<br>ご希望の場合は、必ずご注文時にお知らせ下さい<br>各車種別推奨バネレート範囲を超えるバネレート変更は保証対象外となります<br>車高情報の数値は、HKS社内でのフルキット設定の組み合わせによる参考値データ(ノーマル比)です(データは車輌の個体差・組み付け条件により変化します)<br>カッコ内の数値(上限～下限)はノーマル車高から可能な車高調整幅のみを示したもので、あくまで参考値となります<br>車種によっては走行に支障をきたす恐れがありますのでご注意ください,148000,114200,99400
ホンダ,ストリーム,RN8,R20A,06/07～14/05,,102672,97176,127431,80110-AH212-qq-e-487,80110-AH212-qq-e-d-487,80110-AH212,HKS,ハイパーマックスSスタイルC,F=49(5)/R=78(8),220(Barrel)/170,736/177,422/186,-23(0～61)/-25(0～84),,フルキットご購入の際には、ご希望のバネレートへ変更できます(HKSが取扱するスプリングとし、自由長の変更は不可)<br>ご希望の場合は、必ずご注文時にお知らせ下さい<br>各車種別推奨バネレート範囲を超えるバネレート変更は保証対象外となります<br>車高情報の数値は、HKS社内でのフルキット設定の組み合わせによる参考値データ(ノーマル比)です(データは車輌の個体差・組み付け条件により変化します)<br>カッコ内の数値(上限～下限)はノーマル車高から可能な車高調整幅のみを示したもので、あくまで参考値となります<br>車種によっては走行に支障をきたす恐れがありますのでご注意ください,148000,114200,99400
ホンダ,ゼストスポーツ,JE1,P07A,06/03～08/11,4WD未確認<br>ターボ,97942,92580,127193,80110-AH209-qq-e-489,80110-AH209-qq-e-d-489,80110-AH209,HKS,ハイパーマックスSスタイルC,F=29(3)/R=20(2),250(Barrel)/Special,486/301,227/209,-40(0～67)/-37(-15～59),,フルキットご購入の際には、ご希望のバネレートへ変更できます(HKSが取扱するスプリングとし、自由長の変更は不可)<br>ご希望の場合は、必ずご注文時にお知らせ下さい<br>各車種別推奨バネレート範囲を超えるバネレート変更は保証対象外となります<br>車高情報の数値は、HKS社内でのフルキット設定の組み合わせによる参考値データ(ノーマル比)です(データは車輌の個体差・組み付け条件により変化します)<br>カッコ内の数値(上限～下限)はノーマル車高から可能な車高調整幅のみを示したもので、あくまで参考値となります<br>車種によっては走行に支障をきたす恐れがありますのでご注意ください,141000,109500,95400
ホンダ,フィット,GE6,L13A,07/10～13/08,2WD,97942,92580,126948,80110-AH215-qq-e-493,80110-AH215-qq-e-d-493,80110-AH215,HKS,ハイパーマックスSスタイルC,F=39(4)/R=29(3),250(Barrel)/200,520/182,93/93,-52(0～84)/-56(-23～87),リア形状別体<br>リア車高下限値はライドハイトレス・純正ゴムシート仕様でのもの,フルキットご購入の際には、ご希望のバネレートへ変更できます(HKSが取扱するスプリングとし、自由長の変更は不可)<br>ご希望の場合は、必ずご注文時にお知らせ下さい<br>各車種別推奨バネレート範囲を超えるバネレート変更は保証対象外となります<br>車高情報の数値は、HKS社内でのフルキット設定の組み合わせによる参考値データ(ノーマル比)です(データは車輌の個体差・組み付け条件により変化します)<br>カッコ内の数値(上限～下限)はノーマル車高から可能な車高調整幅のみを示したもので、あくまで参考値となります<br>車種によっては走行に支障をきたす恐れがありますのでご注意ください,141000,109500,95400
ホンダ,フィット,GE8,L15A,07/10～13/08,2WD,97942,92580,127198,80110-AH215-qq-e-492,80110-AH215-qq-e-d-492,80110-AH215,HKS,ハイパーマックスSスタイルC,F=39(4)/R=29(3),250(Barrel)/200,520/182,93/93,-38(0～70)/-43(-9～74),リア形状別体<br>リア車高下限値はライドハイトレス・純正ゴムシート仕様でのもの,フルキットご購入の際には、ご希望のバネレートへ変更できます(HKSが取扱するスプリングとし、自由長の変更は不可)<br>ご希望の場合は、必ずご注文時にお知らせ下さい<br>各車種別推奨バネレート範囲を超えるバネレート変更は保証対象外となります<br>車高情報の数値は、HKS社内でのフルキット設定の組み合わせによる参考値データ(ノーマル比)です(データは車輌の個体差・組み付け条件により変化します)<br>カッコ内の数値(上限～下限)はノーマル車高から可能な車高調整幅のみを示したもので、あくまで参考値となります<br>車種によっては走行に支障をきたす恐れがありますのでご注意ください,141000,109500,95400
ホンダ,フィット,GK3,L13B,13/09～,LEDポジションランプ装着車適合<br>4WD未確認,97942,92580,126958,80110-AH221-qq-e-491,80110-AH221-qq-e-d-491,80110-AH221,HKS,ハイパーマックスSスタイルC,F=29(3)/R=20(2),250(Barrel)/Special,294/127,118/69,-30(-9～77)/-40(-30～95),車高データはフィットハイブリッド(GP5)のもの,フルキットご購入の際には、ご希望のバネレートへ変更できます(HKSが取扱するスプリングとし、自由長の変更は不可)<br>ご希望の場合は、必ずご注文時にお知らせ下さい<br>各車種別推奨バネレート範囲を超えるバネレート変更は保証対象外となります<br>車高情報の数値は、HKS社内でのフルキット設定の組み合わせによる参考値データ(ノーマル比)です(データは車輌の個体差・組み付け条件により変化します)<br>カッコ内の数値(上限～下限)はノーマル車高から可能な車高調整幅のみを示したもので、あくまで参考値となります<br>車種によっては走行に支障をきたす恐れがありますのでご注意ください,141000,109500,95400
ホンダ,フィット,GK5,L15B,13/09～,LEDポジションランプ装着車適合<br>4WD未確認,97942,92580,126957,80110-AH221-qq-e-490,80110-AH221-qq-e-d-490,80110-AH221,HKS,ハイパーマックスSスタイルC,F=29(3)/R=20(2),250(Barrel)/Special,294/127,118/69,-24(0～67)/-38(-7～72),,フルキットご購入の際には、ご希望のバネレートへ変更できます(HKSが取扱するスプリングとし、自由長の変更は不可)<br>ご希望の場合は、必ずご注文時にお知らせ下さい<br>各車種別推奨バネレート範囲を超えるバネレート変更は保証対象外となります<br>車高情報の数値は、HKS社内でのフルキット設定の組み合わせによる参考値データ(ノーマル比)です(データは車輌の個体差・組み付け条件により変化します)<br>カッコ内の数値(上限～下限)はノーマル車高から可能な車高調整幅のみを示したもので、あくまで参考値となります<br>車種によっては走行に支障をきたす恐れがありますのでご注意ください,141000,109500,95400
ホンダ,フィットハイブリッド,GP1,LDA-MF6,10/10～13/08,2WD,97942,92580,127199,80110-AH215-qq-e-496,80110-AH215-qq-e-d-496,80110-AH215,HKS,ハイパーマックスSスタイルC,F=39(4)/R=29(3),250(Barrel)/200,520/182,93/93,-39(0～68)/-44(-10～65),リア形状別体,フルキットご購入の際には、ご希望のバネレートへ変更できます(HKSが取扱するスプリングとし、自由長の変更は不可)<br>ご希望の場合は、必ずご注文時にお知らせ下さい<br>各車種別推奨バネレート範囲を超えるバネレート変更は保証対象外となります<br>車高情報の数値は、HKS社内でのフルキット設定の組み合わせによる参考値データ(ノーマル比)です(データは車輌の個体差・組み付け条件により変化します)<br>カッコ内の数値(上限～下限)はノーマル車高から可能な車高調整幅のみを示したもので、あくまで参考値となります<br>車種によっては走行に支障をきたす恐れがありますのでご注意ください,141000,109500,95400
ホンダ,フィットハイブリッド,GP4,LEA-MF6,12/05～13/08,RS<br>2WD,97942,92580,126949,80110-AH215-qq-e-495,80110-AH215-qq-e-d-495,80110-AH215,HKS,ハイパーマックスSスタイルC,F=39(4)/R=29(3),250(Barrel)/200,520/182,93/93,-38(0～70)/-43(-9～74),リア形状別体<br>車高データはGE8のもの<br>リア車高下限値はライドハイトレス・純正ゴムシート仕様でのもの,フルキットご購入の際には、ご希望のバネレートへ変更できます(HKSが取扱するスプリングとし、自由長の変更は不可)<br>ご希望の場合は、必ずご注文時にお知らせ下さい<br>各車種別推奨バネレート範囲を超えるバネレート変更は保証対象外となります<br>車高情報の数値は、HKS社内でのフルキット設定の組み合わせによる参考値データ(ノーマル比)です(データは車輌の個体差・組み付け条件により変化します)<br>カッコ内の数値(上限～下限)はノーマル車高から可能な車高調整幅のみを示したもので、あくまで参考値となります<br>車種によっては走行に支障をきたす恐れがありますのでご注意ください,141000,109500,95400
ホンダ,フィットハイブリッド,GP5,LEB-H1,13/09～,LEDポジションランプ装着車適合<br>4WD未確認,97942,92580,127204,80110-AH221-qq-e-494,80110-AH221-qq-e-d-494,80110-AH221,HKS,ハイパーマックスSスタイルC,F=29(3)/R=20(2),250(Barrel)/Special,294/127,118/69,-30(-9～77)/-40(-30～95),,フルキットご購入の際には、ご希望のバネレートへ変更できます(HKSが取扱するスプリングとし、自由長の変更は不可)<br>ご希望の場合は、必ずご注文時にお知らせ下さい<br>各車種別推奨バネレート範囲を超えるバネレート変更は保証対象外となります<br>車高情報の数値は、HKS社内でのフルキット設定の組み合わせによる参考値データ(ノーマル比)です(データは車輌の個体差・組み付け条件により変化します)<br>カッコ内の数値(上限～下限)はノーマル車高から可能な車高調整幅のみを示したもので、あくまで参考値となります<br>車種によっては走行に支障をきたす恐れがありますのでご注意ください,141000,109500,95400
ホンダ,フリード,GB3,L15A,08/05～,2WD,97942,92580,126950,80110-AH216-qq-e-497,80110-AH216-qq-e-d-497,80110-AH216,HKS,ハイパーマックスSスタイルC,F=29(3)/R=39(4),250(Barrel)/Special,640/210,270/150,-27(0～66)/-30(-13～55),リア形状別体,フルキットご購入の際には、ご希望のバネレートへ変更できます(HKSが取扱するスプリングとし、自由長の変更は不可)<br>ご希望の場合は、必ずご注文時にお知らせ下さい<br>各車種別推奨バネレート範囲を超えるバネレート変更は保証対象外となります<br>車高情報の数値は、HKS社内でのフルキット設定の組み合わせによる参考値データ(ノーマル比)です(データは車輌の個体差・組み付け条件により変化します)<br>カッコ内の数値(上限～下限)はノーマル車高から可能な車高調整幅のみを示したもので、あくまで参考値となります<br>車種によっては走行に支障をきたす恐れがありますのでご注意ください,141000,109500,95400
ホンダ,フリードスパイク,GB3,L15A,10/07～,2WD,97942,92580,127200,80110-AH216-qq-e-498,80110-AH216-qq-e-d-498,80110-AH216,HKS,ハイパーマックスSスタイルC,F=29(3)/R=39(4),250(Barrel)/Special,640/210,270/150,-27(0～66)/-30(-13～55),リア形状別体<br>車高データはフリードのもの,フルキットご購入の際には、ご希望のバネレートへ変更できます(HKSが取扱するスプリングとし、自由長の変更は不可)<br>ご希望の場合は、必ずご注文時にお知らせ下さい<br>各車種別推奨バネレート範囲を超えるバネレート変更は保証対象外となります<br>車高情報の数値は、HKS社内でのフルキット設定の組み合わせによる参考値データ(ノーマル比)です(データは車輌の個体差・組み付け条件により変化します)<br>カッコ内の数値(上限～下限)はノーマル車高から可能な車高調整幅のみを示したもので、あくまで参考値となります<br>車種によっては走行に支障をきたす恐れがありますのでご注意ください,141000,109500,95400
ホンダ,フリードスパイクハイブリッド,GP3,LEA-MF6,11/10～16/08,2WD,97942,92580,126951,80110-AH216-qq-e-499,80110-AH216-qq-e-d-499,80110-AH216,HKS,ハイパーマックスSスタイルC,F=29(3)/R=39(4),250(Barrel)/Special,637/206,304/147,-26(0～62)/-40(-28～58),リア形状別体,フルキットご購入の際には、ご希望のバネレートへ変更できます(HKSが取扱するスプリングとし、自由長の変更は不可)<br>ご希望の場合は、必ずご注文時にお知らせ下さい<br>各車種別推奨バネレート範囲を超えるバネレート変更は保証対象外となります<br>車高情報の数値は、HKS社内でのフルキット設定の組み合わせによる参考値データ(ノーマル比)です(データは車輌の個体差・組み付け条件により変化します)<br>カッコ内の数値(上限～下限)はノーマル車高から可能な車高調整幅のみを示したもので、あくまで参考値となります<br>車種によっては走行に支障をきたす恐れがありますのでご注意ください,141000,109500,95400
ホンダ,フリードハイブリッド,GP3,LEA-MF6,12/11～,2WD,97942,92580,126952,80110-AH216-qq-e-500,80110-AH216-qq-e-d-500,80110-AH216,HKS,ハイパーマックスSスタイルC,F=29(3)/R=39(4),250(Barrel)/Special,637/206,304/147,-26(0～62)/-40(-28～58),リア形状別体<br>車高データはフリードスパイクハイブリッドのもの,フルキットご購入の際には、ご希望のバネレートへ変更できます(HKSが取扱するスプリングとし、自由長の変更は不可)<br>ご希望の場合は、必ずご注文時にお知らせ下さい<br>各車種別推奨バネレート範囲を超えるバネレート変更は保証対象外となります<br>車高情報の数値は、HKS社内でのフルキット設定の組み合わせによる参考値データ(ノーマル比)です(データは車輌の個体差・組み付け条件により変化します)<br>カッコ内の数値(上限～下限)はノーマル車高から可能な車高調整幅のみを示したもので、あくまで参考値となります<br>車種によっては走行に支障をきたす恐れがありますのでご注意ください,141000,109500,95400
ホンダ,ライフ,JB1,E07Z,98/10～03/08,2WD,97942,92580,127190,80110-AH207-qq-e-503,80110-AH207-qq-e-d-503,80110-AH207,HKS,ハイパーマックスSスタイルC,F=29(3)/R=22(2.2),250(Barrel)/Special,388/172,318/177,-31(0～50)/-33(-25～51),リア形状別体,フルキットご購入の際には、ご希望のバネレートへ変更できます(HKSが取扱するスプリングとし、自由長の変更は不可)<br>ご希望の場合は、必ずご注文時にお知らせ下さい<br>各車種別推奨バネレート範囲を超えるバネレート変更は保証対象外となります<br>車高情報の数値は、HKS社内でのフルキット設定の組み合わせによる参考値データ(ノーマル比)です(データは車輌の個体差・組み付け条件により変化します)<br>カッコ内の数値(上限～下限)はノーマル車高から可能な車高調整幅のみを示したもので、あくまで参考値となります<br>車種によっては走行に支障をきたす恐れがありますのでご注意ください,141000,109500,95400
ホンダ,ライフ,JB5,P07A,03/09～08/10,2WD<br>NA,97942,92580,127195,80110-AH209-qq-e-502,80110-AH209-qq-e-d-502,80110-AH209,HKS,ハイパーマックスSスタイルC,F=29(3)/R=20(2),250(Barrel)/Special,486/301,227/209,-45(0～79)/-28(-6～50),リア形状別体,フルキットご購入の際には、ご希望のバネレートへ変更できます(HKSが取扱するスプリングとし、自由長の変更は不可)<br>ご希望の場合は、必ずご注文時にお知らせ下さい<br>各車種別推奨バネレート範囲を超えるバネレート変更は保証対象外となります<br>車高情報の数値は、HKS社内でのフルキット設定の組み合わせによる参考値データ(ノーマル比)です(データは車輌の個体差・組み付け条件により変化します)<br>カッコ内の数値(上限～下限)はノーマル車高から可能な車高調整幅のみを示したもので、あくまで参考値となります<br>車種によっては走行に支障をきたす恐れがありますのでご注意ください,141000,109500,95400
ホンダ,ライフ,JB7,P07A,03/09～08/10,2WD<br>ターボ,97942,92580,127194,80110-AH209-qq-e-501,80110-AH209-qq-e-d-501,80110-AH209,HKS,ハイパーマックスSスタイルC,F=29(3)/R=20(2),250(Barrel)/Special,486/301,227/209,-43(0～51)/-35(-13～57),リア形状別体<br>車高情報は06/10MC以降のもの,フルキットご購入の際には、ご希望のバネレートへ変更できます(HKSが取扱するスプリングとし、自由長の変更は不可)<br>ご希望の場合は、必ずご注文時にお知らせ下さい<br>各車種別推奨バネレート範囲を超えるバネレート変更は保証対象外となります<br>車高情報の数値は、HKS社内でのフルキット設定の組み合わせによる参考値データ(ノーマル比)です(データは車輌の個体差・組み付け条件により変化します)<br>カッコ内の数値(上限～下限)はノーマル車高から可能な車高調整幅のみを示したもので、あくまで参考値となります<br>車種によっては走行に支障をきたす恐れがありますのでご注意ください,141000,109500,95400
ホンダ,ライフダンク,JB3,E07Z,00/12～03/08,2WD<br>ターボ,97942,92580,126943,80110-AH207-qq-e-504,80110-AH207-qq-e-d-504,80110-AH207,HKS,ハイパーマックスSスタイルC,F=29(3)/R=22(2.2),250(Barrel)/Special,388/172,318/177,-31(0～50)/-33(-25～51),リア形状別体,フルキットご購入の際には、ご希望のバネレートへ変更できます(HKSが取扱するスプリングとし、自由長の変更は不可)<br>ご希望の場合は、必ずご注文時にお知らせ下さい<br>各車種別推奨バネレート範囲を超えるバネレート変更は保証対象外となります<br>車高情報の数値は、HKS社内でのフルキット設定の組み合わせによる参考値データ(ノーマル比)です(データは車輌の個体差・組み付け条件により変化します)<br>カッコ内の数値(上限～下限)はノーマル車高から可能な車高調整幅のみを示したもので、あくまで参考値となります<br>車種によっては走行に支障をきたす恐れがありますのでご注意ください,141000,109500,95400
マツダ,MPV,LW3W,L3-DE,02/04～06/01,2.3L 4WD<br>スタビライザーロッドの長さが265mmの車両のみ適合,102672,97176,127442,80110-AZ201-qq-e-508,80110-AZ201-qq-e-d-508,80110-AZ201,HKS,ハイパーマックスSスタイルC,F=49(5)/R=49(5),250(Barrel)/Special,515/184,1936/315,-52(0～77)/-37(-22～77),リア形状別体,フルキットご購入の際には、ご希望のバネレートへ変更できます(HKSが取扱するスプリングとし、自由長の変更は不可)<br>ご希望の場合は、必ずご注文時にお知らせ下さい<br>各車種別推奨バネレート範囲を超えるバネレート変更は保証対象外となります<br>車高情報の数値は、HKS社内でのフルキット設定の組み合わせによる参考値データ(ノーマル比)です(データは車輌の個体差・組み付け条件により変化します)<br>カッコ内の数値(上限～下限)はノーマル車高から可能な車高調整幅のみを示したもので、あくまで参考値となります<br>車種によっては走行に支障をきたす恐れがありますのでご注意ください,148000,114200,99400
マツダ,MPV,LW5W,GY,99/06～01/10,2.5L FF<br>スタビライザーロッドの長さが265mmの車両のみ適合,102672,97176,127259,80110-AZ201-qq-e-507,80110-AZ201-qq-e-d-507,80110-AZ201,HKS,ハイパーマックスSスタイルC,F=49(5)/R=49(5),250(Barrel)/Special,515/184,1936/315,-49(0～91)/-41(-27～78),リア形状別体,フルキットご購入の際には、ご希望のバネレートへ変更できます(HKSが取扱するスプリングとし、自由長の変更は不可)<br>ご希望の場合は、必ずご注文時にお知らせ下さい<br>各車種別推奨バネレート範囲を超えるバネレート変更は保証対象外となります<br>車高情報の数値は、HKS社内でのフルキット設定の組み合わせによる参考値データ(ノーマル比)です(データは車輌の個体差・組み付け条件により変化します)<br>カッコ内の数値(上限～下限)はノーマル車高から可能な車高調整幅のみを示したもので、あくまで参考値となります<br>車種によっては走行に支障をきたす恐れがありますのでご注意ください,148000,114200,99400
マツダ,MPV,LWEW,FS-DE,96/06～02/03,2.0L FF<br>スタビライザーロッドの長さが265mmの車両のみ適合,102672,97176,127000,80110-AZ201-qq-e-509,80110-AZ201-qq-e-d-509,80110-AZ201,HKS,ハイパーマックスSスタイルC,F=49(5)/R=49(5),250(Barrel)/Special,515/184,1936/315,-38(0～80)/-43(-29～80),リア形状別体,フルキットご購入の際には、ご希望のバネレートへ変更できます(HKSが取扱するスプリングとし、自由長の変更は不可)<br>ご希望の場合は、必ずご注文時にお知らせ下さい<br>各車種別推奨バネレート範囲を超えるバネレート変更は保証対象外となります<br>車高情報の数値は、HKS社内でのフルキット設定の組み合わせによる参考値データ(ノーマル比)です(データは車輌の個体差・組み付け条件により変化します)<br>カッコ内の数値(上限～下限)はノーマル車高から可能な車高調整幅のみを示したもので、あくまで参考値となります<br>車種によっては走行に支障をきたす恐れがありますのでご注意ください,148000,114200,99400
マツダ,キャロル,HB24S,K6A,04/09～09/12,2WD,97942,92580,126982,80110-AS202-qq-e-510,80110-AS202-qq-e-d-510,80110-AS202,HKS,ハイパーマックスSスタイルC,F=29(3)/R=18(1.8),250(Barrel)/Special,529/186,274/196,-33(0～76)/-37(-19～39),リア形状別体,フルキットご購入の際には、ご希望のバネレートへ変更できます(HKSが取扱するスプリングとし、自由長の変更は不可)<br>ご希望の場合は、必ずご注文時にお知らせ下さい<br>各車種別推奨バネレート範囲を超えるバネレート変更は保証対象外となります<br>車高情報の数値は、HKS社内でのフルキット設定の組み合わせによる参考値データ(ノーマル比)です(データは車輌の個体差・組み付け条件により変化します)<br>カッコ内の数値(上限～下限)はノーマル車高から可能な車高調整幅のみを示したもので、あくまで参考値となります<br>車種によっては走行に支障をきたす恐れがありますのでご注意ください,141000,109500,95400
三菱,ekカスタム,B11W,3B20,13/06～,4WD未確認<br>ターボ/NA,97942,92580,127212,80110-AM203-qq-e-511,80110-AM203-qq-e-d-511,80110-AM203,HKS,ハイパーマックスSスタイルC,F=29(3)/R=22(2.2),250(Barrel)/Special,290/108,127/127,-28(0～66)/-25(-14～49),,フルキットご購入の際には、ご希望のバネレートへ変更できます(HKSが取扱するスプリングとし、自由長の変更は不可)<br>ご希望の場合は、必ずご注文時にお知らせ下さい<br>各車種別推奨バネレート範囲を超えるバネレート変更は保証対象外となります<br>車高情報の数値は、HKS社内でのフルキット設定の組み合わせによる参考値データ(ノーマル比)です(データは車輌の個体差・組み付け条件により変化します)<br>カッコ内の数値(上限～下限)はノーマル車高から可能な車高調整幅のみを示したもので、あくまで参考値となります<br>車種によっては走行に支障をきたす恐れがありますのでご注意ください,141000,109500,95400
三菱,ekワゴン,B11W,3B20,13/06～,4WD未確認<br>NA,97942,92580,126963,80110-AM203-qq-e-512,80110-AM203-qq-e-d-512,80110-AM203,HKS,ハイパーマックスSスタイルC,F=29(3)/R=22(2.2),250(Barrel)/Special,290/108,127/127,-28(0～66)/-25(-14～49),,フルキットご購入の際には、ご希望のバネレートへ変更できます(HKSが取扱するスプリングとし、自由長の変更は不可)<br>ご希望の場合は、必ずご注文時にお知らせ下さい<br>各車種別推奨バネレート範囲を超えるバネレート変更は保証対象外となります<br>車高情報の数値は、HKS社内でのフルキット設定の組み合わせによる参考値データ(ノーマル比)です(データは車輌の個体差・組み付け条件により変化します)<br>カッコ内の数値(上限～下限)はノーマル車高から可能な車高調整幅のみを示したもので、あくまで参考値となります<br>車種によっては走行に支障をきたす恐れがありますのでご注意ください,141000,109500,95400
三菱,アウトランダー,GF8W,4J12,12/10～,,102672,97176,127210,80110-AM202-qq-e-513,80110-AM202-qq-e-d-513,80110-AM202,HKS,ハイパーマックスSスタイルC,F=49(5)/R=49(5),250(Barrel)/220(Barrel),539/275,628/235,-17(0～60)/-19(-0～60),,フルキットご購入の際には、ご希望のバネレートへ変更できます(HKSが取扱するスプリングとし、自由長の変更は不可)<br>ご希望の場合は、必ずご注文時にお知らせ下さい<br>各車種別推奨バネレート範囲を超えるバネレート変更は保証対象外となります<br>車高情報の数値は、HKS社内でのフルキット設定の組み合わせによる参考値データ(ノーマル比)です(データは車輌の個体差・組み付け条件により変化します)<br>カッコ内の数値(上限～下限)はノーマル車高から可能な車高調整幅のみを示したもので、あくまで参考値となります<br>車種によっては走行に支障をきたす恐れがありますのでご注意ください,148000,114200,99400
三菱,アウトランダーPHEV,GG2W,4B11-S61-Y61,12/12～,,102672,97176,127211,80110-AM202-qq-e-514,80110-AM202-qq-e-d-514,80110-AM202,HKS,ハイパーマックスSスタイルC,F=49(5)/R=49(5),250(Barrel)/220(Barrel),539/275,628/235,-33(0～64)/-49(-12～72),,フルキットご購入の際には、ご希望のバネレートへ変更できます(HKSが取扱するスプリングとし、自由長の変更は不可)<br>ご希望の場合は、必ずご注文時にお知らせ下さい<br>各車種別推奨バネレート範囲を超えるバネレート変更は保証対象外となります<br>車高情報の数値は、HKS社内でのフルキット設定の組み合わせによる参考値データ(ノーマル比)です(データは車輌の個体差・組み付け条件により変化します)<br>カッコ内の数値(上限～下限)はノーマル車高から可能な車高調整幅のみを示したもので、あくまで参考値となります<br>車種によっては走行に支障をきたす恐れがありますのでご注意ください,148000,114200,99400
