自動車メーカー,車種,型式,年式,適合詳細,Fr/Rr,SET価格,Camp価格,商品ID,メーカー品番,メーカー名,商品名,種類,仕様,備考,定価,販売価格,工賃
イスズ,ジェミニ,MJ1,93/1～,リア:ディスク,リア,23800,,122141,335036,DIXCEL,ブレーキパッド,RD,材質:シンタードメタリック<br>有効温度内平均摩擦係数:0.55～0.60,,26000,20800,3000
スズキ,Keiワークス,HN22S,02/11～,ターボ,リア,23800,,102144,335036,DIXCEL,ブレーキパッド,RD,材質:シンタードメタリック<br>有効温度内平均摩擦係数:0.55～0.60,,26000,20800,3000
スズキ,SX4,YA41S/YB41S,06/07～,,リア,23800,,98152,335112,DIXCEL,ブレーキパッド,RD,材質:シンタードメタリック<br>有効温度内平均摩擦係数:0.55～0.60,,26000,20800,3000
スズキ,アルト,HA12S/HA22S,98/10～04/08,ターボ,リア,23800,,102143,335036,DIXCEL,ブレーキパッド,RD,材質:シンタードメタリック<br>有効温度内平均摩擦係数:0.55～0.60,,26000,20800,3000
スズキ,アルトワークス,CM22V,90/2～94/10,WORKS R(DOHC ターボ),リア,23800,,91730,375044,DIXCEL,ブレーキパッド,RD,材質:シンタードメタリック<br>有効温度内平均摩擦係数:0.55～0.60,,26000,20800,3000
スズキ,アルトワークス,CR22S,91/9～94/10,WORKS RS-X(DOHC ターボ),リア,23800,,117857,375044,DIXCEL,ブレーキパッド,RD,材質:シンタードメタリック<br>有効温度内平均摩擦係数:0.55～0.60,,26000,20800,3000
スズキ,アルトワークス,CS22S,91/9～94/10,WORKS RS-R(DOHC ターボ),リア,23800,,104815,375044,DIXCEL,ブレーキパッド,RD,材質:シンタードメタリック<br>有効温度内平均摩擦係数:0.55～0.60,,26000,20800,3000
スズキ,カプチーノ,EA11R/EA21R,91/10～,,リア,23800,,124380,375044,DIXCEL,ブレーキパッド,RD,材質:シンタードメタリック<br>有効温度内平均摩擦係数:0.55～0.60,,26000,20800,3000
スズキ,カルタス/カルタスクレセント/カルタスエスティーム,GC41W,95/1～02/08,,リア,23800,,115058,355042,DIXCEL,ブレーキパッド,RD,材質:シンタードメタリック<br>有効温度内平均摩擦係数:0.55～0.60,,26000,20800,3000
スズキ,キザシ,RE91S/RF91S,09/10～,,リア,23800,,104805,335112,DIXCEL,ブレーキパッド,RD,材質:シンタードメタリック<br>有効温度内平均摩擦係数:0.55～0.60,,26000,20800,3000
スズキ,スイフト,ZC13S/ZC53S/ZD53S,17/01～,,リア,23800,,112344,375131,DIXCEL,ブレーキパッド,RD,材質:シンタードメタリック<br>有効温度内平均摩擦係数:0.55～0.60,,26000,20800,3000
スズキ,スイフト,ZC31S,05/09～11/12,,リア,23800,,91966,335112,DIXCEL,ブレーキパッド,RD,材質:シンタードメタリック<br>有効温度内平均摩擦係数:0.55～0.60,,26000,20800,3000
スズキ,スイフト,ZC32S,11/12～17/09,,リア,23800,,118920,375131,DIXCEL,ブレーキパッド,RD,材質:シンタードメタリック<br>有効温度内平均摩擦係数:0.55～0.60,,26000,20800,3000
スズキ,スイフト,ZC33S,17/09～,,リア,23800,,86241,375131,DIXCEL,ブレーキパッド,RD,材質:シンタードメタリック<br>有効温度内平均摩擦係数:0.55～0.60,,26000,20800,3000
スズキ,スイフト,ZC43S,17/01～,SL リア:ディスク,リア,23800,,79701,375131,DIXCEL,ブレーキパッド,RD,材質:シンタードメタリック<br>有効温度内平均摩擦係数:0.55～0.60,,26000,20800,3000
スズキ,スイフト,ZC72S,10/09～,XS,リア,23800,,125242,375131,DIXCEL,ブレーキパッド,RD,材質:シンタードメタリック<br>有効温度内平均摩擦係数:0.55～0.60,,26000,20800,3000
スズキ,スイフト,ZC72S,10/09～17/01,RS リア:ディスク,リア,23800,,98171,375131,DIXCEL,ブレーキパッド,RD,材質:シンタードメタリック<br>有効温度内平均摩擦係数:0.55～0.60,,26000,20800,3000
スズキ,スイフト,ZC83S,17/01～,RS/XL リア:ディスク,リア,23800,,125243,375131,DIXCEL,ブレーキパッド,RD,材質:シンタードメタリック<br>有効温度内平均摩擦係数:0.55～0.60,,26000,20800,3000
スズキ,スイフト,ZD72S,10/09～17/01,,リア,23800,,118919,375131,DIXCEL,ブレーキパッド,RD,材質:シンタードメタリック<br>有効温度内平均摩擦係数:0.55～0.60,,26000,20800,3000
スズキ,スイフト,ZD83S,17/01～,XL リア:ディスク,リア,23800,,105653,375131,DIXCEL,ブレーキパッド,RD,材質:シンタードメタリック<br>有効温度内平均摩擦係数:0.55～0.60,,26000,20800,3000
スバル,BRZ,ZC6,12/03～,RAレーシング(GAZOO ONE MAKE RACE 車両),リア,23800,,104809,365085,DIXCEL,ブレーキパッド,RD,材質:シンタードメタリック<br>有効温度内平均摩擦係数:0.55～0.60,,26000,20800,3000
スバル,BRZ,ZC6,12/03～,S,リア,23800,,118014,365085,DIXCEL,ブレーキパッド,RD,材質:シンタードメタリック<br>有効温度内平均摩擦係数:0.55～0.60,,26000,20800,3000
スバル,BRZ,ZC6,12/03～13/08,R,リア,23800,,98156,365085,DIXCEL,ブレーキパッド,RD,材質:シンタードメタリック<br>有効温度内平均摩擦係数:0.55～0.60,SとR・17インチパフォーマンスパッケージのフロントには標準でサーキット対応のスポーツパッドが採用されています,26000,20800,3000
スバル,BRZ,ZC6,12/03～13/08,R ,リア,23800,,105096,365089,DIXCEL,ブレーキパッド,RD,材質:シンタードメタリック<br>有効温度内平均摩擦係数:0.55～0.60,,26000,20800,3000
スバル,BRZ,ZC6,12/03～13/08,RA,リア,23800,,98161,365089,DIXCEL,ブレーキパッド,RD,材質:シンタードメタリック<br>有効温度内平均摩擦係数:0.55～0.60,,26000,20800,3000
スバル,BRZ,ZC6,13/08～,R,リア,23800,,78867,365085,DIXCEL,ブレーキパッド,RD,材質:シンタードメタリック<br>有効温度内平均摩擦係数:0.55～0.60,SとR・17インチパフォーマンスパッケージのフロントには標準でサーキット対応のスポーツパッドが採用されています,26000,20800,3000
スバル,BRZ,ZC6,13/08～,R,リア,23800,,98162,365089,DIXCEL,ブレーキパッド,RD,材質:シンタードメタリック<br>有効温度内平均摩擦係数:0.55～0.60,SとR・17インチパフォーマンスパッケージのフロントには標準でサーキット対応のスポーツパッドが採用されています,26000,20800,3000
スバル,BRZ,ZC6,13/08～,RA,リア,23800,,85321,365085,DIXCEL,ブレーキパッド,RD,材質:シンタードメタリック<br>有効温度内平均摩擦係数:0.55～0.60,,26000,20800,3000
スバル,BRZ,ZC6,13/08～,RA,リア,23800,,111462,365089,DIXCEL,ブレーキパッド,RD,材質:シンタードメタリック<br>有効温度内平均摩擦係数:0.55～0.60,,26000,20800,3000
スバル,BRZ,ZC6,13/08～15/12,tS(ブレンボ),リア,23800,,85777,325499,DIXCEL,ブレーキパッド,RD,材質:シンタードメタリック<br>有効温度内平均摩擦係数:0.55～0.60,,26000,20800,3000
スバル,BRZ,ZC6,16/11～,GT(ブレンボ),リア,23800,,98504,325499,DIXCEL,ブレーキパッド,RD,材質:シンタードメタリック<br>有効温度内平均摩擦係数:0.55～0.60,,26000,20800,3000
スバル,SVX,CXD/CXW,91/9～,,リア,23800,,118010,365040,DIXCEL,ブレーキパッド,RD,材質:シンタードメタリック<br>有効温度内平均摩擦係数:0.55～0.60,,26000,20800,3000
スバル,WRX,VAB,14/08～17/06,STI(フロント:4ポット),リア,23800,,118003,325499,DIXCEL,ブレーキパッド,RD,材質:シンタードメタリック<br>有効温度内平均摩擦係数:0.55～0.60,,26000,20800,3000
スバル,インプレッサ,GC1,92/10～96/8,ABS付,リア,23800,,83756,365040,DIXCEL,ブレーキパッド,RD,材質:シンタードメタリック<br>有効温度内平均摩擦係数:0.55～0.60,,26000,20800,3000
スバル,インプレッサ,GC4,92/10～96/8,ABS付,リア,23800,,109766,365040,DIXCEL,ブレーキパッド,RD,材質:シンタードメタリック<br>有効温度内平均摩擦係数:0.55～0.60,,26000,20800,3000
スバル,インプレッサ,GC6,92/10～93/8,A型,リア,23800,,77609,365040,DIXCEL,ブレーキパッド,RD,材質:シンタードメタリック<br>有効温度内平均摩擦係数:0.55～0.60,,26000,20800,3000
スバル,インプレッサ,GC6,93/8～94/9,B型,リア,23800,,103605,365040,DIXCEL,ブレーキパッド,RD,材質:シンタードメタリック<br>有効温度内平均摩擦係数:0.55～0.60,,26000,20800,3000
スバル,インプレッサ,GC6,94/10～96/8,C型,リア,23800,,103606,365040,DIXCEL,ブレーキパッド,RD,材質:シンタードメタリック<br>有効温度内平均摩擦係数:0.55～0.60,,26000,20800,3000
スバル,インプレッサ,GC8,98/8～00/08,SRX,リア,23800,,91968,365084,DIXCEL,ブレーキパッド,RD,材質:シンタードメタリック<br>有効温度内平均摩擦係数:0.55～0.60,,26000,20800,3000
スバル,インプレッサ,GF3/GF4,92/10～96/8,ABS付,リア,23800,,90450,365040,DIXCEL,ブレーキパッド,RD,材質:シンタードメタリック<br>有効温度内平均摩擦係数:0.55～0.60,,26000,20800,3000
スバル,インプレッサ,GF6,92/10～93/8,A型,リア,23800,,90451,365040,DIXCEL,ブレーキパッド,RD,材質:シンタードメタリック<br>有効温度内平均摩擦係数:0.55～0.60,,26000,20800,3000
スバル,インプレッサ,GF6,93/8～94/9,B型,リア,23800,,96574,365040,DIXCEL,ブレーキパッド,RD,材質:シンタードメタリック<br>有効温度内平均摩擦係数:0.55～0.60,,26000,20800,3000
スバル,インプレッサ,GF6,94/10～96/8,C型,リア,23800,,109767,365040,DIXCEL,ブレーキパッド,RD,材質:シンタードメタリック<br>有効温度内平均摩擦係数:0.55～0.60,,26000,20800,3000
スバル,インプレッサ,GF8,98/8～00/08,SRX,リア,23800,,85318,365084,DIXCEL,ブレーキパッド,RD,材質:シンタードメタリック<br>有効温度内平均摩擦係数:0.55～0.60,,26000,20800,3000
スバル,インプレッサ,GFA,92/10～94/8,リア:ディスク,リア,23800,,83757,365040,DIXCEL,ブレーキパッド,RD,材質:シンタードメタリック<br>有効温度内平均摩擦係数:0.55～0.60,,26000,20800,3000
スバル,エクシーガ,YA4,08/06～10/04,,リア,23800,,91971,365089,DIXCEL,ブレーキパッド,RD,材質:シンタードメタリック<br>有効温度内平均摩擦係数:0.55～0.60,,26000,20800,3000
スバル,エクシーガ,YA4,10/04～,,リア,23800,,105097,365089,DIXCEL,ブレーキパッド,RD,材質:シンタードメタリック<br>有効温度内平均摩擦係数:0.55～0.60,,26000,20800,3000
スバル,エクシーガ,YA5,08/06～10/04,2.0GT(ターボ),リア,23800,,98163,365089,DIXCEL,ブレーキパッド,RD,材質:シンタードメタリック<br>有効温度内平均摩擦係数:0.55～0.60,運転支援システム(アイサイト)との動作確認済み<br>但し全ての衝突事故を回避できるシステムではありませんので予めご了承ください,26000,20800,3000
スバル,エクシーガ,YA5,08/06～10/04,2.0i(NA),リア,23800,,124374,365089,DIXCEL,ブレーキパッド,RD,材質:シンタードメタリック<br>有効温度内平均摩擦係数:0.55～0.60,運転支援システム(アイサイト)との動作確認済み<br>但し全ての衝突事故を回避できるシステムではありませんので予めご了承ください,26000,20800,3000
スバル,エクシーガ,YA5,10/04～12/06,2.0GT(ターボ),リア,23800,,124376,365089,DIXCEL,ブレーキパッド,RD,材質:シンタードメタリック<br>有効温度内平均摩擦係数:0.55～0.60,運転支援システム(アイサイト)との動作確認済み<br>但し全ての衝突事故を回避できるシステムではありませんので予めご了承ください,26000,20800,3000
スバル,エクシーガ,YA5,10/04～12/06,2.0i(NA),リア,23800,,124375,365089,DIXCEL,ブレーキパッド,RD,材質:シンタードメタリック<br>有効温度内平均摩擦係数:0.55～0.60,運転支援システム(アイサイト)との動作確認済み<br>但し全ての衝突事故を回避できるシステムではありませんので予めご了承ください,26000,20800,3000
スバル,エクシーガ,YA5,12/06～,2.0GT(ターボ),リア,23800,,79144,365089,DIXCEL,ブレーキパッド,RD,材質:シンタードメタリック<br>有効温度内平均摩擦係数:0.55～0.60,運転支援システム(アイサイト)との動作確認済み<br>但し全ての衝突事故を回避できるシステムではありませんので予めご了承ください,26000,20800,3000
スバル,エクシーガ,YA5,12/06～,2.0i(NA),リア,23800,,79143,365089,DIXCEL,ブレーキパッド,RD,材質:シンタードメタリック<br>有効温度内平均摩擦係数:0.55～0.60,運転支援システム(アイサイト)との動作確認済み<br>但し全ての衝突事故を回避できるシステムではありませんので予めご了承ください,26000,20800,3000
スバル,エクシーガ,YA5,12/06～,tS(ブレンボ),リア,23800,,118001,325499,DIXCEL,ブレーキパッド,RD,材質:シンタードメタリック<br>有効温度内平均摩擦係数:0.55～0.60,運転支援システム(アイサイト)との動作確認済み<br>但し全ての衝突事故を回避できるシステムではありませんので予めご了承ください,26000,20800,3000
スバル,エクシーガ,YA9,08/06～10/04,,リア,23800,,79145,365089,DIXCEL,ブレーキパッド,RD,材質:シンタードメタリック<br>有効温度内平均摩擦係数:0.55～0.60,運転支援システム(アイサイト)との動作確認済み<br>但し全ての衝突事故を回避できるシステムではありませんので予めご了承ください,26000,20800,3000
スバル,エクシーガ,YA9,10/04～12/06,,リア,23800,,105098,365089,DIXCEL,ブレーキパッド,RD,材質:シンタードメタリック<br>有効温度内平均摩擦係数:0.55～0.60,運転支援システム(アイサイト)との動作確認済み<br>但し全ての衝突事故を回避できるシステムではありませんので予めご了承ください,26000,20800,3000
スバル,エクシーガ,YAM,12/06～,,リア,23800,,85323,365089,DIXCEL,ブレーキパッド,RD,材質:シンタードメタリック<br>有効温度内平均摩擦係数:0.55～0.60,運転支援システム(アイサイト)との動作確認済み<br>但し全ての衝突事故を回避できるシステムではありませんので予めご了承ください,26000,20800,3000
スバル,エクシーガクロスオーバー7,YAM,15/04～,,リア,23800,,105099,365089,DIXCEL,ブレーキパッド,RD,材質:シンタードメタリック<br>有効温度内平均摩擦係数:0.55～0.60,運転支援システム(アイサイト)との動作確認済み<br>但し全ての衝突事故を回避できるシステムではありませんので予めご了承ください,26000,20800,3000
スバル,フォレスター,SF5,00/01～02/03,STi I/II,リア,23800,,105093,365084,DIXCEL,ブレーキパッド,RD,材質:シンタードメタリック<br>有効温度内平均摩擦係数:0.55～0.60,,26000,20800,3000
スバル,フォレスター,SF5,97/2～02/03,ターボ(STi除く),リア,23800,,118011,365084,DIXCEL,ブレーキパッド,RD,材質:シンタードメタリック<br>有効温度内平均摩擦係数:0.55～0.60,,26000,20800,3000
スバル,フォレスター,SF9,97/2～02/03,,リア,23800,,98155,365084,DIXCEL,ブレーキパッド,RD,材質:シンタードメタリック<br>有効温度内平均摩擦係数:0.55～0.60,,26000,20800,3000
スバル,フォレスター,SG5,02/03～03/01,ターボ,リア,23800,,124654,365084,DIXCEL,ブレーキパッド,RD,材質:シンタードメタリック<br>有効温度内平均摩擦係数:0.55～0.60,,26000,20800,3000
スバル,フォレスター,SG9,04/02～07/12,STi(ブレンボ),リア,23800,,98505,325499,DIXCEL,ブレーキパッド,RD,材質:シンタードメタリック<br>有効温度内平均摩擦係数:0.55～0.60,,26000,20800,3000
スバル,フォレスター,SH5,07/12～10/04,2.0 XT(ターボ),リア,23800,,91973,365089,DIXCEL,ブレーキパッド,RD,材質:シンタードメタリック<br>有効温度内平均摩擦係数:0.55～0.60,,26000,20800,3000
スバル,フォレスター,SH5,07/12～12/11,2.0 X/XS(NA),リア,23800,,91972,365089,DIXCEL,ブレーキパッド,RD,材質:シンタードメタリック<br>有効温度内平均摩擦係数:0.55～0.60,,26000,20800,3000
スバル,フォレスター,SH5,10/04～12/11,2.0 XT(ターボ),リア,23800,,124377,365089,DIXCEL,ブレーキパッド,RD,材質:シンタードメタリック<br>有効温度内平均摩擦係数:0.55～0.60,,26000,20800,3000
スバル,フォレスター,SH9,10/10～12/11,,リア,23800,,98164,365089,DIXCEL,ブレーキパッド,RD,材質:シンタードメタリック<br>有効温度内平均摩擦係数:0.55～0.60,,26000,20800,3000
スバル,フォレスター,SHJ,10/10～11/04,,リア,23800,,85324,365089,DIXCEL,ブレーキパッド,RD,材質:シンタードメタリック<br>有効温度内平均摩擦係数:0.55～0.60,,26000,20800,3000
スバル,フォレスター,SHJ,11/04～12/11,,リア,23800,,105100,365089,DIXCEL,ブレーキパッド,RD,材質:シンタードメタリック<br>有効温度内平均摩擦係数:0.55～0.60,,26000,20800,3000
スバル,フォレスター,SJ5,12/11～,,リア,23800,,91974,365089,DIXCEL,ブレーキパッド,RD,材質:シンタードメタリック<br>有効温度内平均摩擦係数:0.55～0.60,運転支援システム(アイサイト)との動作確認済み<br>但し全ての衝突事故を回避できるシステムではありませんので予めご了承ください,26000,20800,3000
スバル,フォレスター,SJG,12/11～,,リア,23800,,104810,365085,DIXCEL,ブレーキパッド,RD,材質:シンタードメタリック<br>有効温度内平均摩擦係数:0.55～0.60,運転支援システム(アイサイト)との動作確認済み<br>但し全ての衝突事故を回避できるシステムではありませんので予めご了承ください,26000,20800,3000
スバル,フォレスター,SJG,14/11～,ts(ブレンボ),リア,23800,,79123,325499,DIXCEL,ブレーキパッド,RD,材質:シンタードメタリック<br>有効温度内平均摩擦係数:0.55～0.60,運転支援システム(アイサイト)との動作確認済み<br>但し全ての衝突事故を回避できるシステムではありませんので予めご了承ください,26000,20800,3000
スバル,レガシィアウトバック,BP9,03/10～09/06,2.5i,リア,23800,,98165,365089,DIXCEL,ブレーキパッド,RD,材質:シンタードメタリック<br>有効温度内平均摩擦係数:0.55～0.60,,26000,20800,3000
スバル,レガシィアウトバック,BP9,03/10～09/06,2.5i SIクルーズ,リア,23800,,118012,365084,DIXCEL,ブレーキパッド,RD,材質:シンタードメタリック<br>有効温度内平均摩擦係数:0.55～0.60,,26000,20800,3000
スバル,レガシィアウトバック,BPE,03/10～09/06,3.0R,リア,23800,,85325,365089,DIXCEL,ブレーキパッド,RD,材質:シンタードメタリック<br>有効温度内平均摩擦係数:0.55～0.60,,26000,20800,3000
スバル,レガシィアウトバック,BPE,07/05～09/06,3.0R SIクルーズ,リア,23800,,111459,365084,DIXCEL,ブレーキパッド,RD,材質:シンタードメタリック<br>有効温度内平均摩擦係数:0.55～0.60,,26000,20800,3000
スバル,レガシィアウトバック,BPH,08/05～09/06,2.5XT,リア,23800,,79141,365084,DIXCEL,ブレーキパッド,RD,材質:シンタードメタリック<br>有効温度内平均摩擦係数:0.55～0.60,,26000,20800,3000
スバル,レガシィアウトバック,BR9,09/06～10/04,2.5i/2.5i Lパッケージ A型,リア,23800,,85326,365089,DIXCEL,ブレーキパッド,RD,材質:シンタードメタリック<br>有効温度内平均摩擦係数:0.55～0.60,運転支援システム(アイサイト)との動作確認済み<br>但し全ての衝突事故を回避できるシステムではありませんので予めご了承ください,26000,20800,3000
スバル,レガシィアウトバック,BR9,10/05～12/05,2.5i/2.5i Lパッケージ B型～(アイサイト含む),リア,23800,,98166,365089,DIXCEL,ブレーキパッド,RD,材質:シンタードメタリック<br>有効温度内平均摩擦係数:0.55～0.60,運転支援システム(アイサイト)との動作確認済み<br>但し全ての衝突事故を回避できるシステムではありませんので予めご了承ください,26000,20800,3000
スバル,レガシィアウトバック,BR9,11/05～12/05,2.5i Sパッケージ,リア,23800,,85322,365085,DIXCEL,ブレーキパッド,RD,材質:シンタードメタリック<br>有効温度内平均摩擦係数:0.55～0.60,運転支援システム(アイサイト)との動作確認済み<br>但し全ての衝突事故を回避できるシステムではありませんので予めご了承ください,26000,20800,3000
スバル,レガシィアウトバック,BRF,09/06～12/05,3.6R(A～C型)(アイサイト含む),リア,23800,,98157,365085,DIXCEL,ブレーキパッド,RD,材質:シンタードメタリック<br>有効温度内平均摩擦係数:0.55～0.60,運転支援システム(アイサイト)との動作確認済み<br>但し全ての衝突事故を回避できるシステムではありませんので予めご了承ください,26000,20800,3000
スバル,レガシィアウトバック,BRF,12/05～14/10,3.6R ,リア,23800,,78868,365085,DIXCEL,ブレーキパッド,RD,材質:シンタードメタリック<br>有効温度内平均摩擦係数:0.55～0.60,運転支援システム(アイサイト)との動作確認済み<br>但し全ての衝突事故を回避できるシステムではありませんので予めご了承ください,26000,20800,3000
スバル,レガシィセダン/レガシィB4,BC2/BC3,89/2～93/9,リア:ディスク,リア,23800,,123131,365040,DIXCEL,ブレーキパッド,RD,材質:シンタードメタリック<br>有効温度内平均摩擦係数:0.55～0.60,,26000,20800,3000
スバル,レガシィセダン/レガシィB4,BC4,89/2～93/9,,リア,23800,,103607,365040,DIXCEL,ブレーキパッド,RD,材質:シンタードメタリック<br>有効温度内平均摩擦係数:0.55～0.60,,26000,20800,3000
スバル,レガシィセダン/レガシィB4,BC5,89/2～93/9,15インチホイール,リア,23800,,97016,365040,DIXCEL,ブレーキパッド,RD,材質:シンタードメタリック<br>有効温度内平均摩擦係数:0.55～0.60,,26000,20800,3000
スバル,レガシィセダン/レガシィB4,BC5,89/2～93/9,,リア,23800,,103608,365040,DIXCEL,ブレーキパッド,RD,材質:シンタードメタリック<br>有効温度内平均摩擦係数:0.55～0.60,,26000,20800,3000
スバル,レガシィセダン/レガシィB4,BD2/BD3/BD4,93/9～96/6,リア:ディスク,リア,23800,,97017,365040,DIXCEL,ブレーキパッド,RD,材質:シンタードメタリック<br>有効温度内平均摩擦係数:0.55～0.60,,26000,20800,3000
スバル,レガシィセダン/レガシィB4,BD2/BD3/BD4,96/6～98/12,リア:ディスク,リア,23800,,77610,365040,DIXCEL,ブレーキパッド,RD,材質:シンタードメタリック<br>有効温度内平均摩擦係数:0.55～0.60,,26000,20800,3000
スバル,レガシィセダン/レガシィB4,BD5,93/9～96/6,GT/RS(ターボ),リア,23800,,83759,365040,DIXCEL,ブレーキパッド,RD,材質:シンタードメタリック<br>有効温度内平均摩擦係数:0.55～0.60,,26000,20800,3000
スバル,レガシィセダン/レガシィB4,BD5,93/9～96/6,TX/ブライトン(NA・SOHC),リア,23800,,97018,365040,DIXCEL,ブレーキパッド,RD,材質:シンタードメタリック<br>有効温度内平均摩擦係数:0.55～0.60,,26000,20800,3000
スバル,レガシィセダン/レガシィB4,BD5,93/9～98/12,TS-R,リア,23800,,116469,365040,DIXCEL,ブレーキパッド,RD,材質:シンタードメタリック<br>有効温度内平均摩擦係数:0.55～0.60,,26000,20800,3000
スバル,レガシィセダン/レガシィB4,BD5,93/9～98/12,TS-R 16インチホイール,リア,23800,,83758,365040,DIXCEL,ブレーキパッド,RD,材質:シンタードメタリック<br>有効温度内平均摩擦係数:0.55～0.60,,26000,20800,3000
スバル,レガシィセダン/レガシィB4,BD5,96/6～98/12,GT/RS(ターボ),リア,23800,,97019,365040,DIXCEL,ブレーキパッド,RD,材質:シンタードメタリック<br>有効温度内平均摩擦係数:0.55～0.60,,26000,20800,3000
スバル,レガシィセダン/レガシィB4,BD5,96/6～98/12,TX/ブライトン(NA・SOHC),リア,23800,,77611,365040,DIXCEL,ブレーキパッド,RD,材質:シンタードメタリック<br>有効温度内平均摩擦係数:0.55～0.60,,26000,20800,3000
スバル,レガシィセダン/レガシィB4,BD9,94/10～96/6,,リア,23800,,90452,365040,DIXCEL,ブレーキパッド,RD,材質:シンタードメタリック<br>有効温度内平均摩擦係数:0.55～0.60,,26000,20800,3000
スバル,レガシィセダン/レガシィB4,BD9,96/6～98/12,,リア,23800,,98154,365040,DIXCEL,ブレーキパッド,RD,材質:シンタードメタリック<br>有効温度内平均摩擦係数:0.55～0.60,,26000,20800,3000
スバル,レガシィセダン/レガシィB4,BE5,01/02～02/03,ブリッツェン<br>2001年モデル,リア,23800,,111460,365084,DIXCEL,ブレーキパッド,RD,材質:シンタードメタリック<br>有効温度内平均摩擦係数:0.55～0.60,,26000,20800,3000
スバル,レガシィセダン/レガシィB4,BE5,02/03～03/06,ブリッツェン<br>2002年モデル,リア,23800,,79142,365084,DIXCEL,ブレーキパッド,RD,材質:シンタードメタリック<br>有効温度内平均摩擦係数:0.55～0.60,,26000,20800,3000
スバル,レガシィセダン/レガシィB4,BE5,02/11～03/04,B4 RSK,リア,23800,,124655,365084,DIXCEL,ブレーキパッド,RD,材質:シンタードメタリック<br>有効温度内平均摩擦係数:0.55～0.60,フロント4POTキャリパー(通称「赤キャリ」)換装車は品番:361074を使用して下さい,26000,20800,3000
スバル,レガシィセダン/レガシィB4,BE5,98/12～03/04,B4 RS/S(NA),リア,23800,,105094,365084,DIXCEL,ブレーキパッド,RD,材質:シンタードメタリック<br>有効温度内平均摩擦係数:0.55～0.60,フロント4POTキャリパー(通称「赤キャリ」)換装車は品番:361074を使用して下さい,26000,20800,3000
スバル,レガシィセダン/レガシィB4,BE5,98/12～03/04,B4 RSK,リア,23800,,91969,365084,DIXCEL,ブレーキパッド,RD,材質:シンタードメタリック<br>有効温度内平均摩擦係数:0.55～0.60,フロント4POTキャリパー(通称「赤キャリ」)換装車は品番:361074を使用して下さい,26000,20800,3000
スバル,レガシィセダン/レガシィB4,BE9,01/06～03/06,RS25,リア,23800,,118013,365084,DIXCEL,ブレーキパッド,RD,材質:シンタードメタリック<br>有効温度内平均摩擦係数:0.55～0.60,,26000,20800,3000
スバル,レガシィセダン/レガシィB4,BEE,02/02～03/06,ブリッツェン 6/RS30,リア,23800,,85319,365084,DIXCEL,ブレーキパッド,RD,材質:シンタードメタリック<br>有効温度内平均摩擦係数:0.55～0.60,,26000,20800,3000
スバル,レガシィセダン/レガシィB4,BES,02/10～03/06,S401,リア,23800,,118002,325499,DIXCEL,ブレーキパッド,RD,材質:シンタードメタリック<br>有効温度内平均摩擦係数:0.55～0.60,,26000,20800,3000
スバル,レガシィセダン/レガシィB4,BL5,03/06～09/05,2.0GT STi(ブレンボ),リア,23800,,79124,325499,DIXCEL,ブレーキパッド,RD,材質:シンタードメタリック<br>有効温度内平均摩擦係数:0.55～0.60,,26000,20800,3000
スバル,レガシィセダン/レガシィB4,BL5,03/06～09/05,2.0GT/スペックB,リア,23800,,91970,365084,DIXCEL,ブレーキパッド,RD,材質:シンタードメタリック<br>有効温度内平均摩擦係数:0.55～0.60,,26000,20800,3000
スバル,レガシィセダン/レガシィB4,BL5,03/06～09/05,2.0i ,リア,23800,,85327,365089,DIXCEL,ブレーキパッド,RD,材質:シンタードメタリック<br>有効温度内平均摩擦係数:0.55～0.60,,26000,20800,3000
スバル,レガシィセダン/レガシィB4,BL5,03/06～09/05,2.0R ,リア,23800,,104813,365089,DIXCEL,ブレーキパッド,RD,材質:シンタードメタリック<br>有効温度内平均摩擦係数:0.55～0.60,,26000,20800,3000
スバル,レガシィセダン/レガシィB4,BL5,03/06～09/05,ブリッツェン 2005/2006,リア,23800,,85320,365084,DIXCEL,ブレーキパッド,RD,材質:シンタードメタリック<br>有効温度内平均摩擦係数:0.55～0.60,,26000,20800,3000
スバル,レガシィセダン/レガシィB4,BL9,07/11～09/05,2.5i,リア,23800,,98167,365089,DIXCEL,ブレーキパッド,RD,材質:シンタードメタリック<br>有効温度内平均摩擦係数:0.55～0.60,,26000,20800,3000
スバル,レガシィセダン/レガシィB4,BL9,07/11～09/05,2.5i SIクルーズ,リア,23800,,105095,365084,DIXCEL,ブレーキパッド,RD,材質:シンタードメタリック<br>有効温度内平均摩擦係数:0.55～0.60,,26000,20800,3000
スバル,レガシィセダン/レガシィB4,BL9改,08/06～09/05,S402,リア,23800,,79125,325499,DIXCEL,ブレーキパッド,RD,材質:シンタードメタリック<br>有効温度内平均摩擦係数:0.55～0.60,,26000,20800,3000
スバル,レガシィセダン/レガシィB4,BLE,03/09～09/05,3.0R/スペックB/SIクルーズ,リア,23800,,124656,365084,DIXCEL,ブレーキパッド,RD,材質:シンタードメタリック<br>有効温度内平均摩擦係数:0.55～0.60,,26000,20800,3000
スバル,レガシィセダン/レガシィB4,BM9,09/05～10/04,2.5i Lパッケージリミテッド(A型のみ),リア,23800,,124378,365089,DIXCEL,ブレーキパッド,RD,材質:シンタードメタリック<br>有効温度内平均摩擦係数:0.55～0.60,運転支援システム(アイサイト)との動作確認済み<br>但し全ての衝突事故を回避できるシステムではありませんので予めご了承ください,26000,20800,3000
スバル,レガシィセダン/レガシィB4,BM9,09/05～10/04,2.5i Sパッケージ A型,リア,23800,,111463,365089,DIXCEL,ブレーキパッド,RD,材質:シンタードメタリック<br>有効温度内平均摩擦係数:0.55～0.60,運転支援システム(アイサイト)との動作確認済み<br>但し全ての衝突事故を回避できるシステムではありませんので予めご了承ください,26000,20800,3000
スバル,レガシィセダン/レガシィB4,BM9,09/05～10/04,2.5i Sパッケージリミテッド(A型のみ),リア,23800,,98158,365085,DIXCEL,ブレーキパッド,RD,材質:シンタードメタリック<br>有効温度内平均摩擦係数:0.55～0.60,運転支援システム(アイサイト)との動作確認済み<br>但し全ての衝突事故を回避できるシステムではありませんので予めご了承ください,26000,20800,3000
スバル,レガシィセダン/レガシィB4,BM9,09/05～10/04,2.5i/2.5i Lパッケージ A型,リア,23800,,98168,365089,DIXCEL,ブレーキパッド,RD,材質:シンタードメタリック<br>有効温度内平均摩擦係数:0.55～0.60,運転支援システム(アイサイト)との動作確認済み<br>但し全ての衝突事故を回避できるシステムではありませんので予めご了承ください,26000,20800,3000
スバル,レガシィセダン/レガシィB4,BM9,09/05～12/04,2.5GT A～C型(アイサイト含む),リア,23800,,124373,365085,DIXCEL,ブレーキパッド,RD,材質:シンタードメタリック<br>有効温度内平均摩擦係数:0.55～0.60,運転支援システム(アイサイト)との動作確認済み<br>但し全ての衝突事故を回避できるシステムではありませんので予めご了承ください,26000,20800,3000
スバル,レガシィセダン/レガシィB4,BM9,10/05～11/05,2.5i アイサイト スポーツセレクション B型,リア,23800,,118016,365085,DIXCEL,ブレーキパッド,RD,材質:シンタードメタリック<br>有効温度内平均摩擦係数:0.55～0.60,運転支援システム(アイサイト)との動作確認済み<br>但し全ての衝突事故を回避できるシステムではありませんので予めご了承ください,26000,20800,3000
スバル,レガシィセダン/レガシィB4,BM9,10/05～12/04,2.5i Sスタイル B～C型 ,リア,23800,,124379,365089,DIXCEL,ブレーキパッド,RD,材質:シンタードメタリック<br>有効温度内平均摩擦係数:0.55～0.60,運転支援システム(アイサイト)との動作確認済み<br>但し全ての衝突事故を回避できるシステムではありませんので予めご了承ください,26000,20800,3000
スバル,レガシィセダン/レガシィB4,BM9,10/05～12/04,2.5i Sパッケージ B～C型(アイサイト含む),リア,23800,,124372,365085,DIXCEL,ブレーキパッド,RD,材質:シンタードメタリック<br>有効温度内平均摩擦係数:0.55～0.60,運転支援システム(アイサイト)との動作確認済み<br>但し全ての衝突事故を回避できるシステムではありませんので予めご了承ください,26000,20800,3000
スバル,レガシィセダン/レガシィB4,BM9,10/05～12/04,2.5i アイサイト B～C型 ,リア,23800,,98169,365089,DIXCEL,ブレーキパッド,RD,材質:シンタードメタリック<br>有効温度内平均摩擦係数:0.55～0.60,運転支援システム(アイサイト)との動作確認済み<br>但し全ての衝突事故を回避できるシステムではありませんので予めご了承ください,26000,20800,3000
スバル,レガシィセダン/レガシィB4,BM9,10/05～12/04,2.5i/2.5i Lパッケージ B～C型 ,リア,23800,,78869,365089,DIXCEL,ブレーキパッド,RD,材質:シンタードメタリック<br>有効温度内平均摩擦係数:0.55～0.60,運転支援システム(アイサイト)との動作確認済み<br>但し全ての衝突事故を回避できるシステムではありませんので予めご了承ください,26000,20800,3000
スバル,レガシィセダン/レガシィB4,BM9,12/05～,2.5GT ,リア,23800,,104811,365085,DIXCEL,ブレーキパッド,RD,材質:シンタードメタリック<br>有効温度内平均摩擦係数:0.55～0.60,運転支援システム(アイサイト)との動作確認済み<br>但し全ての衝突事故を回避できるシステムではありませんので予めご了承ください,26000,20800,3000
スバル,レガシィセダン/レガシィB4,BMG,12/05～14/10,2.0 GT DIT ,リア,23800,,98159,365085,DIXCEL,ブレーキパッド,RD,材質:シンタードメタリック<br>有効温度内平均摩擦係数:0.55～0.60,運転支援システム(アイサイト)との動作確認済み<br>但し全ての衝突事故を回避できるシステムではありませんので予めご了承ください,26000,20800,3000
トヨタ,86,ZN6,12/04～,GT,リア,23800,,104807,365085,DIXCEL,ブレーキパッド,RD,材質:シンタードメタリック<br>有効温度内平均摩擦係数:0.55～0.60,,26000,20800,3000
トヨタ,86,ZN6,12/04～,GTリミテッド,リア,23800,,104808,365085,DIXCEL,ブレーキパッド,RD,材質:シンタードメタリック<br>有効温度内平均摩擦係数:0.55～0.60,GTリミテッド フロントは標準でサーキット対応のスポーツパッドが採用,26000,20800,3000
トヨタ,86,ZN6,12/04～,RC/G リア:ソリッドディスク,リア,23800,,98160,365089,DIXCEL,ブレーキパッド,RD,材質:シンタードメタリック<br>有効温度内平均摩擦係数:0.55～0.60,,26000,20800,3000
トヨタ,86,ZN6,12/04～,RC/G リア:ベンチディスク,リア,23800,,104806,365085,DIXCEL,ブレーキパッド,RD,材質:シンタードメタリック<br>有効温度内平均摩擦係数:0.55～0.60,,26000,20800,3000
トヨタ,86,ZN6,12/04～,レーシング(GAZOO ONE MAKE RACE 車両),リア,23800,,111461,365085,DIXCEL,ブレーキパッド,RD,材質:シンタードメタリック<br>有効温度内平均摩擦係数:0.55～0.60,,26000,20800,3000
トヨタ,86,ZN6,17/02～,GTリミテッド,リア,23800,,92524,325499,DIXCEL,ブレーキパッド,RD,材質:シンタードメタリック<br>有効温度内平均摩擦係数:0.55～0.60,GTリミテッド フロントは標準でサーキット対応のスポーツパッドが採用,26000,20800,3000
トヨタ,86,ZN6,17/09～,GT,リア,23800,,86239,325499,DIXCEL,ブレーキパッド,RD,材質:シンタードメタリック<br>有効温度内平均摩擦係数:0.55～0.60,,26000,20800,3000
トヨタ,86,ZN6,17/09～,GTリミテッド,リア,23800,,79699,325499,DIXCEL,ブレーキパッド,RD,材質:シンタードメタリック<br>有効温度内平均摩擦係数:0.55～0.60,GTリミテッド フロントは標準でサーキット対応のスポーツパッドが採用,26000,20800,3000
トヨタ,86,ZN6,17/09～,RC/G,リア,23800,,99092,325499,DIXCEL,ブレーキパッド,RD,材質:シンタードメタリック<br>有効温度内平均摩擦係数:0.55～0.60,,26000,20800,3000
トヨタ,MR2,AW10/AW11,84/6～89/12,,リア,23800,,79693,315086,DIXCEL,ブレーキパッド,RD,材質:シンタードメタリック<br>有効温度内平均摩擦係数:0.55～0.60,,26000,20800,3000
トヨタ,MR2,SW20,89/12～91/12,1型,リア,23800,,105646,315086,DIXCEL,ブレーキパッド,RD,材質:シンタードメタリック<br>有効温度内平均摩擦係数:0.55～0.60,,26000,20800,3000
トヨタ,MR2,SW20,91/12～99/12,2/3/4/5型,リア,23800,,92518,315086,DIXCEL,ブレーキパッド,RD,材質:シンタードメタリック<br>有効温度内平均摩擦係数:0.55～0.60,,26000,20800,3000
トヨタ,MR-S,ZZW30,99/10～,,リア,23800,,112338,315086,DIXCEL,ブレーキパッド,RD,材質:シンタードメタリック<br>有効温度内平均摩擦係数:0.55～0.60,,26000,20800,3000
トヨタ,カローラ/スプリンター/スプリンターセダン,AE101,91/6～95/5,GT,リア,23800,,86236,315096,DIXCEL,ブレーキパッド,RD,材質:シンタードメタリック<br>有効温度内平均摩擦係数:0.55～0.60,,26000,20800,3000
トヨタ,カローラ/スプリンター/スプリンターセダン,AE111,95/5～00/08,GT(エンジン型式:4AGE),リア,23800,,125237,315096,DIXCEL,ブレーキパッド,RD,材質:シンタードメタリック<br>有効温度内平均摩擦係数:0.55～0.60,,26000,20800,3000
トヨタ,カローラ/スプリンター/スプリンターセダン,AE82,83/5～87/5,GT,リア,23800,,112339,315096,DIXCEL,ブレーキパッド,RD,材質:シンタードメタリック<br>有効温度内平均摩擦係数:0.55～0.60,,26000,20800,3000
トヨタ,カローラ/スプリンター/スプリンターセダン,AE91,87/5～92/5,リア:ディスク,リア,23800,,112340,315096,DIXCEL,ブレーキパッド,RD,材質:シンタードメタリック<br>有効温度内平均摩擦係数:0.55～0.60,,26000,20800,3000
トヨタ,カローラ/スプリンター/スプリンターセダン,AE92,87/5～92/5,,リア,23800,,125236,315096,DIXCEL,ブレーキパッド,RD,材質:シンタードメタリック<br>有効温度内平均摩擦係数:0.55～0.60,,26000,20800,3000
トヨタ,カローラ/スプリンターワゴン,AE101G,91/8～02/06,BZ ツーリング,リア,23800,,99087,315096,DIXCEL,ブレーキパッド,RD,材質:シンタードメタリック<br>有効温度内平均摩擦係数:0.55～0.60,,26000,20800,3000
トヨタ,カローラII/ターセル/コルサ,EL31,86/5～90/9,ターボ,リア,23800,,99088,315132,DIXCEL,ブレーキパッド,RD,材質:シンタードメタリック<br>有効温度内平均摩擦係数:0.55～0.60,,26000,20800,3000
トヨタ,カローラセレス/スプリンターマリノ,AE101,92/5～98/8,G(エンジン型式:4A-GE),リア,23800,,118916,315096,DIXCEL,ブレーキパッド,RD,材質:シンタードメタリック<br>有効温度内平均摩擦係数:0.55～0.60,,26000,20800,3000
トヨタ,サイノス,EL44,91/1～95/8,リア:ディスク,リア,23800,,105647,315132,DIXCEL,ブレーキパッド,RD,材質:シンタードメタリック<br>有効温度内平均摩擦係数:0.55～0.60,,26000,20800,3000
トヨタ,スターレット,EP82,89/12～96/1,(ターボ),リア,23800,,79694,315132,DIXCEL,ブレーキパッド,RD,材質:シンタードメタリック<br>有効温度内平均摩擦係数:0.55～0.60,,26000,20800,3000
トヨタ,スターレット,EP91,96/1～99/7,(ターボ),リア,23800,,112341,315132,DIXCEL,ブレーキパッド,RD,材質:シンタードメタリック<br>有効温度内平均摩擦係数:0.55～0.60,,26000,20800,3000
トヨタ,スプリンターカリブ,AE111G,96/5～02/07,リア:ディスク,リア,23800,,118917,315096,DIXCEL,ブレーキパッド,RD,材質:シンタードメタリック<br>有効温度内平均摩擦係数:0.55～0.60,,26000,20800,3000
トヨタ,セラ,EXY10,90/3～95/12,リア:ディスク,リア,23800,,86237,315132,DIXCEL,ブレーキパッド,RD,材質:シンタードメタリック<br>有効温度内平均摩擦係数:0.55～0.60,,26000,20800,3000
日産,180SX,RPS13/KRPS13,91/1～99/2,,リア,23800,,120770,325198,DIXCEL,ブレーキパッド,RD,材質:シンタードメタリック<br>有効温度内平均摩擦係数:0.55～0.60,,26000,20800,3000
日産,180SX,RS13/KRS13,89/2～91/1,,リア,23800,,81358,325198,DIXCEL,ブレーキパッド,RD,材質:シンタードメタリック<br>有効温度内平均摩擦係数:0.55～0.60,,26000,20800,3000
日産,シーマ,FPY31/FPAY31,88/2～91/8,,リア,23800,,121112,325094,DIXCEL,ブレーキパッド,RD,材質:シンタードメタリック<br>有効温度内平均摩擦係数:0.55～0.60,,26000,20800,3000
日産,シルビア,PS13/KPS13,91/1～93/10,NA ハイキャス付,リア,23800,,88440,325198,DIXCEL,ブレーキパッド,RD,材質:シンタードメタリック<br>有効温度内平均摩擦係数:0.55～0.60,,26000,20800,3000
日産,シルビア,PS13/KPS13,91/1～93/10,NA ハイキャス無,リア,23800,,82104,325198,DIXCEL,ブレーキパッド,RD,材質:シンタードメタリック<br>有効温度内平均摩擦係数:0.55～0.60,,26000,20800,3000
日産,シルビア,PS13/KPS13,91/1～93/10,ターボ,リア,23800,,101503,325198,DIXCEL,ブレーキパッド,RD,材質:シンタードメタリック<br>有効温度内平均摩擦係数:0.55～0.60,,26000,20800,3000
日産,シルビア,S12,83/8～88/8,ターボ,リア,23800,,88733,325198,DIXCEL,ブレーキパッド,RD,材質:シンタードメタリック<br>有効温度内平均摩擦係数:0.55～0.60,,26000,20800,3000
日産,シルビア,S13/KS13,88/5～91/1,NA&ターボ,リア,23800,,82103,325198,DIXCEL,ブレーキパッド,RD,材質:シンタードメタリック<br>有効温度内平均摩擦係数:0.55～0.60,,26000,20800,3000
日産,シルビア,S14/CS14,93/10～96/6,NA,リア,23800,,108134,325198,DIXCEL,ブレーキパッド,RD,材質:シンタードメタリック<br>有効温度内平均摩擦係数:0.55～0.60,,26000,20800,3000
日産,シルビア,S14/CS14,93/10～99/1,ターボ,リア,23800,,88441,325198,DIXCEL,ブレーキパッド,RD,材質:シンタードメタリック<br>有効温度内平均摩擦係数:0.55～0.60,,26000,20800,3000
日産,シルビア,S14/CS14,96/6～99/1,NA,リア,23800,,108135,325198,DIXCEL,ブレーキパッド,RD,材質:シンタードメタリック<br>有効温度内平均摩擦係数:0.55～0.60,,26000,20800,3000
日産,シルビア,S15,99/1～02/09,NA オーテックバージョン・6MT,リア,23800,,108136,325198,DIXCEL,ブレーキパッド,RD,材質:シンタードメタリック<br>有効温度内平均摩擦係数:0.55～0.60,,26000,20800,3000
日産,シルビア,S15,99/1～02/09,NA スペックS/ヴァリエッタ,リア,23800,,101504,325198,DIXCEL,ブレーキパッド,RD,材質:シンタードメタリック<br>有効温度内平均摩擦係数:0.55～0.60,,26000,20800,3000
日産,シルビア,S15,99/1～02/09,ターボ スペックR,リア,23800,,82105,325198,DIXCEL,ブレーキパッド,RD,材質:シンタードメタリック<br>有効温度内平均摩擦係数:0.55～0.60,,26000,20800,3000
日産,シルビア,US12,83/8～88/8,NA,リア,23800,,95278,325198,DIXCEL,ブレーキパッド,RD,材質:シンタードメタリック<br>有効温度内平均摩擦係数:0.55～0.60,,26000,20800,3000
日産,シルビア,US12,83/8～88/8,ターボ,リア,23800,,108133,325198,DIXCEL,ブレーキパッド,RD,材質:シンタードメタリック<br>有効温度内平均摩擦係数:0.55～0.60,,26000,20800,3000
日産,スカイライン,CPV35,03/01～07/10,(ブレンボ),リア,23800,,86240,325499,DIXCEL,ブレーキパッド,RD,材質:シンタードメタリック<br>有効温度内平均摩擦係数:0.55～0.60,,26000,20800,3000
日産,スカイライン,DR30,81/8～90/3,NA,リア,23800,,121402,325198,DIXCEL,ブレーキパッド,RD,材質:シンタードメタリック<br>有効温度内平均摩擦係数:0.55～0.60,,26000,20800,3000
日産,スカイライン,DR30,81/8～90/3,ターボ,リア,23800,,88731,325198,DIXCEL,ブレーキパッド,RD,材質:シンタードメタリック<br>有効温度内平均摩擦係数:0.55～0.60,,26000,20800,3000
日産,スカイライン,ECR33,93/8～98/11,NA,リア,23800,,121113,325094,DIXCEL,ブレーキパッド,RD,材質:シンタードメタリック<br>有効温度内平均摩擦係数:0.55～0.60,,26000,20800,3000
日産,スカイライン,ECR33,93/8～98/11,ターボ,リア,23800,,105649,325248,DIXCEL,ブレーキパッド,RD,材質:シンタードメタリック<br>有効温度内平均摩擦係数:0.55～0.60,,26000,20800,3000
日産,スカイライン,ENR33,93/8～98/11,GTS-4,リア,23800,,114761,325094,DIXCEL,ブレーキパッド,RD,材質:シンタードメタリック<br>有効温度内平均摩擦係数:0.55～0.60,,26000,20800,3000
日産,スカイライン,ENR34,98/6～01/06,,リア,23800,,107814,325094,DIXCEL,ブレーキパッド,RD,材質:シンタードメタリック<br>有効温度内平均摩擦係数:0.55～0.60,,26000,20800,3000
日産,スカイライン,ER32/ECR32,89/5～94/11,,リア,23800,,94964,325094,DIXCEL,ブレーキパッド,RD,材質:シンタードメタリック<br>有効温度内平均摩擦係数:0.55～0.60,,26000,20800,3000
日産,スカイライン,ER33,93/8～98/11,4ドア GTS25 タイプS/S(NA),リア,23800,,112342,325248,DIXCEL,ブレーキパッド,RD,材質:シンタードメタリック<br>有効温度内平均摩擦係数:0.55～0.60,,26000,20800,3000
日産,スカイライン,ER33,93/8～98/11,GTS25(NA),リア,23800,,108125,325094,DIXCEL,ブレーキパッド,RD,材質:シンタードメタリック<br>有効温度内平均摩擦係数:0.55～0.60,,26000,20800,3000
日産,スカイライン,ER33,93/8～98/11,ターボ,リア,23800,,79698,325248,DIXCEL,ブレーキパッド,RD,材質:シンタードメタリック<br>有効温度内平均摩擦係数:0.55～0.60,,26000,20800,3000
日産,スカイライン,ER34,98/6～01/06,NA,リア,23800,,105650,325248,DIXCEL,ブレーキパッド,RD,材質:シンタードメタリック<br>有効温度内平均摩擦係数:0.55～0.60,,26000,20800,3000
日産,スカイライン,ER34,98/6～01/06,NA,リア,23800,,108126,325094,DIXCEL,ブレーキパッド,RD,材質:シンタードメタリック<br>有効温度内平均摩擦係数:0.55～0.60,,26000,20800,3000
日産,スカイライン,ER34,98/6～01/06,ターボ,リア,23800,,105651,325248,DIXCEL,ブレーキパッド,RD,材質:シンタードメタリック<br>有効温度内平均摩擦係数:0.55～0.60,,26000,20800,3000
日産,スカイライン,HCR32,89/5～94/11,GTS(NA),リア,23800,,101501,325094,DIXCEL,ブレーキパッド,RD,材質:シンタードメタリック<br>有効温度内平均摩擦係数:0.55～0.60,,26000,20800,3000
日産,スカイライン,HCR32,89/5～94/11,GTS-t,リア,23800,,101502,325094,DIXCEL,ブレーキパッド,RD,材質:シンタードメタリック<br>有効温度内平均摩擦係数:0.55～0.60,,26000,20800,3000
日産,スカイライン,HCR32,89/5～94/11,GTS-t タイプM,リア,23800,,108785,325248,DIXCEL,ブレーキパッド,RD,材質:シンタードメタリック<br>有効温度内平均摩擦係数:0.55～0.60,,26000,20800,3000
日産,スカイライン,HNR32,89/5～94/11,GTS-4,リア,23800,,102134,325248,DIXCEL,ブレーキパッド,RD,材質:シンタードメタリック<br>有効温度内平均摩擦係数:0.55～0.60,,26000,20800,3000
日産,スカイライン,HR30,81/8～90/3,ターボ,リア,23800,,88730,325198,DIXCEL,ブレーキパッド,RD,材質:シンタードメタリック<br>有効温度内平均摩擦係数:0.55～0.60,,26000,20800,3000
日産,スカイライン,HR31,85/8～90/5,NA エンジン型式:RB20DE,リア,23800,,108123,325094,DIXCEL,ブレーキパッド,RD,材質:シンタードメタリック<br>有効温度内平均摩擦係数:0.55～0.60,,26000,20800,3000
日産,スカイライン,HR31,85/8～90/5,ターボ,リア,23800,,101500,325094,DIXCEL,ブレーキパッド,RD,材質:シンタードメタリック<br>有効温度内平均摩擦係数:0.55～0.60,,26000,20800,3000
日産,スカイライン,HR32,89/5～94/11,GTS(エンジン型式:RB20E/DE),リア,23800,,108124,325094,DIXCEL,ブレーキパッド,RD,材質:シンタードメタリック<br>有効温度内平均摩擦係数:0.55～0.60,,26000,20800,3000
日産,スカイライン,HR33,93/8～98/11,,リア,23800,,82100,325094,DIXCEL,ブレーキパッド,RD,材質:シンタードメタリック<br>有効温度内平均摩擦係数:0.55～0.60,,26000,20800,3000
日産,スカイライン,HR34,98/6～01/06,,リア,23800,,88439,325094,DIXCEL,ブレーキパッド,RD,材質:シンタードメタリック<br>有効温度内平均摩擦係数:0.55～0.60,,26000,20800,3000
日産,スカイライン,HV37/HNV37,14/02～,タイプSP フロント:4ポット・355x32mmディスク,リア,23800,,92523,325469,DIXCEL,ブレーキパッド,RD,材質:シンタードメタリック<br>有効温度内平均摩擦係数:0.55～0.60,,26000,20800,3000
日産,スカイラインGT-R,BCNR33,95/1～99/1,,リア,23800,,112343,325499,DIXCEL,ブレーキパッド,RD,材質:シンタードメタリック<br>有効温度内平均摩擦係数:0.55～0.60,,26000,20800,3000
日産,スカイラインGT-R,BNR32,89/8～95/1,標準車,リア,23800,,102135,325248,DIXCEL,ブレーキパッド,RD,材質:シンタードメタリック<br>有効温度内平均摩擦係数:0.55～0.60,,26000,20800,3000
日産,スカイラインGT-R,BNR32,93/2～95/1,Vスペック,リア,23800,,92525,325499,DIXCEL,ブレーキパッド,RD,材質:シンタードメタリック<br>有効温度内平均摩擦係数:0.55～0.60,,26000,20800,3000
日産,スカイラインGT-R,BNR34,99/1～02/09,,リア,23800,,79700,325499,DIXCEL,ブレーキパッド,RD,材質:シンタードメタリック<br>有効温度内平均摩擦係数:0.55～0.60,,26000,20800,3000
日産,スカイラインクーペ,CKV36,07/10～14/11,タイプS/SP フロント:355x32mmディスク,リア,23800,,86238,325469,DIXCEL,ブレーキパッド,RD,材質:シンタードメタリック<br>有効温度内平均摩擦係数:0.55～0.60,,26000,20800,3000
日産,ステージア,AWC34/WGNC34改,97/10～01/12,エンジン型式:RB26DETT 260RS,リア,23800,,85775,325499,DIXCEL,ブレーキパッド,RD,材質:シンタードメタリック<br>有効温度内平均摩擦係数:0.55～0.60,,26000,20800,3000
日産,ステージア,WGC34,96/9～01/12,NA,リア,23800,,81817,325094,DIXCEL,ブレーキパッド,RD,材質:シンタードメタリック<br>有効温度内平均摩擦係数:0.55～0.60,,26000,20800,3000
日産,ステージア,WGNC34,96/9～01/12,NA,リア,23800,,101185,325094,DIXCEL,ブレーキパッド,RD,材質:シンタードメタリック<br>有効温度内平均摩擦係数:0.55～0.60,,26000,20800,3000
日産,ステージア,WGNC34,96/9～98/8,ターボ,リア,23800,,94655,325094,DIXCEL,ブレーキパッド,RD,材質:シンタードメタリック<br>有効温度内平均摩擦係数:0.55～0.60,,26000,20800,3000
日産,ステージア,WHC34,96/9～01/12,,リア,23800,,94654,325094,DIXCEL,ブレーキパッド,RD,材質:シンタードメタリック<br>有効温度内平均摩擦係数:0.55～0.60,,26000,20800,3000
日産,セドリック/グロリア,HY33,95/6～99/6,NA,リア,23800,,99090,325094,DIXCEL,ブレーキパッド,RD,材質:シンタードメタリック<br>有効温度内平均摩擦係数:0.55～0.60,,26000,20800,3000
日産,セドリック/グロリア,HY34,99/6～04/10,NA,リア,23800,,105648,325094,DIXCEL,ブレーキパッド,RD,材質:シンタードメタリック<br>有効温度内平均摩擦係数:0.55～0.60,,26000,20800,3000
日産,セドリック/グロリア,MY34,99/6～04/10,,リア,23800,,79697,325094,DIXCEL,ブレーキパッド,RD,材質:シンタードメタリック<br>有効温度内平均摩擦係数:0.55～0.60,,26000,20800,3000
日産,セドリック/グロリア,PY30,83/6～85/6,ターボ,リア,23800,,99089,325094,DIXCEL,ブレーキパッド,RD,材質:シンタードメタリック<br>有効温度内平均摩擦係数:0.55～0.60,,26000,20800,3000
日産,セドリック/グロリア,PY30,85/6～87/6,NA,リア,23800,,79695,325094,DIXCEL,ブレーキパッド,RD,材質:シンタードメタリック<br>有効温度内平均摩擦係数:0.55～0.60,,26000,20800,3000
日産,セドリック/グロリア,PY30,85/6～87/6,ターボ,リア,23800,,92520,325094,DIXCEL,ブレーキパッド,RD,材質:シンタードメタリック<br>有効温度内平均摩擦係数:0.55～0.60,,26000,20800,3000
日産,セドリック/グロリア,PY32,91/6～93/6,NA・エンジン型式:VG30E・SOHC<br>ブロアム/グランツーリスモ/グランツーリスモS,リア,23800,,125239,325094,DIXCEL,ブレーキパッド,RD,材質:シンタードメタリック<br>有効温度内平均摩擦係数:0.55～0.60,,26000,20800,3000
日産,セドリック/グロリア,PY32,91/6～95/6,(NA・エンジン型式:VG30DE・DOHC),リア,23800,,118918,325094,DIXCEL,ブレーキパッド,RD,材質:シンタードメタリック<br>有効温度内平均摩擦係数:0.55～0.60,,26000,20800,3000
日産,セドリック/グロリア,PY32,91/6～95/6,NA・エンジン型式:VG30E・SOHC<br>クラシック/ブロアムJ,リア,23800,,125238,325094,DIXCEL,ブレーキパッド,RD,材質:シンタードメタリック<br>有効温度内平均摩擦係数:0.55～0.60,,26000,20800,3000
日産,セドリック/グロリア,UY32,91/6～95/6,,リア,23800,,92522,325094,DIXCEL,ブレーキパッド,RD,材質:シンタードメタリック<br>有効温度内平均摩擦係数:0.55～0.60,,26000,20800,3000
日産,セドリック/グロリア,Y30/HY30/UY30/WY30/WHY30/WUY30,85/6～99/6,リア:ディスク,リア,23800,,92519,325094,DIXCEL,ブレーキパッド,RD,材質:シンタードメタリック<br>有効温度内平均摩擦係数:0.55～0.60,,26000,20800,3000
日産,セドリック/グロリア,Y31/CY31/UY31/CUY31/UJY31/PY31/PAY31,87/6～91/6,リア:ディスク,リア,23800,,79696,325094,DIXCEL,ブレーキパッド,RD,材質:シンタードメタリック<br>有効温度内平均摩擦係数:0.55～0.60,,26000,20800,3000
日産,セドリック/グロリア,Y32,91/6～95/6,,リア,23800,,92521,325094,DIXCEL,ブレーキパッド,RD,材質:シンタードメタリック<br>有効温度内平均摩擦係数:0.55～0.60,,26000,20800,3000
日産,セドリック/グロリア,Y33/MY33/PY33,95/6～99/6,,リア,23800,,125240,325094,DIXCEL,ブレーキパッド,RD,材質:シンタードメタリック<br>有効温度内平均摩擦係数:0.55～0.60,,26000,20800,3000
日産,セフィーロ,A31/CA31/LA31/LCA31,88/9～94/8,NA・エンジン型式:RB20DE,リア,23800,,88729,325094,DIXCEL,ブレーキパッド,RD,材質:シンタードメタリック<br>有効温度内平均摩擦係数:0.55～0.60,,26000,20800,3000
日産,セフィーロ,A31/CA31/LA31/LCA31,88/9～94/8,NA・エンジン型式:RB20E,リア,23800,,121399,325094,DIXCEL,ブレーキパッド,RD,材質:シンタードメタリック<br>有効温度内平均摩擦係数:0.55～0.60,,26000,20800,3000
日産,セフィーロ,A31/CA31/LA31/LCA31,88/9～94/8,ターボ,リア,23800,,101499,325094,DIXCEL,ブレーキパッド,RD,材質:シンタードメタリック<br>有効温度内平均摩擦係数:0.55～0.60,,26000,20800,3000
日産,セフィーロ,NA31/LNA31/EA31/ECA31,88/9～94/8,,リア,23800,,121111,325094,DIXCEL,ブレーキパッド,RD,材質:シンタードメタリック<br>有効温度内平均摩擦係数:0.55～0.60,,26000,20800,3000
日産,ノートニスモS,E12改,14/10～,NISMO S,リア,23800,,124381,375131,DIXCEL,ブレーキパッド,RD,材質:シンタードメタリック<br>有効温度内平均摩擦係数:0.55～0.60,,26000,20800,3000
日産,ハイパーミニ,EA0,99/9～03/03,,リア,23800,,108127,325198,DIXCEL,ブレーキパッド,RD,材質:シンタードメタリック<br>有効温度内平均摩擦係数:0.55～0.60,,26000,20800,3000
日産,フーガ,KY51,09/11～,GT タイプS(4WAS),リア,23800,,105652,325469,DIXCEL,ブレーキパッド,RD,材質:シンタードメタリック<br>有効温度内平均摩擦係数:0.55～0.60,,26000,20800,3000
日産,フェアレディZ,HZ31/HGZ31,83/9～86/10,,リア,23800,,101788,325198,DIXCEL,ブレーキパッド,RD,材質:シンタードメタリック<br>有効温度内平均摩擦係数:0.55～0.60,,26000,20800,3000
日産,フェアレディZ,HZ31/HGZ31,86/10～89/7,,リア,23800,,121401,325198,DIXCEL,ブレーキパッド,RD,材質:シンタードメタリック<br>有効温度内平均摩擦係数:0.55～0.60,,26000,20800,3000
日産,フェアレディZ,RZ31/RGZ31,86/10～89/7,,リア,23800,,82101,325198,DIXCEL,ブレーキパッド,RD,材質:シンタードメタリック<br>有効温度内平均摩擦係数:0.55～0.60,,26000,20800,3000
日産,フェアレディZ,Z31/GZ31/PZ31/PGZ31,83/9～89/7,,リア,23800,,101787,325198,DIXCEL,ブレーキパッド,RD,材質:シンタードメタリック<br>有効温度内平均摩擦係数:0.55～0.60,,26000,20800,3000
日産,フェアレディZ,Z32/GZ32/HZ32/CZ32/GCZ32,89/7～02/08,,リア,23800,,115402,325248,DIXCEL,ブレーキパッド,RD,材質:シンタードメタリック<br>有効温度内平均摩擦係数:0.55～0.60,,26000,20800,3000
日産,フェアレディZ,Z33/HZ33,02/08～08/12,バージョンS/ST/ニスモ(ブレンボ),リア,23800,,125241,325499,DIXCEL,ブレーキパッド,RD,材質:シンタードメタリック<br>有効温度内平均摩擦係数:0.55～0.60,,26000,20800,3000
日産,フェアレディZ,Z34/HZ34,08/12～,バージョンS/ST/ニスモ フロント:4POT/リア:2POT,リア,23800,,99091,325469,DIXCEL,ブレーキパッド,RD,材質:シンタードメタリック<br>有効温度内平均摩擦係数:0.55～0.60,,26000,20800,3000
日産,プリメーラ/プリメーラカミノ,HP10/FHP10,90/2～96/11,,リア,23800,,108132,325198,DIXCEL,ブレーキパッド,RD,材質:シンタードメタリック<br>有効温度内平均摩擦係数:0.55～0.60,,26000,20800,3000
日産,プリメーラ/プリメーラカミノ,P10,92/9～95/9,エンジン型式:SR18DE ABS付,リア,23800,,82102,325198,DIXCEL,ブレーキパッド,RD,材質:シンタードメタリック<br>有効温度内平均摩擦係数:0.55～0.60,,26000,20800,3000
日産,ブルーバード,ENU12,87/9～91/8,ABS付,リア,23800,,121400,325198,DIXCEL,ブレーキパッド,RD,材質:シンタードメタリック<br>有効温度内平均摩擦係数:0.55～0.60,,26000,20800,3000
日産,ブルーバード,EU12,87/9～91/8,ABS付,リア,23800,,82442,325198,DIXCEL,ブレーキパッド,RD,材質:シンタードメタリック<br>有効温度内平均摩擦係数:0.55～0.60,,26000,20800,3000
日産,ブルーバード,HNU12,87/9～91/8,NA,リア,23800,,115056,325198,DIXCEL,ブレーキパッド,RD,材質:シンタードメタリック<br>有効温度内平均摩擦係数:0.55～0.60,,26000,20800,3000
日産,ブルーバード,HNU12,87/9～91/8,ターボ,リア,23800,,95276,325198,DIXCEL,ブレーキパッド,RD,材質:シンタードメタリック<br>有効温度内平均摩擦係数:0.55～0.60,,26000,20800,3000
日産,ブルーバード,HU12,87/9～91/8,,リア,23800,,101786,325198,DIXCEL,ブレーキパッド,RD,材質:シンタードメタリック<br>有効温度内平均摩擦係数:0.55～0.60,,26000,20800,3000
日産,ブルーバード,RNU12,87/9～91/8,エンジン型式:CA18D/Di(NA・DOHC),リア,23800,,75902,325198,DIXCEL,ブレーキパッド,RD,材質:シンタードメタリック<br>有効温度内平均摩擦係数:0.55～0.60,,26000,20800,3000
日産,ブルーバード,RNU12,87/9～91/8,エンジン型式:CA18DT(ターボ),リア,23800,,75903,325198,DIXCEL,ブレーキパッド,RD,材質:シンタードメタリック<br>有効温度内平均摩擦係数:0.55～0.60,,26000,20800,3000
日産,ブルーバード,RU12,87/9～91/8,エンジン型式:CA18D(DOHC),リア,23800,,115055,325198,DIXCEL,ブレーキパッド,RD,材質:シンタードメタリック<br>有効温度内平均摩擦係数:0.55～0.60,,26000,20800,3000
日産,ブルーバード,U11/KU11,83/10～90/5,NA エンジン型式:CA18E,リア,23800,,100738,325198,DIXCEL,ブレーキパッド,RD,材質:シンタードメタリック<br>有効温度内平均摩擦係数:0.55～0.60,,26000,20800,3000
日産,ブルーバード,U11/KU11,83/10～90/5,ターボ,リア,23800,,120771,325198,DIXCEL,ブレーキパッド,RD,材質:シンタードメタリック<br>有効温度内平均摩擦係数:0.55～0.60,,26000,20800,3000
日産,ブルーバード,WU11,83/10～90/5,ターボ,リア,23800,,75901,325198,DIXCEL,ブレーキパッド,RD,材質:シンタードメタリック<br>有効温度内平均摩擦係数:0.55～0.60,,26000,20800,3000
日産,ブルーバードオーズィー,HAU12,91/2～91/9,,リア,23800,,115057,325198,DIXCEL,ブレーキパッド,RD,材質:シンタードメタリック<br>有効温度内平均摩擦係数:0.55～0.60,,26000,20800,3000
日産,プレーリー,HNM11,88/8～95/8,ABS付,リア,23800,,95277,325198,DIXCEL,ブレーキパッド,RD,材質:シンタードメタリック<br>有効温度内平均摩擦係数:0.55～0.60,,26000,20800,3000
日産,プレーリー,NM11,88/8～92/2,5/6/7人乗り ABS付,リア,23800,,75904,325198,DIXCEL,ブレーキパッド,RD,材質:シンタードメタリック<br>有効温度内平均摩擦係数:0.55～0.60,,26000,20800,3000
日産,プレーリー,NM11,88/8～95/8,8人乗り ABS付,リア,23800,,108131,325198,DIXCEL,ブレーキパッド,RD,材質:シンタードメタリック<br>有効温度内平均摩擦係数:0.55～0.60,,26000,20800,3000
日産,プレーリー,NM11,92/2～95/8,5/6/7人乗り ABS付,リア,23800,,88732,325198,DIXCEL,ブレーキパッド,RD,材質:シンタードメタリック<br>有効温度内平均摩擦係数:0.55～0.60,,26000,20800,3000
日産,マキシマ,J30,88/10～94/2,,リア,23800,,108130,325198,DIXCEL,ブレーキパッド,RD,材質:シンタードメタリック<br>有効温度内平均摩擦係数:0.55～0.60,,26000,20800,3000
日産,マキシマ,PU11/KPU11,84/10～88/10,,リア,23800,,108129,325198,DIXCEL,ブレーキパッド,RD,材質:シンタードメタリック<br>有効温度内平均摩擦係数:0.55～0.60,,26000,20800,3000
日産,レパード,GF31/UF31,86/2～91/12,,リア,23800,,101183,325094,DIXCEL,ブレーキパッド,RD,材質:シンタードメタリック<br>有効温度内平均摩擦係数:0.55～0.60,,26000,20800,3000
日産,レパード,JHY33,96/3～99/6,NA,リア,23800,,101184,325094,DIXCEL,ブレーキパッド,RD,材質:シンタードメタリック<br>有効温度内平均摩擦係数:0.55～0.60,,26000,20800,3000
日産,レパード,JY33/JMY33/JPY33,96/3～99/6,,リア,23800,,88066,325094,DIXCEL,ブレーキパッド,RD,材質:シンタードメタリック<br>有効温度内平均摩擦係数:0.55～0.60,,26000,20800,3000
日産,レパード,NF30,84/6～86/2,,リア,23800,,108128,325198,DIXCEL,ブレーキパッド,RD,材質:シンタードメタリック<br>有効温度内平均摩擦係数:0.55～0.60,,26000,20800,3000
日産,レパード,PF30,81/8～86/2,,リア,23800,,121403,325198,DIXCEL,ブレーキパッド,RD,材質:シンタードメタリック<br>有効温度内平均摩擦係数:0.55～0.60,,26000,20800,3000
日産,ローレル,EC33/ECC33,88/12～93/1,,リア,23800,,94651,325094,DIXCEL,ブレーキパッド,RD,材質:シンタードメタリック<br>有効温度内平均摩擦係数:0.55～0.60,,26000,20800,3000
日産,ローレル,GC32/RC32,84/10～93/4,,リア,23800,,120767,325094,DIXCEL,ブレーキパッド,RD,材質:シンタードメタリック<br>有効温度内平均摩擦係数:0.55～0.60,,26000,20800,3000
日産,ローレル,GC34/GCC34,93/1～97/6,NA,リア,23800,,120769,325094,DIXCEL,ブレーキパッド,RD,材質:シンタードメタリック<br>有効温度内平均摩擦係数:0.55～0.60,,26000,20800,3000
日産,ローレル,GC34/GCC34,93/1～97/6,ターボ,リア,23800,,114089,325094,DIXCEL,ブレーキパッド,RD,材質:シンタードメタリック<br>有効温度内平均摩擦係数:0.55～0.60,,26000,20800,3000
日産,ローレル,GC35,97/6～02/08,NA,リア,23800,,81816,325094,DIXCEL,ブレーキパッド,RD,材質:シンタードメタリック<br>有効温度内平均摩擦係数:0.55～0.60,,26000,20800,3000
日産,ローレル,GC35,97/6～98/9,ターボ,リア,23800,,94653,325094,DIXCEL,ブレーキパッド,RD,材質:シンタードメタリック<br>有効温度内平均摩擦係数:0.55～0.60,,26000,20800,3000
日産,ローレル,GC35,98/9～02/08,ターボ,リア,23800,,101181,325094,DIXCEL,ブレーキパッド,RD,材質:シンタードメタリック<br>有効温度内平均摩擦係数:0.55～0.60,,26000,20800,3000
日産,ローレル,GCC35,97/6～98/9,ターボ,リア,23800,,75262,325094,DIXCEL,ブレーキパッド,RD,材質:シンタードメタリック<br>有効温度内平均摩擦係数:0.55～0.60,,26000,20800,3000
日産,ローレル,GCC35,98/9～02/08,ターボ,リア,23800,,75263,325094,DIXCEL,ブレーキパッド,RD,材質:シンタードメタリック<br>有効温度内平均摩擦係数:0.55～0.60,,26000,20800,3000
日産,ローレル,GNC34,93/1～97/6,,リア,23800,,88065,325094,DIXCEL,ブレーキパッド,RD,材質:シンタードメタリック<br>有効温度内平均摩擦係数:0.55～0.60,,26000,20800,3000
日産,ローレル,GNC35,97/6～02/08,,リア,23800,,101182,325094,DIXCEL,ブレーキパッド,RD,材質:シンタードメタリック<br>有効温度内平均摩擦係数:0.55～0.60,,26000,20800,3000
日産,ローレル,HC33,88/12～93/1,エンジン型式:RB20DE,リア,23800,,75260,325094,DIXCEL,ブレーキパッド,RD,材質:シンタードメタリック<br>有効温度内平均摩擦係数:0.55～0.60,,26000,20800,3000
日産,ローレル,HC33,88/12～93/1,エンジン型式:RB20DET,リア,23800,,114088,325094,DIXCEL,ブレーキパッド,RD,材質:シンタードメタリック<br>有効温度内平均摩擦係数:0.55～0.60,,26000,20800,3000
日産,ローレル,HC33,88/12～93/1,エンジン型式:RB20E,リア,23800,,94650,325094,DIXCEL,ブレーキパッド,RD,材質:シンタードメタリック<br>有効温度内平均摩擦係数:0.55～0.60,,26000,20800,3000
日産,ローレル,HC33,88/12～93/1,エンジン型式:RB20E ,リア,23800,,101180,325094,DIXCEL,ブレーキパッド,RD,材質:シンタードメタリック<br>有効温度内平均摩擦係数:0.55～0.60,,26000,20800,3000
日産,ローレル,HC34/SC34,93/1～97/6,,リア,23800,,120768,325094,DIXCEL,ブレーキパッド,RD,材質:シンタードメタリック<br>有効温度内平均摩擦係数:0.55～0.60,,26000,20800,3000
日産,ローレル,HC35/SC35,97/6～02/08,,リア,23800,,75261,325094,DIXCEL,ブレーキパッド,RD,材質:シンタードメタリック<br>有効温度内平均摩擦係数:0.55～0.60,,26000,20800,3000
日産,ローレル,HCC33,88/12～93/1,エンジン型式:RB20DE,リア,23800,,81814,325094,DIXCEL,ブレーキパッド,RD,材質:シンタードメタリック<br>有効温度内平均摩擦係数:0.55～0.60,,26000,20800,3000
日産,ローレル,HCC33,88/12～93/1,エンジン型式:RB20DET,リア,23800,,81815,325094,DIXCEL,ブレーキパッド,RD,材質:シンタードメタリック<br>有効温度内平均摩擦係数:0.55～0.60,,26000,20800,3000
日産,ローレル,SC33,88/12～93/1,ABS付,リア,23800,,94652,325094,DIXCEL,ブレーキパッド,RD,材質:シンタードメタリック<br>有効温度内平均摩擦係数:0.55～0.60,,26000,20800,3000
日産,ローレル,SC33,88/12～93/1,ABS無,リア,23800,,107815,325094,DIXCEL,ブレーキパッド,RD,材質:シンタードメタリック<br>有効温度内平均摩擦係数:0.55～0.60,,26000,20800,3000
ホンダ,CR-X,EF7,87/9～92/3,,リア,23800,,95543,335036,DIXCEL,ブレーキパッド,RD,材質:シンタードメタリック<br>有効温度内平均摩擦係数:0.55～0.60,,26000,20800,3000
ホンダ,CR-X,EF8,89/8～92/3,,リア,23800,,108786,335036,DIXCEL,ブレーキパッド,RD,材質:シンタードメタリック<br>有効温度内平均摩擦係数:0.55～0.60,,26000,20800,3000
ホンダ,CR-Xデルソル,EG1,92/3～98/12,ABS付,リア,23800,,89444,335036,DIXCEL,ブレーキパッド,RD,材質:シンタードメタリック<br>有効温度内平均摩擦係数:0.55～0.60,,26000,20800,3000
ホンダ,CR-Xデルソル,EG2,92/3～98/12,,リア,23800,,102136,335036,DIXCEL,ブレーキパッド,RD,材質:シンタードメタリック<br>有効温度内平均摩擦係数:0.55～0.60,,26000,20800,3000
ホンダ,CR-Z,ZF1/ZF2,10/02～15/09,,リア,23800,,91962,335112,DIXCEL,ブレーキパッド,RD,材質:シンタードメタリック<br>有効温度内平均摩擦係数:0.55～0.60,,26000,20800,3000
ホンダ,S2000,AP1/AP2,99/4～,,リア,23800,,98517,335112,DIXCEL,ブレーキパッド,RD,材質:シンタードメタリック<br>有効温度内平均摩擦係数:0.55～0.60,,26000,20800,3000
ホンダ,アコード,CA1,85/6～89/9,車台No.→1200000 リア:ディスク,リア,23800,,85780,335036,DIXCEL,ブレーキパッド,RD,材質:シンタードメタリック<br>有効温度内平均摩擦係数:0.55～0.60,,26000,20800,3000
ホンダ,アコード,CA1,85/6～89/9,車台No.1200001→リア:ディスク,リア,23800,,105073,335036,DIXCEL,ブレーキパッド,RD,材質:シンタードメタリック<br>有効温度内平均摩擦係数:0.55～0.60,,26000,20800,3000
ホンダ,アコード,CA2/CA5,85/6～89/9,リア:ディスク,リア,23800,,79128,335036,DIXCEL,ブレーキパッド,RD,材質:シンタードメタリック<br>有効温度内平均摩擦係数:0.55～0.60,,26000,20800,3000
ホンダ,アコード,CA3,85/6～89/9,,リア,23800,,105074,335036,DIXCEL,ブレーキパッド,RD,材質:シンタードメタリック<br>有効温度内平均摩擦係数:0.55～0.60,,26000,20800,3000
ホンダ,アコード,CB1/CB3,89/9～93/9,ABS付,リア,23800,,85307,335112,DIXCEL,ブレーキパッド,RD,材質:シンタードメタリック<br>有効温度内平均摩擦係数:0.55～0.60,,26000,20800,3000
ホンダ,アコード,CB2/CB4,89/9～93/9,,リア,23800,,124366,335112,DIXCEL,ブレーキパッド,RD,材質:シンタードメタリック<br>有効温度内平均摩擦係数:0.55～0.60,,26000,20800,3000
ホンダ,アコード,CD3/CD4/CD5,93/9～97/9,ABS付,リア,23800,,91959,335112,DIXCEL,ブレーキパッド,RD,材質:シンタードメタリック<br>有効温度内平均摩擦係数:0.55～0.60,,26000,20800,3000
ホンダ,アコード,CD6,93/9～97/9,,リア,23800,,85308,335112,DIXCEL,ブレーキパッド,RD,材質:シンタードメタリック<br>有効温度内平均摩擦係数:0.55～0.60,,26000,20800,3000
ホンダ,アコード,CF3,97/9～02/10,,リア,23800,,111449,335112,DIXCEL,ブレーキパッド,RD,材質:シンタードメタリック<br>有効温度内平均摩擦係数:0.55～0.60,,26000,20800,3000
ホンダ,アコード,CF4/CF5,97/9～02/10,,リア,23800,,98148,335112,DIXCEL,ブレーキパッド,RD,材質:シンタードメタリック<br>有効温度内平均摩擦係数:0.55～0.60,,26000,20800,3000
ホンダ,アコード,CL1,00/06～02/10,,リア,23800,,79130,335112,DIXCEL,ブレーキパッド,RD,材質:シンタードメタリック<br>有効温度内平均摩擦係数:0.55～0.60,,26000,20800,3000
ホンダ,アコード,CL3,00/06～02/10,,リア,23800,,105078,335112,DIXCEL,ブレーキパッド,RD,材質:シンタードメタリック<br>有効温度内平均摩擦係数:0.55～0.60,,26000,20800,3000
ホンダ,アコード,CL7,02/10～08/12,20A/20E/20EL,リア,23800,,79131,335112,DIXCEL,ブレーキパッド,RD,材質:シンタードメタリック<br>有効温度内平均摩擦係数:0.55～0.60,,26000,20800,3000
ホンダ,アコード,CL8,02/10～08/12,,リア,23800,,79132,335112,DIXCEL,ブレーキパッド,RD,材質:シンタードメタリック<br>有効温度内平均摩擦係数:0.55～0.60,,26000,20800,3000
ホンダ,アコード,CL9,02/10～08/12,,リア,23800,,85309,335112,DIXCEL,ブレーキパッド,RD,材質:シンタードメタリック<br>有効温度内平均摩擦係数:0.55～0.60,,26000,20800,3000
ホンダ,アコードエアロデッキ,CA1,85/6～89/9,車台No.→1200000 リア:ディスク,リア,23800,,124642,335036,DIXCEL,ブレーキパッド,RD,材質:シンタードメタリック<br>有効温度内平均摩擦係数:0.55～0.60,,26000,20800,3000
ホンダ,アコードエアロデッキ,CA1,85/6～89/9,車台No.1200001→リア:ディスク,リア,23800,,124643,335036,DIXCEL,ブレーキパッド,RD,材質:シンタードメタリック<br>有効温度内平均摩擦係数:0.55～0.60,,26000,20800,3000
ホンダ,アコードエアロデッキ,CA2,85/6～89/9,リア:ディスク,リア,23800,,111876,335036,DIXCEL,ブレーキパッド,RD,材質:シンタードメタリック<br>有効温度内平均摩擦係数:0.55～0.60,,26000,20800,3000
ホンダ,アコードエアロデッキ,CA3,85/6～89/9,,リア,23800,,105075,335036,DIXCEL,ブレーキパッド,RD,材質:シンタードメタリック<br>有効温度内平均摩擦係数:0.55～0.60,,26000,20800,3000
ホンダ,アコードクーペ,CB6/CB7,90/4～94/2,,リア,23800,,111450,335112,DIXCEL,ブレーキパッド,RD,材質:シンタードメタリック<br>有効温度内平均摩擦係数:0.55～0.60,,26000,20800,3000
ホンダ,アコードクーペ,CD7,93/9～97/9,,リア,23800,,118005,335112,DIXCEL,ブレーキパッド,RD,材質:シンタードメタリック<br>有効温度内平均摩擦係数:0.55～0.60,,26000,20800,3000
ホンダ,アコードクーペ,CD8,93/9～97/9,,リア,23800,,79133,335112,DIXCEL,ブレーキパッド,RD,材質:シンタードメタリック<br>有効温度内平均摩擦係数:0.55～0.60,,26000,20800,3000
ホンダ,アコードユーロR,CL7,02/10～08/12,,リア,23800,,124367,335112,DIXCEL,ブレーキパッド,RD,材質:シンタードメタリック<br>有効温度内平均摩擦係数:0.55～0.60,,26000,20800,3000
ホンダ,アコードワゴン,CB9,89/9～94/1,,リア,23800,,85310,335112,DIXCEL,ブレーキパッド,RD,材質:シンタードメタリック<br>有効温度内平均摩擦係数:0.55～0.60,,26000,20800,3000
ホンダ,アコードワゴン,CE1,94/1～97/9,,リア,23800,,79134,335112,DIXCEL,ブレーキパッド,RD,材質:シンタードメタリック<br>有効温度内平均摩擦係数:0.55～0.60,,26000,20800,3000
ホンダ,アコードワゴン,CF2,96/8～97/9,,リア,23800,,118006,335112,DIXCEL,ブレーキパッド,RD,材質:シンタードメタリック<br>有効温度内平均摩擦係数:0.55～0.60,,26000,20800,3000
ホンダ,アコードワゴン,CF6/CF7/CH9/CL2,97/9～02/11,,リア,23800,,124368,335112,DIXCEL,ブレーキパッド,RD,材質:シンタードメタリック<br>有効温度内平均摩擦係数:0.55～0.60,,26000,20800,3000
ホンダ,アスコット,CB1/CB3,89/9～93/9,リア:ディスク,リア,23800,,105079,335112,DIXCEL,ブレーキパッド,RD,材質:シンタードメタリック<br>有効温度内平均摩擦係数:0.55～0.60,,26000,20800,3000
ホンダ,アスコット,CB2/CB4,89/9～93/9,,リア,23800,,85311,335112,DIXCEL,ブレーキパッド,RD,材質:シンタードメタリック<br>有効温度内平均摩擦係数:0.55～0.60,,26000,20800,3000
ホンダ,アスコット,CE4,93/9～,リア:ディスク,リア,23800,,91960,335112,DIXCEL,ブレーキパッド,RD,材質:シンタードメタリック<br>有効温度内平均摩擦係数:0.55～0.60,,26000,20800,3000
ホンダ,アスコット,CE5,93/9～,,リア,23800,,98149,335112,DIXCEL,ブレーキパッド,RD,材質:シンタードメタリック<br>有効温度内平均摩擦係数:0.55～0.60,,26000,20800,3000
ホンダ,アスコットイノーバ,CB3,92/3～96/12,リア:ディスク,リア,23800,,111451,335112,DIXCEL,ブレーキパッド,RD,材質:シンタードメタリック<br>有効温度内平均摩擦係数:0.55～0.60,,26000,20800,3000
ホンダ,アスコットイノーバ,CB4/CC4/CC5,92/3～96/12,,リア,23800,,111452,335112,DIXCEL,ブレーキパッド,RD,材質:シンタードメタリック<br>有効温度内平均摩擦係数:0.55～0.60,,26000,20800,3000
ホンダ,インスパイア/セイバー,CB5,89/9～95/2,,リア,23800,,91963,335112,DIXCEL,ブレーキパッド,RD,材質:シンタードメタリック<br>有効温度内平均摩擦係数:0.55～0.60,,26000,20800,3000
ホンダ,インスパイア/セイバー,CC2,92/1～95/2,,リア,23800,,85315,335112,DIXCEL,ブレーキパッド,RD,材質:シンタードメタリック<br>有効温度内平均摩擦係数:0.55～0.60,,26000,20800,3000
ホンダ,インスパイア/セイバー,CC3,92/1～95/2,,リア,23800,,111455,335112,DIXCEL,ブレーキパッド,RD,材質:シンタードメタリック<br>有効温度内平均摩擦係数:0.55～0.60,,26000,20800,3000
ホンダ,インスパイア/セイバー,UA1,95/2～98/10,,リア,23800,,111456,335112,DIXCEL,ブレーキパッド,RD,材質:シンタードメタリック<br>有効温度内平均摩擦係数:0.55～0.60,,26000,20800,3000
ホンダ,インスパイア/セイバー,UA2/UA3,95/2～98/10,,リア,23800,,111457,335112,DIXCEL,ブレーキパッド,RD,材質:シンタードメタリック<br>有効温度内平均摩擦係数:0.55～0.60,,26000,20800,3000
ホンダ,インスパイア/セイバー,UC1,03/06～07/11,,リア,23800,,98513,335112,DIXCEL,ブレーキパッド,RD,材質:シンタードメタリック<br>有効温度内平均摩擦係数:0.55～0.60,,26000,20800,3000
ホンダ,インテグラ,AV,85/2～89/4,GSi(車台No.1300001→),リア,23800,,76614,335036,DIXCEL,ブレーキパッド,RD,材質:シンタードメタリック<br>有効温度内平均摩擦係数:0.55～0.60,,26000,20800,3000
ホンダ,インテグラ,AV,85/2～89/4,GSi/RSi(車台No.→1300000),リア,23800,,102138,335036,DIXCEL,ブレーキパッド,RD,材質:シンタードメタリック<br>有効温度内平均摩擦係数:0.55～0.60,,26000,20800,3000
ホンダ,インテグラ,DA1,85/2～89/4,GSi 車台No.→1200000,リア,23800,,108791,335036,DIXCEL,ブレーキパッド,RD,材質:シンタードメタリック<br>有効温度内平均摩擦係数:0.55～0.60,,26000,20800,3000
ホンダ,インテグラ,DA1,85/2～89/4,GSi 車台No.1200001→,リア,23800,,89445,335036,DIXCEL,ブレーキパッド,RD,材質:シンタードメタリック<br>有効温度内平均摩擦係数:0.55～0.60,,26000,20800,3000
ホンダ,インテグラ,DA5/DA7,89/4～93/6,ZXi・ABS付 車台No.→1200000,リア,23800,,82741,335036,DIXCEL,ブレーキパッド,RD,材質:シンタードメタリック<br>有効温度内平均摩擦係数:0.55～0.60,,26000,20800,3000
ホンダ,インテグラ,DA5/DA7,89/4～93/6,ZXi・ABS付 車台No.1200001→,リア,23800,,122138,335036,DIXCEL,ブレーキパッド,RD,材質:シンタードメタリック<br>有効温度内平均摩擦係数:0.55～0.60,,26000,20800,3000
ホンダ,インテグラ,DA5/DA7,89/4～93/6,ZXi・ABS無,リア,23800,,115406,335036,DIXCEL,ブレーキパッド,RD,材質:シンタードメタリック<br>有効温度内平均摩擦係数:0.55～0.60,,26000,20800,3000
ホンダ,インテグラ,DA6/DA8/DB1,89/4～93/6,,リア,23800,,76615,335036,DIXCEL,ブレーキパッド,RD,材質:シンタードメタリック<br>有効温度内平均摩擦係数:0.55～0.60,,26000,20800,3000
ホンダ,インテグラ,DB6,93/6～01/07,ABS付,リア,23800,,82742,335036,DIXCEL,ブレーキパッド,RD,材質:シンタードメタリック<br>有効温度内平均摩擦係数:0.55～0.60,,26000,20800,3000
ホンダ,インテグラ,DB7,93/6～95/9,,リア,23800,,108792,335036,DIXCEL,ブレーキパッド,RD,材質:シンタードメタリック<br>有効温度内平均摩擦係数:0.55～0.60,,26000,20800,3000
ホンダ,インテグラ,DC1,93/6～01/07,ABS付,リア,23800,,102139,335036,DIXCEL,ブレーキパッド,RD,材質:シンタードメタリック<br>有効温度内平均摩擦係数:0.55～0.60,,26000,20800,3000
ホンダ,インテグラ,DC2/DB8,93/6～01/07,Si/Si-R,リア,23800,,76616,335036,DIXCEL,ブレーキパッド,RD,材質:シンタードメタリック<br>有効温度内平均摩擦係数:0.55～0.60,,26000,20800,3000
ホンダ,インテグラ,DC5,01/07～04/08,iS,リア,23800,,79135,335112,DIXCEL,ブレーキパッド,RD,材質:シンタードメタリック<br>有効温度内平均摩擦係数:0.55～0.60,,26000,20800,3000
ホンダ,インテグラ,DC5,04/09～,タイプS,リア,23800,,98514,335112,DIXCEL,ブレーキパッド,RD,材質:シンタードメタリック<br>有効温度内平均摩擦係数:0.55～0.60,,26000,20800,3000
ホンダ,インテグラタイプR,DC2/DB8,95/9～98/1,96スペック,リア,23800,,122139,335036,DIXCEL,ブレーキパッド,RD,材質:シンタードメタリック<br>有効温度内平均摩擦係数:0.55～0.60,,26000,20800,3000
ホンダ,インテグラタイプR,DC2/DB8,98/1～01/07,98スペック,リア,23800,,118008,335112,DIXCEL,ブレーキパッド,RD,材質:シンタードメタリック<br>有効温度内平均摩擦係数:0.55～0.60,,26000,20800,3000
ホンダ,インテグラタイプR,DC5,01/07～,(ブレンボ),リア,23800,,105080,335112,DIXCEL,ブレーキパッド,RD,材質:シンタードメタリック<br>有効温度内平均摩擦係数:0.55～0.60,,26000,20800,3000
ホンダ,コンチェルト/ドマーニ,MA1/MA2/MA3,88/6～92/10,リア:ディスク,リア,23800,,111877,335036,DIXCEL,ブレーキパッド,RD,材質:シンタードメタリック<br>有効温度内平均摩擦係数:0.55～0.60,,26000,20800,3000
ホンダ,コンチェルト/ドマーニ,MA4,92/10～97/3,Gi ABS付,リア,23800,,91958,335036,DIXCEL,ブレーキパッド,RD,材質:シンタードメタリック<br>有効温度内平均摩擦係数:0.55～0.60,,26000,20800,3000
ホンダ,コンチェルト/ドマーニ,MA4,92/10～97/3,Vi ABS付,リア,23800,,105077,335036,DIXCEL,ブレーキパッド,RD,材質:シンタードメタリック<br>有効温度内平均摩擦係数:0.55～0.60,,26000,20800,3000
ホンダ,コンチェルト/ドマーニ,MA5,92/10～97/3,リア:ディスク(ABS付),リア,23800,,98512,335036,DIXCEL,ブレーキパッド,RD,材質:シンタードメタリック<br>有効温度内平均摩擦係数:0.55～0.60,,26000,20800,3000
ホンダ,シビック,EF3/EF4/EF5,87/9～91/9,リア:ディスク,リア,23800,,105076,335036,DIXCEL,ブレーキパッド,RD,材質:シンタードメタリック<br>有効温度内平均摩擦係数:0.55～0.60,,26000,20800,3000
ホンダ,シビック,EF9,89/8～91/9,,リア,23800,,118499,335036,DIXCEL,ブレーキパッド,RD,材質:シンタードメタリック<br>有効温度内平均摩擦係数:0.55～0.60,,26000,20800,3000
ホンダ,シビック,EG4,91/9～95/9,VTi ABS付,リア,23800,,79129,335036,DIXCEL,ブレーキパッド,RD,材質:シンタードメタリック<br>有効温度内平均摩擦係数:0.55～0.60,,26000,20800,3000
ホンダ,シビック,EG5,91/9～95/9,ABS付,リア,23800,,124644,335036,DIXCEL,ブレーキパッド,RD,材質:シンタードメタリック<br>有効温度内平均摩擦係数:0.55～0.60,,26000,20800,3000
ホンダ,シビック,EG5,91/9～95/9,ABS無,リア,23800,,98510,335036,DIXCEL,ブレーキパッド,RD,材質:シンタードメタリック<br>有効温度内平均摩擦係数:0.55～0.60,,26000,20800,3000
ホンダ,シビック,EG6/EG9,91/9～95/9,,リア,23800,,98511,335036,DIXCEL,ブレーキパッド,RD,材質:シンタードメタリック<br>有効温度内平均摩擦係数:0.55～0.60,,26000,20800,3000
ホンダ,シビック,EG8,91/9～95/9,VTi ABS付,リア,23800,,118500,335036,DIXCEL,ブレーキパッド,RD,材質:シンタードメタリック<br>有効温度内平均摩擦係数:0.55～0.60,,26000,20800,3000
ホンダ,シビック,EK4,95/9～00/09,,リア,23800,,124645,335036,DIXCEL,ブレーキパッド,RD,材質:シンタードメタリック<br>有効温度内平均摩擦係数:0.55～0.60,,26000,20800,3000
ホンダ,シビック,ES3,00/09～05/09,リア:ディスク,リア,23800,,111453,335112,DIXCEL,ブレーキパッド,RD,材質:シンタードメタリック<br>有効温度内平均摩擦係数:0.55～0.60,,26000,20800,3000
ホンダ,シビック,EU3,00/09～05/09,XS(車台No.1300001～),リア,23800,,118007,335112,DIXCEL,ブレーキパッド,RD,材質:シンタードメタリック<br>有効温度内平均摩擦係数:0.55～0.60,,26000,20800,3000
ホンダ,シビック,FD1,05/09～,,リア,23800,,124369,335112,DIXCEL,ブレーキパッド,RD,材質:シンタードメタリック<br>有効温度内平均摩擦係数:0.55～0.60,,26000,20800,3000
ホンダ,シビック,FD2,05/09～,,リア,23800,,85313,335112,DIXCEL,ブレーキパッド,RD,材質:シンタードメタリック<br>有効温度内平均摩擦係数:0.55～0.60,,26000,20800,3000
ホンダ,シビック,FD3,05/09～,リア:ディスク(VSA付),リア,23800,,85314,335112,DIXCEL,ブレーキパッド,RD,材質:シンタードメタリック<br>有効温度内平均摩擦係数:0.55～0.60,,26000,20800,3000
ホンダ,シビックタイプR,EK9,97/8～01/09,5穴車,リア,23800,,91961,335112,DIXCEL,ブレーキパッド,RD,材質:シンタードメタリック<br>有効温度内平均摩擦係数:0.55～0.60,,26000,20800,3000
ホンダ,シビックタイプR,EP3,01/10～07/02,,リア,23800,,85312,335112,DIXCEL,ブレーキパッド,RD,材質:シンタードメタリック<br>有効温度内平均摩擦係数:0.55～0.60,,26000,20800,3000
ホンダ,シビックタイプR,FD2,05/09～,,リア,23800,,111454,335112,DIXCEL,ブレーキパッド,RD,材質:シンタードメタリック<br>有効温度内平均摩擦係数:0.55～0.60,,26000,20800,3000
ホンダ,シビックフェリオ,EK3,95/9～00/09,Vi-RS,リア,23800,,85781,335036,DIXCEL,ブレーキパッド,RD,材質:シンタードメタリック<br>有効温度内平均摩擦係数:0.55～0.60,,26000,20800,3000
ホンダ,トルネオ,CF3,97/9～02/10,,リア,23800,,124648,335112,DIXCEL,ブレーキパッド,RD,材質:シンタードメタリック<br>有効温度内平均摩擦係数:0.55～0.60,,26000,20800,3000
ホンダ,トルネオ,CF4/CF5,97/9～02/10,,リア,23800,,124649,335112,DIXCEL,ブレーキパッド,RD,材質:シンタードメタリック<br>有効温度内平均摩擦係数:0.55～0.60,,26000,20800,3000
ホンダ,トルネオ,CL3,00/06～02/10,,リア,23800,,85316,335112,DIXCEL,ブレーキパッド,RD,材質:シンタードメタリック<br>有効温度内平均摩擦係数:0.55～0.60,,26000,20800,3000
ホンダ,トルネオユーロR,CL1,00/06～02/10,,リア,23800,,85317,335112,DIXCEL,ブレーキパッド,RD,材質:シンタードメタリック<br>有効温度内平均摩擦係数:0.55～0.60,,26000,20800,3000
ホンダ,ビート,PP1,91/5～,,リア,23800,,98509,335036,DIXCEL,ブレーキパッド,RD,材質:シンタードメタリック<br>有効温度内平均摩擦係数:0.55～0.60,,26000,20800,3000
ホンダ,ビガー,CA1,85/6～89/9,車台No.→1200000<br>リア:ディスク,リア,23800,,76619,335036,DIXCEL,ブレーキパッド,RD,材質:シンタードメタリック<br>有効温度内平均摩擦係数:0.55～0.60,,26000,20800,3000
ホンダ,ビガー,CA1,85/6～89/9,車台No.1200001→<br>リア:ディスク,リア,23800,,108793,335036,DIXCEL,ブレーキパッド,RD,材質:シンタードメタリック<br>有効温度内平均摩擦係数:0.55～0.60,,26000,20800,3000
ホンダ,ビガー,CA2/CA5,85/6～89/9,リア:ディスク,リア,23800,,102142,335036,DIXCEL,ブレーキパッド,RD,材質:シンタードメタリック<br>有効温度内平均摩擦係数:0.55～0.60,,26000,20800,3000
ホンダ,ビガー,CA3,85/6～89/9,,リア,23800,,76620,335036,DIXCEL,ブレーキパッド,RD,材質:シンタードメタリック<br>有効温度内平均摩擦係数:0.55～0.60,,26000,20800,3000
ホンダ,ビガー,CB5,89/9～92/1,,リア,23800,,124370,335112,DIXCEL,ブレーキパッド,RD,材質:シンタードメタリック<br>有効温度内平均摩擦係数:0.55～0.60,,26000,20800,3000
ホンダ,ビガー,CC2,92/1～98/10,,リア,23800,,98151,335112,DIXCEL,ブレーキパッド,RD,材質:シンタードメタリック<br>有効温度内平均摩擦係数:0.55～0.60,,26000,20800,3000
ホンダ,ビガー,CC3,92/1～98/10,,リア,23800,,124371,335112,DIXCEL,ブレーキパッド,RD,材質:シンタードメタリック<br>有効温度内平均摩擦係数:0.55～0.60,,26000,20800,3000
ホンダ,フィット,GD1,05/12～07/10,1.3S 車台No.2300001→,リア,23800,,108787,335036,DIXCEL,ブレーキパッド,RD,材質:シンタードメタリック<br>有効温度内平均摩擦係数:0.55～0.60,,26000,20800,3000
ホンダ,フィット,GD3,02/09～07/10,1.5 A/T/W リア:ディスク,リア,23800,,115403,335036,DIXCEL,ブレーキパッド,RD,材質:シンタードメタリック<br>有効温度内平均摩擦係数:0.55～0.60,,26000,20800,3000
ホンダ,フィット,GD3,04/06～05/12,1.5S リア:ディスク,リア,23800,,108788,335036,DIXCEL,ブレーキパッド,RD,材質:シンタードメタリック<br>有効温度内平均摩擦係数:0.55～0.60,,26000,20800,3000
ホンダ,フィット,GD3,05/12～07/10,1.5S 車台No.2000001→,リア,23800,,82739,335036,DIXCEL,ブレーキパッド,RD,材質:シンタードメタリック<br>有効温度内平均摩擦係数:0.55～0.60,,26000,20800,3000
ホンダ,フィット,GE6,09/11～13/09,車台No.1300001→G スポーティエディション(VSA付・リア:ディスク),リア,23800,,82740,335036,DIXCEL,ブレーキパッド,RD,材質:シンタードメタリック<br>有効温度内平均摩擦係数:0.55～0.60,,26000,20800,3000
ホンダ,フィット,GE6,09/11～13/09,車台No.1300001→G/GS/シーズ(VSA付・リア:ディスク),リア,23800,,115404,335036,DIXCEL,ブレーキパッド,RD,材質:シンタードメタリック<br>有効温度内平均摩擦係数:0.55～0.60,,26000,20800,3000
ホンダ,フィット,GE8,07/10～09/10,車台No.→1300000 16インチ・リア:ディスク,リア,23800,,108789,335036,DIXCEL,ブレーキパッド,RD,材質:シンタードメタリック<br>有効温度内平均摩擦係数:0.55～0.60,,26000,20800,3000
ホンダ,フィット,GE8,09/11～13/09,車台No.1300001→1500000 RS・MT車,リア,23800,,76612,335036,DIXCEL,ブレーキパッド,RD,材質:シンタードメタリック<br>有効温度内平均摩擦係数:0.55～0.60,,26000,20800,3000
ホンダ,フィット,GE8,09/11～13/09,車台No.1300001→RS・AT車,リア,23800,,108790,335036,DIXCEL,ブレーキパッド,RD,材質:シンタードメタリック<br>有効温度内平均摩擦係数:0.55～0.60,,26000,20800,3000
ホンダ,フィット,GE8,09/11～13/09,車台No.1300001→リア:ディスク,リア,23800,,102137,335036,DIXCEL,ブレーキパッド,RD,材質:シンタードメタリック<br>有効温度内平均摩擦係数:0.55～0.60,,26000,20800,3000
ホンダ,フィット,GE8,09/11～13/09,車台No.1500001→RS・MT車,リア,23800,,76613,335036,DIXCEL,ブレーキパッド,RD,材質:シンタードメタリック<br>有効温度内平均摩擦係数:0.55～0.60,,26000,20800,3000
ホンダ,フィット,GK5,13/09～,RS,リア,23800,,115405,335036,DIXCEL,ブレーキパッド,RD,材質:シンタードメタリック<br>有効温度内平均摩擦係数:0.55～0.60,,26000,20800,3000
ホンダ,プレリュード/プレリュードinx,BA1,82/11～87/5,,リア,23800,,115407,335036,DIXCEL,ブレーキパッド,RD,材質:シンタードメタリック<br>有効温度内平均摩擦係数:0.55～0.60,,26000,20800,3000
ホンダ,プレリュード/プレリュードinx,BA4,87/5～91/9,Si 車台No.→1009665,リア,23800,,76617,335036,DIXCEL,ブレーキパッド,RD,材質:シンタードメタリック<br>有効温度内平均摩擦係数:0.55～0.60,,26000,20800,3000
ホンダ,プレリュード/プレリュードinx,BA4,87/5～91/9,Si 車台No.1009666→,リア,23800,,115408,335036,DIXCEL,ブレーキパッド,RD,材質:シンタードメタリック<br>有効温度内平均摩擦係数:0.55～0.60,,26000,20800,3000
ホンダ,プレリュード/プレリュードinx,BA4,87/5～91/9,XL/XR/XX,リア,23800,,102140,335036,DIXCEL,ブレーキパッド,RD,材質:シンタードメタリック<br>有効温度内平均摩擦係数:0.55～0.60,,26000,20800,3000
ホンダ,プレリュード/プレリュードinx,BA5,87/5～91/9,Si 車台No.→1024736,リア,23800,,102141,335036,DIXCEL,ブレーキパッド,RD,材質:シンタードメタリック<br>有効温度内平均摩擦係数:0.55～0.60,,26000,20800,3000
ホンダ,プレリュード/プレリュードinx,BA5,87/5～91/9,Si 車台No.1024737→,リア,23800,,122140,335036,DIXCEL,ブレーキパッド,RD,材質:シンタードメタリック<br>有効温度内平均摩擦係数:0.55～0.60,,26000,20800,3000
ホンダ,プレリュード/プレリュードinx,BA5,87/5～91/9,XX,リア,23800,,76618,335036,DIXCEL,ブレーキパッド,RD,材質:シンタードメタリック<br>有効温度内平均摩擦係数:0.55～0.60,,26000,20800,3000
ホンダ,プレリュード/プレリュードinx,BA7,87/5～91/9,,リア,23800,,95544,335036,DIXCEL,ブレーキパッド,RD,材質:シンタードメタリック<br>有効温度内平均摩擦係数:0.55～0.60,,26000,20800,3000
ホンダ,プレリュード/プレリュードinx,BA8/BA9,91/9～96/10,,リア,23800,,105081,335112,DIXCEL,ブレーキパッド,RD,材質:シンタードメタリック<br>有効温度内平均摩擦係数:0.55～0.60,,26000,20800,3000
ホンダ,プレリュード/プレリュードinx,BB1/BB4,91/9～96/10,,リア,23800,,91965,335112,DIXCEL,ブレーキパッド,RD,材質:シンタードメタリック<br>有効温度内平均摩擦係数:0.55～0.60,,26000,20800,3000
ホンダ,プレリュード/プレリュードinx,BB5/BB7,96/10～00/08,,リア,23800,,118009,335112,DIXCEL,ブレーキパッド,RD,材質:シンタードメタリック<br>有効温度内平均摩擦係数:0.55～0.60,,26000,20800,3000
ホンダ,プレリュード/プレリュードinx,BB6/BB8,96/10～00/08,,リア,23800,,124646,335112,DIXCEL,ブレーキパッド,RD,材質:シンタードメタリック<br>有効温度内平均摩擦係数:0.55～0.60,,26000,20800,3000
ホンダ,ラファーガ,CE4,93/9～,リア:ディスク,リア,23800,,111458,335112,DIXCEL,ブレーキパッド,RD,材質:シンタードメタリック<br>有効温度内平均摩擦係数:0.55～0.60,,26000,20800,3000
ホンダ,ラファーガ,CE5,93/9～,,リア,23800,,98516,335112,DIXCEL,ブレーキパッド,RD,材質:シンタードメタリック<br>有効温度内平均摩擦係数:0.55～0.60,,26000,20800,3000
ホンダ,レジェンド,KA3,87/2～96/2,車台No.1201231→,リア,23800,,98515,335112,DIXCEL,ブレーキパッド,RD,材質:シンタードメタリック<br>有効温度内平均摩擦係数:0.55～0.60,,26000,20800,3000
ホンダ,レジェンド,KA5/KA6,87/2～96/2,車台No.1100001→,リア,23800,,91964,335112,DIXCEL,ブレーキパッド,RD,材質:シンタードメタリック<br>有効温度内平均摩擦係数:0.55～0.60,,26000,20800,3000
マツダ,RX-7,FC3S/FC3C,85/10～91/11,,リア,23800,,121704,355054,DIXCEL,ブレーキパッド,RD,材質:シンタードメタリック<br>有効温度内平均摩擦係数:0.55～0.60,,26000,20800,3000
マツダ,RX-7,FD3S,91/11～02/08,,リア,23800,,101792,355054,DIXCEL,ブレーキパッド,RD,材質:シンタードメタリック<br>有効温度内平均摩擦係数:0.55～0.60,,26000,20800,3000
マツダ,アテンザスポーツ,GG3S,02/05～05/05,23Z(18インチホイール),リア,23800,,82443,355054,DIXCEL,ブレーキパッド,RD,材質:シンタードメタリック<br>有効温度内平均摩擦係数:0.55～0.60,,26000,20800,3000
マツダ,アテンザスポーツ,GG3S,02/05～08/01,23C/23S/23EX,リア,23800,,82749,355054,DIXCEL,ブレーキパッド,RD,材質:シンタードメタリック<br>有効温度内平均摩擦係数:0.55～0.60,,26000,20800,3000
マツダ,アテンザスポーツ,GGES,02/05～08/01,,リア,23800,,115059,355054,DIXCEL,ブレーキパッド,RD,材質:シンタードメタリック<br>有効温度内平均摩擦係数:0.55～0.60,,26000,20800,3000
マツダ,アテンザスポーツ,GH5AS,08/01～,,リア,23800,,76191,355054,DIXCEL,ブレーキパッド,RD,材質:シンタードメタリック<br>有効温度内平均摩擦係数:0.55～0.60,,26000,20800,3000
マツダ,アテンザスポーツ,GH5FS,08/01～,25EX/25S(16&17インチホイール)(フロント:298mmディスク),リア,23800,,89050,355054,DIXCEL,ブレーキパッド,RD,材質:シンタードメタリック<br>有効温度内平均摩擦係数:0.55～0.60,,26000,20800,3000
マツダ,アテンザスポーツ,GHEFS,08/01～,,リア,23800,,115060,355054,DIXCEL,ブレーキパッド,RD,材質:シンタードメタリック<br>有効温度内平均摩擦係数:0.55～0.60,,26000,20800,3000
マツダ,アテンザスポーツワゴン,GH5AW,08/01～12/11,,リア,23800,,101789,355054,DIXCEL,ブレーキパッド,RD,材質:シンタードメタリック<br>有効温度内平均摩擦係数:0.55～0.60,,26000,20800,3000
マツダ,アテンザスポーツワゴン,GH5FW,08/01～12/11,25S(17インチホイール)(フロント:298mmディスク),リア,23800,,76194,355054,DIXCEL,ブレーキパッド,RD,材質:シンタードメタリック<br>有効温度内平均摩擦係数:0.55～0.60,,26000,20800,3000
マツダ,アテンザスポーツワゴン,GHEFW,08/01～12/11,,リア,23800,,115061,355054,DIXCEL,ブレーキパッド,RD,材質:シンタードメタリック<br>有効温度内平均摩擦係数:0.55～0.60,,26000,20800,3000
マツダ,アテンザスポーツワゴン,GY3W,02/05～05/05,FF 23Z(18インチホイール),リア,23800,,89051,355054,DIXCEL,ブレーキパッド,RD,材質:シンタードメタリック<br>有効温度内平均摩擦係数:0.55～0.60,,26000,20800,3000
マツダ,アテンザスポーツワゴン,GY3W,02/05～08/01,4WD,リア,23800,,76193,355054,DIXCEL,ブレーキパッド,RD,材質:シンタードメタリック<br>有効温度内平均摩擦係数:0.55～0.60,,26000,20800,3000
マツダ,アテンザスポーツワゴン,GY3W,02/05～08/01,FF 23C/23S/23EX,リア,23800,,95549,355054,DIXCEL,ブレーキパッド,RD,材質:シンタードメタリック<br>有効温度内平均摩擦係数:0.55～0.60,,26000,20800,3000
マツダ,アテンザスポーツワゴン,GYEW,02/05～08/01,,リア,23800,,76192,355054,DIXCEL,ブレーキパッド,RD,材質:シンタードメタリック<br>有効温度内平均摩擦係数:0.55～0.60,,26000,20800,3000
マツダ,アテンザセダン,GG3P,02/05～08/01,16インチ・標準車(フロント:274mmディスク),リア,23800,,121699,355054,DIXCEL,ブレーキパッド,RD,材質:シンタードメタリック<br>有効温度内平均摩擦係数:0.55～0.60,,26000,20800,3000
マツダ,アテンザセダン,GGEP,02/05～08/01,,リア,23800,,89049,355054,DIXCEL,ブレーキパッド,RD,材質:シンタードメタリック<br>有効温度内平均摩擦係数:0.55～0.60,,26000,20800,3000
マツダ,アテンザセダン,GHEFP/GH5FP/GH5AP,08/01～12/11,,リア,23800,,82748,355054,DIXCEL,ブレーキパッド,RD,材質:シンタードメタリック<br>有効温度内平均摩擦係数:0.55～0.60,,26000,20800,3000
マツダ,イクシオン,CP8WF,99/4～,4WD,リア,23800,,108458,355054,DIXCEL,ブレーキパッド,RD,材質:シンタードメタリック<br>有効温度内平均摩擦係数:0.55～0.60,,26000,20800,3000
マツダ,カペラ,CG2SR,94/7～97/7,,リア,23800,,121700,355054,DIXCEL,ブレーキパッド,RD,材質:シンタードメタリック<br>有効温度内平均摩擦係数:0.55～0.60,,26000,20800,3000
マツダ,カペラ,GD8R/GDER,87/2～94/7,,リア,23800,,82444,355054,DIXCEL,ブレーキパッド,RD,材質:シンタードメタリック<br>有効温度内平均摩擦係数:0.55～0.60,,26000,20800,3000
マツダ,カペラ,GFER,97/6～02/03,,リア,23800,,76195,355054,DIXCEL,ブレーキパッド,RD,材質:シンタードメタリック<br>有効温度内平均摩擦係数:0.55～0.60,,26000,20800,3000
マツダ,カペラワゴン/カペラカーゴ,GVER,90/10～94/10,車台No.→300000,リア,23800,,108456,355054,DIXCEL,ブレーキパッド,RD,材質:シンタードメタリック<br>有効温度内平均摩擦係数:0.55～0.60,,26000,20800,3000
マツダ,カペラワゴン/カペラカーゴ,GVER,94/10～97/10,車台No.300001→,リア,23800,,121701,355054,DIXCEL,ブレーキパッド,RD,材質:シンタードメタリック<br>有効温度内平均摩擦係数:0.55～0.60,,26000,20800,3000
マツダ,カペラワゴン/カペラカーゴ,GVFR,92/6～97/10,,リア,23800,,89052,355054,DIXCEL,ブレーキパッド,RD,材質:シンタードメタリック<br>有効温度内平均摩擦係数:0.55～0.60,,26000,20800,3000
マツダ,カペラワゴン/カペラカーゴ,GWER/GW5R/GWFW,97/10～02/04,,リア,23800,,76197,355054,DIXCEL,ブレーキパッド,RD,材質:シンタードメタリック<br>有効温度内平均摩擦係数:0.55～0.60,,26000,20800,3000
マツダ,カペラワゴン/カペラカーゴ,GWEW,97/10～02/04,,リア,23800,,76196,355054,DIXCEL,ブレーキパッド,RD,材質:シンタードメタリック<br>有効温度内平均摩擦係数:0.55～0.60,,26000,20800,3000
マツダ,クロノス,GESR,91/11～95/12,,リア,23800,,121702,355054,DIXCEL,ブレーキパッド,RD,材質:シンタードメタリック<br>有効温度内平均摩擦係数:0.55～0.60,,26000,20800,3000
マツダ,テルスター,GD8RF/GDERF,87/4～91/10,,リア,23800,,95550,355054,DIXCEL,ブレーキパッド,RD,材質:シンタードメタリック<br>有効温度内平均摩擦係数:0.55～0.60,,26000,20800,3000
マツダ,テルスター,GESRF,91/10～97/10,,リア,23800,,115062,355054,DIXCEL,ブレーキパッド,RD,材質:シンタードメタリック<br>有効温度内平均摩擦係数:0.55～0.60,,26000,20800,3000
マツダ,テルスター,GFERF,97/10～99/9,,リア,23800,,108462,355054,DIXCEL,ブレーキパッド,RD,材質:シンタードメタリック<br>有効温度内平均摩擦係数:0.55～0.60,,26000,20800,3000
マツダ,テルスターII,CG2SRF,94/8～97/7,,リア,23800,,89055,355054,DIXCEL,ブレーキパッド,RD,材質:シンタードメタリック<br>有効温度内平均摩擦係数:0.55～0.60,,26000,20800,3000
マツダ,テルスターワゴン,GVERF,90/8～97/10,20i-X CANOA,リア,23800,,101794,355054,DIXCEL,ブレーキパッド,RD,材質:シンタードメタリック<br>有効温度内平均摩擦係数:0.55～0.60,,26000,20800,3000
マツダ,テルスターワゴン,GVERF,90/8～97/10,,リア,23800,,101793,355054,DIXCEL,ブレーキパッド,RD,材質:シンタードメタリック<br>有効温度内平均摩擦係数:0.55～0.60,,26000,20800,3000
マツダ,テルスターワゴン,GVFRF,92/6～97/10,,リア,23800,,102146,355054,DIXCEL,ブレーキパッド,RD,材質:シンタードメタリック<br>有効温度内平均摩擦係数:0.55～0.60,,26000,20800,3000
マツダ,テルスターワゴン,GWERF/GW5RF,97/10～98/12,,リア,23800,,82750,355054,DIXCEL,ブレーキパッド,RD,材質:シンタードメタリック<br>有効温度内平均摩擦係数:0.55～0.60,,26000,20800,3000
マツダ,テルスターワゴン,GWEWF,97/10～98/12,,リア,23800,,121705,355054,DIXCEL,ブレーキパッド,RD,材質:シンタードメタリック<br>有効温度内平均摩擦係数:0.55～0.60,,26000,20800,3000
マツダ,ファミリア,BG8R,90/1～90/10,車台No.101130→,リア,23800,,95548,355042,DIXCEL,ブレーキパッド,RD,材質:シンタードメタリック<br>有効温度内平均摩擦係数:0.55～0.60,,26000,20800,3000
マツダ,ファミリア,BG8Z,90/1～90/10,GT-X<br>車台No.101880→,リア,23800,,108794,355042,DIXCEL,ブレーキパッド,RD,材質:シンタードメタリック<br>有効温度内平均摩擦係数:0.55～0.60,,26000,20800,3000
マツダ,ファミリア,BG8Z,92/1～96/9,GT-R/GT-Ae,リア,23800,,89054,355054,DIXCEL,ブレーキパッド,RD,材質:シンタードメタリック<br>有効温度内平均摩擦係数:0.55～0.60,,26000,20800,3000
マツダ,ファミリア,BHA6R,94/3～98/5,,リア,23800,,103110,355194,DIXCEL,ブレーキパッド,RD,材質:シンタードメタリック<br>有効温度内平均摩擦係数:0.55～0.60,,26000,20800,3000
マツダ,ファミリア,BHA8P/BHA8S/BHA7R,94/3～98/5,,リア,23800,,77208,355194,DIXCEL,ブレーキパッド,RD,材質:シンタードメタリック<br>有効温度内平均摩擦係数:0.55～0.60,,26000,20800,3000
マツダ,ファミリア,BJ5P,98/4～03/10,4WD,リア,23800,,101790,355054,DIXCEL,ブレーキパッド,RD,材質:シンタードメタリック<br>有効温度内平均摩擦係数:0.55～0.60,,26000,20800,3000
マツダ,ファミリアワゴン,BJ5W,98/4～03/10,4WD,リア,23800,,82445,355054,DIXCEL,ブレーキパッド,RD,材質:シンタードメタリック<br>有効温度内平均摩擦係数:0.55～0.60,,26000,20800,3000
マツダ,ファミリアワゴン,BJ8W,98/4～03/10,,リア,23800,,101791,355054,DIXCEL,ブレーキパッド,RD,材質:シンタードメタリック<br>有効温度内平均摩擦係数:0.55～0.60,,26000,20800,3000
マツダ,ファミリアワゴン,BJFW,98/4～03/10,4WD,リア,23800,,76198,355054,DIXCEL,ブレーキパッド,RD,材質:シンタードメタリック<br>有効温度内平均摩擦係数:0.55～0.60,,26000,20800,3000
マツダ,プレマシー,CP8W,99/2～05/02,4WD,リア,23800,,76199,355054,DIXCEL,ブレーキパッド,RD,材質:シンタードメタリック<br>有効温度内平均摩擦係数:0.55～0.60,,26000,20800,3000
マツダ,プレマシー,CPEW,99/2～05/02,,リア,23800,,82447,355054,DIXCEL,ブレーキパッド,RD,材質:シンタードメタリック<br>有効温度内平均摩擦係数:0.55～0.60,,26000,20800,3000
マツダ,ユーノス100,BG8PE,89/11～94/3,車台No.100301→,リア,23800,,82746,355042,DIXCEL,ブレーキパッド,RD,材質:シンタードメタリック<br>有効温度内平均摩擦係数:0.55～0.60,,26000,20800,3000
マツダ,ユーノスプレッソ/AZ-3,EC8SE,91/6～93/8,,リア,23800,,89048,355042,DIXCEL,ブレーキパッド,RD,材質:シンタードメタリック<br>有効温度内平均摩擦係数:0.55～0.60,,26000,20800,3000
マツダ,ラピュタ,HP22S,01/04～03/08,ターボ<br>リア:ディスク,リア,23800,,89446,335036,DIXCEL,ブレーキパッド,RD,材質:シンタードメタリック<br>有効温度内平均摩擦係数:0.55～0.60,,26000,20800,3000
マツダ,ラピュタ,HP22S,03/09～06/01,ターボ<br>リア:ディスク,リア,23800,,95545,335036,DIXCEL,ブレーキパッド,RD,材質:シンタードメタリック<br>有効温度内平均摩擦係数:0.55～0.60,,26000,20800,3000
マツダ,ランティス,CBA8P,93/8～,,リア,23800,,116466,355194,DIXCEL,ブレーキパッド,RD,材質:シンタードメタリック<br>有効温度内平均摩擦係数:0.55～0.60,,26000,20800,3000
マツダ,ランティス,CBAEP,93/8～,,リア,23800,,77209,355194,DIXCEL,ブレーキパッド,RD,材質:シンタードメタリック<br>有効温度内平均摩擦係数:0.55～0.60,,26000,20800,3000
マツダ,レーザー,BG8RF,89/3～94/5,車台No.100224→300000,リア,23800,,82747,355042,DIXCEL,ブレーキパッド,RD,材質:シンタードメタリック<br>有効温度内平均摩擦係数:0.55～0.60,,26000,20800,3000
マツダ,レーザー,BHA6RF,94/4～98/11,,リア,23800,,109764,355194,DIXCEL,ブレーキパッド,RD,材質:シンタードメタリック<br>有効温度内平均摩擦係数:0.55～0.60,,26000,20800,3000
マツダ,レーザー,BHA7RF,94/4～98/11,,リア,23800,,116467,355194,DIXCEL,ブレーキパッド,RD,材質:シンタードメタリック<br>有効温度内平均摩擦係数:0.55～0.60,,26000,20800,3000
マツダ,レーザー,BHA8PF/BHA8SF,94/4～98/11,,リア,23800,,122766,355194,DIXCEL,ブレーキパッド,RD,材質:シンタードメタリック<br>有効温度内平均摩擦係数:0.55～0.60,,26000,20800,3000
マツダ,レーザーリデア,BJ5PF,98/11～01/04,4WD,リア,23800,,82446,355054,DIXCEL,ブレーキパッド,RD,材質:シンタードメタリック<br>有効温度内平均摩擦係数:0.55～0.60,,26000,20800,3000
マツダ,レーザーリデアワゴン,BJ5WF,98/11～01/04,4WD,リア,23800,,108459,355054,DIXCEL,ブレーキパッド,RD,材質:シンタードメタリック<br>有効温度内平均摩擦係数:0.55～0.60,,26000,20800,3000
マツダ,レーザーリデアワゴン,BJ8WF,98/11～01/04,,リア,23800,,121703,355054,DIXCEL,ブレーキパッド,RD,材質:シンタードメタリック<br>有効温度内平均摩擦係数:0.55～0.60,,26000,20800,3000
マツダ,ロードスター/ユーノスロードスター,NA6CE,89/9～93/9,,リア,23800,,95547,355042,DIXCEL,ブレーキパッド,RD,材質:シンタードメタリック<br>有効温度内平均摩擦係数:0.55～0.60,,26000,20800,3000
マツダ,ロードスター/ユーノスロードスター,NA8C,93/9～98/1,,リア,23800,,77206,355194,DIXCEL,ブレーキパッド,RD,材質:シンタードメタリック<br>有効温度内平均摩擦係数:0.55～0.60,,26000,20800,3000
マツダ,ロードスター/ユーノスロードスター,NB6C,00/06～05/06,NR-A,リア,23800,,83754,355234,DIXCEL,ブレーキパッド,RD,材質:シンタードメタリック<br>有効温度内平均摩擦係数:0.55～0.60,,26000,20800,3000
マツダ,ロードスター/ユーノスロードスター,NB6C,98/1～05/06,,リア,23800,,103109,355194,DIXCEL,ブレーキパッド,RD,材質:シンタードメタリック<br>有効温度内平均摩擦係数:0.55～0.60,,26000,20800,3000
マツダ,ロードスター/ユーノスロードスター,NB8C,00/06～05/06,RS/RS-II/マツダスピード,リア,23800,,116468,355234,DIXCEL,ブレーキパッド,RD,材質:シンタードメタリック<br>有効温度内平均摩擦係数:0.55～0.60,,26000,20800,3000
マツダ,ロードスター/ユーノスロードスター,NB8C,00/06～05/06,RS/RS-II/マツダスピード/ターボ/タイプA/タイプS以外,リア,23800,,96573,355194,DIXCEL,ブレーキパッド,RD,材質:シンタードメタリック<br>有効温度内平均摩擦係数:0.55～0.60,,26000,20800,3000
マツダ,ロードスター/ユーノスロードスター,NB8C,00/06～05/06,ターボ/タイプA/タイプS,リア,23800,,109765,355234,DIXCEL,ブレーキパッド,RD,材質:シンタードメタリック<br>有効温度内平均摩擦係数:0.55～0.60,,26000,20800,3000
マツダ,ロードスター/ユーノスロードスター,NB8C,98/1～00/06,,リア,23800,,77207,355194,DIXCEL,ブレーキパッド,RD,材質:シンタードメタリック<br>有効温度内平均摩擦係数:0.55～0.60,,26000,20800,3000
マツダ,ロードスター/ユーノスロードスター,NCEC,05/06～15/05,,リア,23800,,90449,355270,DIXCEL,ブレーキパッド,RD,材質:シンタードメタリック<br>有効温度内平均摩擦係数:0.55～0.60,,26000,20800,3000
マツダ,ロードスター/ユーノスロードスター,ND5RC,15/05～,RS/NR-A含む,リア,23800,,83755,355270,DIXCEL,ブレーキパッド,RD,材質:シンタードメタリック<br>有効温度内平均摩擦係数:0.55～0.60,,26000,20800,3000
三菱,FTO,DE2A,94/9～00/08,,リア,23800,,118504,345134,DIXCEL,ブレーキパッド,RD,材質:シンタードメタリック<br>有効温度内平均摩擦係数:0.55～0.60,,26000,20800,3000
三菱,FTO,DE3A,94/9～00/08,,リア,23800,,92527,345134,DIXCEL,ブレーキパッド,RD,材質:シンタードメタリック<br>有効温度内平均摩擦係数:0.55～0.60,,26000,20800,3000
三菱,GTO,Z15A,95/7～00/08,NA,リア,23800,,105085,345098,DIXCEL,ブレーキパッド,RD,材質:シンタードメタリック<br>有効温度内平均摩擦係数:0.55～0.60,,26000,20800,3000
三菱,GTO,Z16A,90/9～92/9,,リア,23800,,98522,345098,DIXCEL,ブレーキパッド,RD,材質:シンタードメタリック<br>有効温度内平均摩擦係数:0.55～0.60,,26000,20800,3000
三菱,エクリプス,D22A,89/9～91/1,,リア,23800,,97636,345024,DIXCEL,ブレーキパッド,RD,材質:シンタードメタリック<br>有効温度内平均摩擦係数:0.55～0.60,,26000,20800,3000
三菱,エクリプス,D27A,89/9～92/6,,リア,23800,,84781,345024,DIXCEL,ブレーキパッド,RD,材質:シンタードメタリック<br>有効温度内平均摩擦係数:0.55～0.60,,26000,20800,3000
三菱,エクリプス,D27A,92/7～93/5,,リア,23800,,91444,345024,DIXCEL,ブレーキパッド,RD,材質:シンタードメタリック<br>有効温度内平均摩擦係数:0.55～0.60,,26000,20800,3000
三菱,エテルナ,E33A,88/8～89/9,,リア,23800,,97637,345024,DIXCEL,ブレーキパッド,RD,材質:シンタードメタリック<br>有効温度内平均摩擦係数:0.55～0.60,,26000,20800,3000
三菱,エテルナ,E39A,88/8～89/9,NA,リア,23800,,117457,345024,DIXCEL,ブレーキパッド,RD,材質:シンタードメタリック<br>有効温度内平均摩擦係数:0.55～0.60,,26000,20800,3000
三菱,エテルナ,E39A,88/8～89/9,ターボ,リア,23800,,97638,345024,DIXCEL,ブレーキパッド,RD,材質:シンタードメタリック<br>有効温度内平均摩擦係数:0.55～0.60,,26000,20800,3000
三菱,エテルナ,E39A,89/10～92/3,NA,リア,23800,,84782,345024,DIXCEL,ブレーキパッド,RD,材質:シンタードメタリック<br>有効温度内平均摩擦係数:0.55～0.60,,26000,20800,3000
三菱,エテルナ,E39A,89/10～92/3,ターボ,リア,23800,,97639,345024,DIXCEL,ブレーキパッド,RD,材質:シンタードメタリック<br>有効温度内平均摩擦係数:0.55～0.60,,26000,20800,3000
三菱,エテルナ,E74A/E84A,92/2～96/8,ターボ,リア,23800,,91967,345098,DIXCEL,ブレーキパッド,RD,材質:シンタードメタリック<br>有効温度内平均摩擦係数:0.55～0.60,,26000,20800,3000
三菱,エテルナサヴァ,E37A/E39A,89/10～92/3,,リア,23800,,104239,345024,DIXCEL,ブレーキパッド,RD,材質:シンタードメタリック<br>有効温度内平均摩擦係数:0.55～0.60,,26000,20800,3000
三菱,エテルナシグマ,E13A,83/8～90/3,セダン<br>リア:ディスク,リア,23800,,84783,345024,DIXCEL,ブレーキパッド,RD,材質:シンタードメタリック<br>有効温度内平均摩擦係数:0.55～0.60,,26000,20800,3000
三菱,エテルナシグマ,E15A,83/8～86/9,リア:ディスク,リア,23800,,91445,345024,DIXCEL,ブレーキパッド,RD,材質:シンタードメタリック<br>有効温度内平均摩擦係数:0.55～0.60,,26000,20800,3000
三菱,エメロード,E74A/E84A,92/2～96/8,ターボ,リア,23800,,118502,345098,DIXCEL,ブレーキパッド,RD,材質:シンタードメタリック<br>有効温度内平均摩擦係数:0.55～0.60,,26000,20800,3000
三菱,ギャラン/アスパイア,E33A,87/8～89/9,AMG以外,リア,23800,,91446,345024,DIXCEL,ブレーキパッド,RD,材質:シンタードメタリック<br>有効温度内平均摩擦係数:0.55～0.60,,26000,20800,3000
三菱,ギャラン/アスパイア,E37A,88/9～89/9,,リア,23800,,97640,345024,DIXCEL,ブレーキパッド,RD,材質:シンタードメタリック<br>有効温度内平均摩擦係数:0.55～0.60,,26000,20800,3000
三菱,ギャラン/アスパイア,E37A,89/10～92/3,,リア,23800,,97641,345024,DIXCEL,ブレーキパッド,RD,材質:シンタードメタリック<br>有効温度内平均摩擦係数:0.55～0.60,,26000,20800,3000
三菱,ギャラン/アスパイア,E38A,88/2～89/9,,リア,23800,,117458,345024,DIXCEL,ブレーキパッド,RD,材質:シンタードメタリック<br>有効温度内平均摩擦係数:0.55～0.60,,26000,20800,3000
三菱,ギャラン/アスパイア,E38A,89/10～92/3,,リア,23800,,91447,345024,DIXCEL,ブレーキパッド,RD,材質:シンタードメタリック<br>有効温度内平均摩擦係数:0.55～0.60,,26000,20800,3000
三菱,ギャラン/アスパイア,E39A,87/9～89/9,NA,リア,23800,,91448,345024,DIXCEL,ブレーキパッド,RD,材質:シンタードメタリック<br>有効温度内平均摩擦係数:0.55～0.60,,26000,20800,3000
三菱,ギャラン/アスパイア,E39A,87/9～89/9,ターボ,リア,23800,,97642,345024,DIXCEL,ブレーキパッド,RD,材質:シンタードメタリック<br>有効温度内平均摩擦係数:0.55～0.60,,26000,20800,3000
三菱,ギャラン/アスパイア,E39A,89/10～92/3,NA,リア,23800,,91449,345024,DIXCEL,ブレーキパッド,RD,材質:シンタードメタリック<br>有効温度内平均摩擦係数:0.55～0.60,,26000,20800,3000
三菱,ギャラン/アスパイア,E39A,89/10～92/3,ターボ,リア,23800,,97643,345024,DIXCEL,ブレーキパッド,RD,材質:シンタードメタリック<br>有効温度内平均摩擦係数:0.55～0.60,,26000,20800,3000
三菱,ギャラン/アスパイア,E74A/E84A,92/2～96/8,ターボ,リア,23800,,105083,345098,DIXCEL,ブレーキパッド,RD,材質:シンタードメタリック<br>有効温度内平均摩擦係数:0.55～0.60,,26000,20800,3000
三菱,ギャラン/アスパイア,EC5A,96/7～05/12,,リア,23800,,105084,345098,DIXCEL,ブレーキパッド,RD,材質:シンタードメタリック<br>有効温度内平均摩擦係数:0.55～0.60,,26000,20800,3000
三菱,ギャランシグマ,E13A,83/8～99/8,セダン<br>リア:ディスク,リア,23800,,91450,345024,DIXCEL,ブレーキパッド,RD,材質:シンタードメタリック<br>有効温度内平均摩擦係数:0.55～0.60,,26000,20800,3000
三菱,ギャランシグマ,E15A,83/8～86/9,リア:ディスク,リア,23800,,123778,345024,DIXCEL,ブレーキパッド,RD,材質:シンタードメタリック<br>有効温度内平均摩擦係数:0.55～0.60,,26000,20800,3000
三菱,ギャランスポーツGT-RV,E74A,92/2～96/8,,リア,23800,,98521,345098,DIXCEL,ブレーキパッド,RD,材質:シンタードメタリック<br>有効温度内平均摩擦係数:0.55～0.60,,26000,20800,3000
三菱,コルト,Z27A,02/10～04/08,ターボ(リア:ディスク),リア,23800,,111881,345134,DIXCEL,ブレーキパッド,RD,材質:シンタードメタリック<br>有効温度内平均摩擦係数:0.55～0.60,,26000,20800,3000
三菱,コルト,Z27A,04/09～,ターボ(リア:ディスク),リア,23800,,111882,345134,DIXCEL,ブレーキパッド,RD,材質:シンタードメタリック<br>有効温度内平均摩擦係数:0.55～0.60,,26000,20800,3000
三菱,コルトプラス,Z23W,04/10～06/09,リア:ディスク,リア,23800,,92526,345134,DIXCEL,ブレーキパッド,RD,材質:シンタードメタリック<br>有効温度内平均摩擦係数:0.55～0.60,,26000,20800,3000
三菱,コルトプラス,Z23W,06/10～,リア:ディスク,リア,23800,,118503,345134,DIXCEL,ブレーキパッド,RD,材質:シンタードメタリック<br>有効温度内平均摩擦係数:0.55～0.60,,26000,20800,3000
三菱,コルトプラス,Z27W/Z27WG,04/10～,,リア,23800,,105086,345134,DIXCEL,ブレーキパッド,RD,材質:シンタードメタリック<br>有効温度内平均摩擦係数:0.55～0.60,,26000,20800,3000
三菱,シグマ,F25A/F27A,90/10～96/3,,リア,23800,,111880,345098,DIXCEL,ブレーキパッド,RD,材質:シンタードメタリック<br>有効温度内平均摩擦係数:0.55～0.60,,26000,20800,3000
三菱,シャリオグランディス,N86W/N96W,97/8～03/05,,リア,23800,,85782,345098,DIXCEL,ブレーキパッド,RD,材質:シンタードメタリック<br>有効温度内平均摩擦係数:0.55～0.60,,26000,20800,3000
三菱,ディアマンテ,F25A/F27A,92/10～94/11,,リア,23800,,85783,345098,DIXCEL,ブレーキパッド,RD,材質:シンタードメタリック<br>有効温度内平均摩擦係数:0.55～0.60,,26000,20800,3000
三菱,ディアマンテ,F41A/F46A/F47A,94/11～,,リア,23800,,98519,345098,DIXCEL,ブレーキパッド,RD,材質:シンタードメタリック<br>有効温度内平均摩擦係数:0.55～0.60,,26000,20800,3000
三菱,ディアマンテワゴン,F07W,92/10～96/10,ABS付,リア,23800,,98520,345098,DIXCEL,ブレーキパッド,RD,材質:シンタードメタリック<br>有効温度内平均摩擦係数:0.55～0.60,,26000,20800,3000
三菱,デボネア,S22A/S26A/S27A,92/8～99/11,,リア,23800,,124650,345098,DIXCEL,ブレーキパッド,RD,材質:シンタードメタリック<br>有効温度内平均摩擦係数:0.55～0.60,,26000,20800,3000
三菱,プラウディア,S32A/S33A/S43A,99/4～01/05,,リア,23800,,98523,345098,DIXCEL,ブレーキパッド,RD,材質:シンタードメタリック<br>有効温度内平均摩擦係数:0.55～0.60,,26000,20800,3000
三菱,ミニカ,H36A,93/8～98/10,リア:ディスク,リア,23800,,111884,345134,DIXCEL,ブレーキパッド,RD,材質:シンタードメタリック<br>有効温度内平均摩擦係数:0.55～0.60,,26000,20800,3000
三菱,ミラージュ,C53A/C63A,87/9～89/6,,リア,23800,,78282,345024,DIXCEL,ブレーキパッド,RD,材質:シンタードメタリック<br>有効温度内平均摩擦係数:0.55～0.60,,26000,20800,3000
三菱,ミラージュ,C73A,87/12～89/9,,リア,23800,,111878,345074,DIXCEL,ブレーキパッド,RD,材質:シンタードメタリック<br>有効温度内平均摩擦係数:0.55～0.60,,26000,20800,3000
三菱,ミラージュ,C73A,89/9～91/8,,リア,23800,,98518,345074,DIXCEL,ブレーキパッド,RD,材質:シンタードメタリック<br>有効温度内平均摩擦係数:0.55～0.60,,26000,20800,3000
三菱,ミラージュ,C83A,87/1～91/10,,リア,23800,,111879,345074,DIXCEL,ブレーキパッド,RD,材質:シンタードメタリック<br>有効温度内平均摩擦係数:0.55～0.60,,26000,20800,3000
三菱,ミラージュ,CA1A/CA3A/CB1A/CB2A/CB3A/CB7A/CB8A,91/9～95/10,リア:ディスク,リア,23800,,118505,345134,DIXCEL,ブレーキパッド,RD,材質:シンタードメタリック<br>有効温度内平均摩擦係数:0.55～0.60,,26000,20800,3000
三菱,ミラージュ,CA2A,91/9～95/10,リア:ディスク,リア,23800,,105088,345134,DIXCEL,ブレーキパッド,RD,材質:シンタードメタリック<br>有効温度内平均摩擦係数:0.55～0.60,,26000,20800,3000
三菱,ミラージュ,CA4A/CB4A/CB6A/CC4A,91/9～95/10,,リア,23800,,105089,345134,DIXCEL,ブレーキパッド,RD,材質:シンタードメタリック<br>有効温度内平均摩擦係数:0.55～0.60,,26000,20800,3000
三菱,ミラージュ,CC3A/CD3A/CD7A/CD8A,91/9～95/10,リア:ディスク,リア,23800,,85789,345134,DIXCEL,ブレーキパッド,RD,材質:シンタードメタリック<br>有効温度内平均摩擦係数:0.55～0.60,,26000,20800,3000
三菱,ミラージュ,CJ2A/CK2A/CK8A,95/8～96/8,リア:ディスク,リア,23800,,105090,345134,DIXCEL,ブレーキパッド,RD,材質:シンタードメタリック<br>有効温度内平均摩擦係数:0.55～0.60,,26000,20800,3000
三菱,ミラージュ,CJ2A/CK2A/CK8A,96/9～00/08,リア:ディスク,リア,23800,,98526,345134,DIXCEL,ブレーキパッド,RD,材質:シンタードメタリック<br>有効温度内平均摩擦係数:0.55～0.60,,26000,20800,3000
三菱,ミラージュ,CJ4A,95/10～97/6,RS 14インチ,リア,23800,,85790,345134,DIXCEL,ブレーキパッド,RD,材質:シンタードメタリック<br>有効温度内平均摩擦係数:0.55～0.60,,26000,20800,3000
三菱,ミラージュ,CJ4A,95/8～00/08,RS 15インチ,リア,23800,,92530,345134,DIXCEL,ブレーキパッド,RD,材質:シンタードメタリック<br>有効温度内平均摩擦係数:0.55～0.60,,26000,20800,3000
三菱,ミラージュ,CJ4A,95/8～00/08,サイボーグ/サイボーグRX/サイボーグZR,リア,23800,,111885,345134,DIXCEL,ブレーキパッド,RD,材質:シンタードメタリック<br>有効温度内平均摩擦係数:0.55～0.60,,26000,20800,3000
三菱,ミラージュ,CJ4A,97/7～00/08,RS 14インチ,リア,23800,,118506,345134,DIXCEL,ブレーキパッド,RD,材質:シンタードメタリック<br>有効温度内平均摩擦係数:0.55～0.60,,26000,20800,3000
三菱,ミラージュ,CK4A/CK6A/CM5A,95/8～00/08,,リア,23800,,105091,345134,DIXCEL,ブレーキパッド,RD,材質:シンタードメタリック<br>有効温度内平均摩擦係数:0.55～0.60,,26000,20800,3000
三菱,ミラージュ,CL2A/CM2A/CM8A,95/8～97/6,リア:ディスク,リア,23800,,111886,345134,DIXCEL,ブレーキパッド,RD,材質:シンタードメタリック<br>有効温度内平均摩擦係数:0.55～0.60,,26000,20800,3000
三菱,ミラージュ,CL2A/CM2A/CM8A,97/7～00/08,リア:ディスク,リア,23800,,124651,345134,DIXCEL,ブレーキパッド,RD,材質:シンタードメタリック<br>有効温度内平均摩擦係数:0.55～0.60,,26000,20800,3000
三菱,ミラージュアスティ,CA1A/CA3A,91/9～95/10,リア:ディスク,リア,23800,,105092,345134,DIXCEL,ブレーキパッド,RD,材質:シンタードメタリック<br>有効温度内平均摩擦係数:0.55～0.60,,26000,20800,3000
三菱,ミラージュアスティ,CA4A,91/9～95/10,,リア,23800,,118507,345134,DIXCEL,ブレーキパッド,RD,材質:シンタードメタリック<br>有効温度内平均摩擦係数:0.55～0.60,,26000,20800,3000
三菱,ミラージュアスティ,CJ2A,95/11～96/8,リア:ディスク,リア,23800,,118508,345134,DIXCEL,ブレーキパッド,RD,材質:シンタードメタリック<br>有効温度内平均摩擦係数:0.55～0.60,,26000,20800,3000
三菱,ミラージュアスティ,CJ2A,96/9～00/08,リア:ディスク,リア,23800,,98527,345134,DIXCEL,ブレーキパッド,RD,材質:シンタードメタリック<br>有効温度内平均摩擦係数:0.55～0.60,,26000,20800,3000
三菱,ミラージュアスティ,CJ4A,95/11～00/08,RS 15インチ,リア,23800,,118509,345134,DIXCEL,ブレーキパッド,RD,材質:シンタードメタリック<br>有効温度内平均摩擦係数:0.55～0.60,,26000,20800,3000
三菱,ミラージュアスティ,CJ4A,95/11～00/08,RX バージョンR,リア,23800,,85791,345134,DIXCEL,ブレーキパッド,RD,材質:シンタードメタリック<br>有効温度内平均摩擦係数:0.55～0.60,,26000,20800,3000
三菱,ミラージュアスティ,CJ4A,95/11～00/08,ZR/RX/R,リア,23800,,124652,345134,DIXCEL,ブレーキパッド,RD,材質:シンタードメタリック<br>有効温度内平均摩擦係数:0.55～0.60,,26000,20800,3000
三菱,ミラージュアスティ,CJ4A,95/11～97/6,RS 14インチ,リア,23800,,118510,345134,DIXCEL,ブレーキパッド,RD,材質:シンタードメタリック<br>有効温度内平均摩擦係数:0.55～0.60,,26000,20800,3000
三菱,ミラージュアスティ,CJ4A,97/7～00/08,RS 14インチ,リア,23800,,111887,345134,DIXCEL,ブレーキパッド,RD,材質:シンタードメタリック<br>有効温度内平均摩擦係数:0.55～0.60,,26000,20800,3000
三菱,ランサー/ランサーセディア,C63A,87/9～89/6,,リア,23800,,78281,345024,DIXCEL,ブレーキパッド,RD,材質:シンタードメタリック<br>有効温度内平均摩擦係数:0.55～0.60,,26000,20800,3000
三菱,ランサー/ランサーセディア,C73A,87/12～89/9,,リア,23800,,118501,345074,DIXCEL,ブレーキパッド,RD,材質:シンタードメタリック<br>有効温度内平均摩擦係数:0.55～0.60,,26000,20800,3000
三菱,ランサー/ランサーセディア,C73A,89/9～91/8,,リア,23800,,79136,345074,DIXCEL,ブレーキパッド,RD,材質:シンタードメタリック<br>有効温度内平均摩擦係数:0.55～0.60,,26000,20800,3000
三菱,ランサー/ランサーセディア,CB1A/CB2A/CB3A/CB7A/CB8A,91/9～95/10,リア:ディスク,リア,23800,,92528,345134,DIXCEL,ブレーキパッド,RD,材質:シンタードメタリック<br>有効温度内平均摩擦係数:0.55～0.60,,26000,20800,3000
三菱,ランサー/ランサーセディア,CB4A/CB6A/CD5A,91/9～95/10,,リア,23800,,111883,345134,DIXCEL,ブレーキパッド,RD,材質:シンタードメタリック<br>有効温度内平均摩擦係数:0.55～0.60,,26000,20800,3000
三菱,ランサー/ランサーセディア,CD3A/CD7A/CD8A,91/9～95/10,リア:ディスク,リア,23800,,105087,345134,DIXCEL,ブレーキパッド,RD,材質:シンタードメタリック<br>有効温度内平均摩擦係数:0.55～0.60,,26000,20800,3000
三菱,ランサー/ランサーセディア,CK2A/CK8A,95/8～96/8,リア:ディスク,リア,23800,,85786,345134,DIXCEL,ブレーキパッド,RD,材質:シンタードメタリック<br>有効温度内平均摩擦係数:0.55～0.60,,26000,20800,3000
三菱,ランサー/ランサーセディア,CK2A/CK8A,96/9～00/08,リア:ディスク,リア,23800,,98524,345134,DIXCEL,ブレーキパッド,RD,材質:シンタードメタリック<br>有効温度内平均摩擦係数:0.55～0.60,,26000,20800,3000
三菱,ランサー/ランサーセディア,CK4A/CK6A,95/8～00/08,,リア,23800,,98525,345134,DIXCEL,ブレーキパッド,RD,材質:シンタードメタリック<br>有効温度内平均摩擦係数:0.55～0.60,,26000,20800,3000
三菱,ランサー/ランサーセディア,CM2A/CM8A,95/8～97/6,リア:ディスク,リア,23800,,79139,345134,DIXCEL,ブレーキパッド,RD,材質:シンタードメタリック<br>有効温度内平均摩擦係数:0.55～0.60,,26000,20800,3000
三菱,ランサー/ランサーセディア,CM2A/CM8A,97/7～00/08,リア:ディスク,リア,23800,,92529,345134,DIXCEL,ブレーキパッド,RD,材質:シンタードメタリック<br>有効温度内平均摩擦係数:0.55～0.60,,26000,20800,3000
三菱,ランサー/ランサーセディア,CM5A,95/8～00/08,,リア,23800,,85787,345134,DIXCEL,ブレーキパッド,RD,材質:シンタードメタリック<br>有効温度内平均摩擦係数:0.55～0.60,,26000,20800,3000
三菱,ランサーエボリューション,CT9A,00/03～07/11,MR含む<br>GT-A,リア,23800,,91955,325499,DIXCEL,ブレーキパッド,RD,材質:シンタードメタリック<br>有効温度内平均摩擦係数:0.55～0.60,,26000,20800,3000
三菱,ランサーエボリューション/II/III,CD9A/CE9A,92/10～96/9,EVOLUTION I・II・III,リア,23800,,85788,345134,DIXCEL,ブレーキパッド,RD,材質:シンタードメタリック<br>有効温度内平均摩擦係数:0.55～0.60,,26000,20800,3000
三菱,ランサーエボリューションIV,CN9A,96/9～98/2,EVOLUTION4,リア,23800,,79137,345098,DIXCEL,ブレーキパッド,RD,材質:シンタードメタリック<br>有効温度内平均摩擦係数:0.55～0.60,,26000,20800,3000
三菱,ランサーエボリューションV/VI,CP9A,98/2～00/03,T.マキネン仕様含む<br>EVOLUTION5/6,リア,23800,,85776,325499,DIXCEL,ブレーキパッド,RD,材質:シンタードメタリック<br>有効温度内平均摩擦係数:0.55～0.60,,26000,20800,3000
三菱,ランサーエボリューションV/VI,CP9A,98/2～00/03,T.マキネン仕様含む<br>EVOLUTION5/6,リア,23800,,85784,345098,DIXCEL,ブレーキパッド,RD,材質:シンタードメタリック<br>有効温度内平均摩擦係数:0.55～0.60,,26000,20800,3000
三菱,ランサーエボリューションVII/VIII/IX,CT9A,00/03～07/11,MR含む<br>EVOLUTION 7/8/9,リア,23800,,85785,345098,DIXCEL,ブレーキパッド,RD,材質:シンタードメタリック<br>有効温度内平均摩擦係数:0.55～0.60,,26000,20800,3000
三菱,ランサーエボリューションVII/VIII/IX,CT9A,00/03～07/11,MR含む<br>EVOLUTION 7/8/9,リア,23800,,91954,325499,DIXCEL,ブレーキパッド,RD,材質:シンタードメタリック<br>有効温度内平均摩擦係数:0.55～0.60,,26000,20800,3000
三菱,ランサーエボリューションX,CZ4A,07/10～,Evo.10,リア,23800,,124653,365084,DIXCEL,ブレーキパッド,RD,材質:シンタードメタリック<br>有効温度内平均摩擦係数:0.55～0.60,,26000,20800,3000
三菱,ランサーエボリューションワゴン,CT9W,05/09～07/11,GT/GT-A/MR,リア,23800,,91956,325499,DIXCEL,ブレーキパッド,RD,材質:シンタードメタリック<br>有効温度内平均摩擦係数:0.55～0.60,,26000,20800,3000
三菱,リベロ/リベロカーゴ,CB1V/CB2V/CB2W/CB4W/CB5W/CB8V/CB8W,92/4～02/08,リア:ディスク,リア,23800,,79140,345134,DIXCEL,ブレーキパッド,RD,材質:シンタードメタリック<br>有効温度内平均摩擦係数:0.55～0.60,,26000,20800,3000
三菱,リベロ/リベロカーゴ,CD5W,92/4～02/08,リア:ディスク,リア,23800,,105082,345074,DIXCEL,ブレーキパッド,RD,材質:シンタードメタリック<br>有効温度内平均摩擦係数:0.55～0.60,,26000,20800,3000
三菱,レグナムVR-4,EC5W,96/6～02/08,,リア,23800,,79138,345098,DIXCEL,ブレーキパッド,RD,材質:シンタードメタリック<br>有効温度内平均摩擦係数:0.55～0.60,,26000,20800,3000
