自動車メーカー,車種,型式,年式,排気量,適合詳細,取付位置,SET価格,Camp価格,商品ID,物販コード,取付コード,JANコード,メーカー品番,メーカー名,商品名,種類,仕様,備考,注意事項,定価,販売価格
スズキ,Kei,HN11S/HN21S,H10/10～H21/10,660,,フロント,13800,,272608,MX72k-EP361-qq-e-4518k,MX72k-EP361-qq-e-d-4518k,4515693834871,EP361,ENDLESS,ブレーキパッド,MX72k,ローター適正温度域:50～700℃<br>平均摩擦係数:0.37～0.47<br>材質:セミメタル(セラミックカーボンメタル)<br>走行フィールド:ストリート～サーキット<br>ベストマッチタイヤ:ラジアル～ハイグリップラジアル,,,16000,11786
スズキ,Kei,HN22S,H10/10～H21/10,660,NA ～620000,フロント,13800,,272611,MX72k-EP361-qq-e-4521k,MX72k-EP361-qq-e-d-4521k,4515693834871,EP361,ENDLESS,ブレーキパッド,MX72k,ローター適正温度域:50～700℃<br>平均摩擦係数:0.37～0.47<br>材質:セミメタル(セラミックカーボンメタル)<br>走行フィールド:ストリート～サーキット<br>ベストマッチタイヤ:ラジアル～ハイグリップラジアル,,,16000,11786
スズキ,Kei,HN22S,H10/10～H21/10,660,NA 620001～643168,フロント,13800,,272612,MX72k-EP361-qq-e-4522k,MX72k-EP361-qq-e-d-4522k,4515693834871,EP361,ENDLESS,ブレーキパッド,MX72k,ローター適正温度域:50～700℃<br>平均摩擦係数:0.37～0.47<br>材質:セミメタル(セラミックカーボンメタル)<br>走行フィールド:ストリート～サーキット<br>ベストマッチタイヤ:ラジアル～ハイグリップラジアル,,,16000,11786
スズキ,Kei,HN22S,H10/10～H21/10,660,NA 643169～,フロント,13800,,272742,MX72k-EP441-qq-e-4523k,MX72k-EP441-qq-e-d-4523k,4515693837704,EP441,ENDLESS,ブレーキパッド,MX72k,ローター適正温度域:50～700℃<br>平均摩擦係数:0.37～0.47<br>材質:セミメタル(セラミックカーボンメタル)<br>走行フィールド:ストリート～サーキット<br>ベストマッチタイヤ:ラジアル～ハイグリップラジアル,,,16000,11786
スズキ,Kei,HN22S,H10/10～H21/10,660,ターボ 770001～,フロント,13800,,272610,MX72k-EP361-qq-e-4520k,MX72k-EP361-qq-e-d-4520k,4515693834871,EP361,ENDLESS,ブレーキパッド,MX72k,ローター適正温度域:50～700℃<br>平均摩擦係数:0.37～0.47<br>材質:セミメタル(セラミックカーボンメタル)<br>走行フィールド:ストリート～サーキット<br>ベストマッチタイヤ:ラジアル～ハイグリップラジアル,,,16000,11786
スズキ,Kei,HN22S,H10/10～H21/10,660,ターボ No.～770000,フロント,13800,,272609,MX72k-EP361-qq-e-4519k,MX72k-EP361-qq-e-d-4519k,4515693834871,EP361,ENDLESS,ブレーキパッド,MX72k,ローター適正温度域:50～700℃<br>平均摩擦係数:0.37～0.47<br>材質:セミメタル(セラミックカーボンメタル)<br>走行フィールド:ストリート～サーキット<br>ベストマッチタイヤ:ラジアル～ハイグリップラジアル,,,16000,11786
スズキ,Keiワークス,HN22S,H14/11～H21/10,660,,フロント,13800,,272613,MX72k-EP361-qq-e-4524k,MX72k-EP361-qq-e-d-4524k,4515693834871,EP361,ENDLESS,ブレーキパッド,MX72k,ローター適正温度域:50～700℃<br>平均摩擦係数:0.37～0.47<br>材質:セミメタル(セラミックカーボンメタル)<br>走行フィールド:ストリート～サーキット<br>ベストマッチタイヤ:ラジアル～ハイグリップラジアル,,,16000,11786
スズキ,Keiワークス,HN22S,H14/11～H21/10,660,,リア,13800,,272560,MX72k-EP210-qq-e-9082k,MX72k-EP210-qq-e-d-9082k,4515693830187,EP210,ENDLESS,ブレーキパッド,MX72k,ローター適正温度域:50～700℃<br>平均摩擦係数:0.37～0.47<br>材質:セミメタル(セラミックカーボンメタル)<br>走行フィールド:ストリート～サーキット<br>ベストマッチタイヤ:ラジアル～ハイグリップラジアル,,,16000,11786
スズキ,MRワゴン,MF21S,H13/12～H18/1,660,型式指定:11180(No.～140469)/11181(No.～531118)/11364(No.～354147),フロント,13800,,272606,MX72k-EP361-qq-e-4510k,MX72k-EP361-qq-e-d-4510k,4515693834871,EP361,ENDLESS,ブレーキパッド,MX72k,ローター適正温度域:50～700℃<br>平均摩擦係数:0.37～0.47<br>材質:セミメタル(セラミックカーボンメタル)<br>走行フィールド:ストリート～サーキット<br>ベストマッチタイヤ:ラジアル～ハイグリップラジアル,,,16000,11786
スズキ,MRワゴン,MF21S,H13/12～H18/1,660,型式指定:11180(No.140470～163579)/11181(No.531119～)/11364(No.354148～409137)/12362(No.～409137)/12363(No.～163579),フロント,13800,,272607,MX72k-EP361-qq-e-4511k,MX72k-EP361-qq-e-d-4511k,4515693834871,EP361,ENDLESS,ブレーキパッド,MX72k,ローター適正温度域:50～700℃<br>平均摩擦係数:0.37～0.47<br>材質:セミメタル(セラミックカーボンメタル)<br>走行フィールド:ストリート～サーキット<br>ベストマッチタイヤ:ラジアル～ハイグリップラジアル,,,16000,11786
スズキ,MRワゴン,MF21S,H13/12～H18/1,660,型式指定:11180(No.163580～)/11364(No.409138～)/12362(No.409138～)/12363(No.163580～),フロント,13800,,272738,MX72k-EP441-qq-e-4512k,MX72k-EP441-qq-e-d-4512k,4515693837704,EP441,ENDLESS,ブレーキパッド,MX72k,ローター適正温度域:50～700℃<br>平均摩擦係数:0.37～0.47<br>材質:セミメタル(セラミックカーボンメタル)<br>走行フィールド:ストリート～サーキット<br>ベストマッチタイヤ:ラジアル～ハイグリップラジアル,,,16000,11786
スズキ,MRワゴン,MF22S,H18/1～H23/1,660,リアドラム,フロント,13800,,272739,MX72k-EP441-qq-e-4513k,MX72k-EP441-qq-e-d-4513k,4515693837704,EP441,ENDLESS,ブレーキパッド,MX72k,ローター適正温度域:50～700℃<br>平均摩擦係数:0.37～0.47<br>材質:セミメタル(セラミックカーボンメタル)<br>走行フィールド:ストリート～サーキット<br>ベストマッチタイヤ:ラジアル～ハイグリップラジアル,,,16000,11786
スズキ,MRワゴン,MF33S,H23/1～H25/7,660,リアドラム,フロント,13800,,272740,MX72k-EP441-qq-e-4514k,MX72k-EP441-qq-e-d-4514k,4515693837704,EP441,ENDLESS,ブレーキパッド,MX72k,ローター適正温度域:50～700℃<br>平均摩擦係数:0.37～0.47<br>材質:セミメタル(セラミックカーボンメタル)<br>走行フィールド:ストリート～サーキット<br>ベストマッチタイヤ:ラジアル～ハイグリップラジアル,,,16000,11786
スズキ,MRワゴン,MF33S,H25/7～H28/3,660,リアドラム,フロント,13800,,272741,MX72k-EP441-qq-e-4515k,MX72k-EP441-qq-e-d-4515k,4515693837704,EP441,ENDLESS,ブレーキパッド,MX72k,ローター適正温度域:50～700℃<br>平均摩擦係数:0.37～0.47<br>材質:セミメタル(セラミックカーボンメタル)<br>走行フィールド:ストリート～サーキット<br>ベストマッチタイヤ:ラジアル～ハイグリップラジアル,,,16000,11786
スズキ,アルト,HA24S,H18/1～H21/12,660,EII,フロント,13800,,272734,MX72k-EP441-qq-e-4501k,MX72k-EP441-qq-e-d-4501k,4515693837704,EP441,ENDLESS,ブレーキパッド,MX72k,ローター適正温度域:50～700℃<br>平均摩擦係数:0.37～0.47<br>材質:セミメタル(セラミックカーボンメタル)<br>走行フィールド:ストリート～サーキット<br>ベストマッチタイヤ:ラジアル～ハイグリップラジアル,,,16000,11786
スズキ,アルト/アルトハッスル,CR22S,H2/3～H6/9,660,FF・DOHCターボ・3型・No.100001～250000,フロント,13800,,272566,MX72k-EP237-qq-e-4494k,MX72k-EP237-qq-e-d-4494k,4515693830873,EP237,ENDLESS,ブレーキパッド,MX72k,ローター適正温度域:50～700℃<br>平均摩擦係数:0.37～0.47<br>材質:セミメタル(セラミックカーボンメタル)<br>走行フィールド:ストリート～サーキット<br>ベストマッチタイヤ:ラジアル～ハイグリップラジアル,,,16000,11786
スズキ,アルト/アルトハッスル,CR22S,H2/3～H6/9,660,FF・DOHCターボ・3型・No.100001～250000,リア,13800,,272577,MX72k-EP286-qq-e-9075k,MX72k-EP286-qq-e-d-9075k,4515693832549,EP286,ENDLESS,ブレーキパッド,MX72k,ローター適正温度域:50～700℃<br>平均摩擦係数:0.37～0.47<br>材質:セミメタル(セラミックカーボンメタル)<br>走行フィールド:ストリート～サーキット<br>ベストマッチタイヤ:ラジアル～ハイグリップラジアル,,,16000,11786
スズキ,アルト/アルトハッスル,CR22S,H2/3～H6/9,660,FF・SOHC・DOHCターボ・4型・No.250001～,フロント,13800,,272567,MX72k-EP237-qq-e-4495k,MX72k-EP237-qq-e-d-4495k,4515693830873,EP237,ENDLESS,ブレーキパッド,MX72k,ローター適正温度域:50～700℃<br>平均摩擦係数:0.37～0.47<br>材質:セミメタル(セラミックカーボンメタル)<br>走行フィールド:ストリート～サーキット<br>ベストマッチタイヤ:ラジアル～ハイグリップラジアル,,,16000,11786
スズキ,アルト/アルトハッスル,CR22S,H2/3～H6/9,660,FF・SOHC・DOHCターボ・4型・No.250001～,リア,13800,,272578,MX72k-EP286-qq-e-9076k,MX72k-EP286-qq-e-d-9076k,4515693832549,EP286,ENDLESS,ブレーキパッド,MX72k,ローター適正温度域:50～700℃<br>平均摩擦係数:0.37～0.47<br>材質:セミメタル(セラミックカーボンメタル)<br>走行フィールド:ストリート～サーキット<br>ベストマッチタイヤ:ラジアル～ハイグリップラジアル,,,16000,11786
スズキ,アルト/アルトハッスル,CS22S,H2/3～H6/9,660,4WD・DOHCターボ・3ドア・3型・No.100001～250000,フロント,13800,,272568,MX72k-EP237-qq-e-4496k,MX72k-EP237-qq-e-d-4496k,4515693830873,EP237,ENDLESS,ブレーキパッド,MX72k,ローター適正温度域:50～700℃<br>平均摩擦係数:0.37～0.47<br>材質:セミメタル(セラミックカーボンメタル)<br>走行フィールド:ストリート～サーキット<br>ベストマッチタイヤ:ラジアル～ハイグリップラジアル,,,16000,11786
スズキ,アルト/アルトハッスル,CS22S,H2/3～H6/9,660,4WD・DOHCターボ・3ドア・3型・No.100001～250000,リア,13800,,272579,MX72k-EP286-qq-e-9077k,MX72k-EP286-qq-e-d-9077k,4515693832549,EP286,ENDLESS,ブレーキパッド,MX72k,ローター適正温度域:50～700℃<br>平均摩擦係数:0.37～0.47<br>材質:セミメタル(セラミックカーボンメタル)<br>走行フィールド:ストリート～サーキット<br>ベストマッチタイヤ:ラジアル～ハイグリップラジアル,,,16000,11786
スズキ,アルト/アルトハッスル,CS22S,H2/3～H6/9,660,4WD・SOHC・DOHCターボ・3ドア・4型・No.250001～,フロント,13800,,272569,MX72k-EP237-qq-e-4497k,MX72k-EP237-qq-e-d-4497k,4515693830873,EP237,ENDLESS,ブレーキパッド,MX72k,ローター適正温度域:50～700℃<br>平均摩擦係数:0.37～0.47<br>材質:セミメタル(セラミックカーボンメタル)<br>走行フィールド:ストリート～サーキット<br>ベストマッチタイヤ:ラジアル～ハイグリップラジアル,,,16000,11786
スズキ,アルト/アルトハッスル,CS22S,H2/3～H6/9,660,4WD・SOHC・DOHCターボ・3ドア・4型・No.250001～,リア,13800,,272580,MX72k-EP286-qq-e-9078k,MX72k-EP286-qq-e-d-9078k,4515693832549,EP286,ENDLESS,ブレーキパッド,MX72k,ローター適正温度域:50～700℃<br>平均摩擦係数:0.37～0.47<br>材質:セミメタル(セラミックカーボンメタル)<br>走行フィールド:ストリート～サーキット<br>ベストマッチタイヤ:ラジアル～ハイグリップラジアル,,,16000,11786
スズキ,アルト/アルトワークス,HA22S,H10/10～H17/1,660,ワークス・RS/Z・4輪ディスク,フロント,13800,,272602,MX72k-EP361-qq-e-4500k,MX72k-EP361-qq-e-d-4500k,4515693834871,EP361,ENDLESS,ブレーキパッド,MX72k,ローター適正温度域:50～700℃<br>平均摩擦係数:0.37～0.47<br>材質:セミメタル(セラミックカーボンメタル)<br>走行フィールド:ストリート～サーキット<br>ベストマッチタイヤ:ラジアル～ハイグリップラジアル,,,16000,11786
スズキ,アルト/アルトワークス,HA22S,H10/10～H17/1,660,ワークス・RS/Z・4輪ディスク,リア,13800,,272559,MX72k-EP210-qq-e-9080k,MX72k-EP210-qq-e-d-9080k,4515693830187,EP210,ENDLESS,ブレーキパッド,MX72k,ローター適正温度域:50～700℃<br>平均摩擦係数:0.37～0.47<br>材質:セミメタル(セラミックカーボンメタル)<br>走行フィールド:ストリート～サーキット<br>ベストマッチタイヤ:ラジアル～ハイグリップラジアル,,,16000,11786
スズキ,アルトラパン,HE21S,H14/1～H20/11,660,リアドラム(No.100001～140000/300001～420000/900001～920000),フロント,13800,,272603,MX72k-EP361-qq-e-4503k,MX72k-EP361-qq-e-d-4503k,4515693834871,EP361,ENDLESS,ブレーキパッド,MX72k,ローター適正温度域:50～700℃<br>平均摩擦係数:0.37～0.47<br>材質:セミメタル(セラミックカーボンメタル)<br>走行フィールド:ストリート～サーキット<br>ベストマッチタイヤ:ラジアル～ハイグリップラジアル,,,16000,11786
スズキ,アルトラパン,HE21S,H14/1～H20/11,660,リアドラム(No.140001～161593/420001～519297/920001～950000),フロント,13800,,272604,MX72k-EP361-qq-e-4504k,MX72k-EP361-qq-e-d-4504k,4515693834871,EP361,ENDLESS,ブレーキパッド,MX72k,ローター適正温度域:50～700℃<br>平均摩擦係数:0.37～0.47<br>材質:セミメタル(セラミックカーボンメタル)<br>走行フィールド:ストリート～サーキット<br>ベストマッチタイヤ:ラジアル～ハイグリップラジアル,,,16000,11786
スズキ,アルトラパン,HE21S,H14/1～H20/11,660,リアドラム(No.480001～519297/150001～161593),フロント,13800,,272605,MX72k-EP361-qq-e-4505k,MX72k-EP361-qq-e-d-4505k,4515693834871,EP361,ENDLESS,ブレーキパッド,MX72k,ローター適正温度域:50～700℃<br>平均摩擦係数:0.37～0.47<br>材質:セミメタル(セラミックカーボンメタル)<br>走行フィールド:ストリート～サーキット<br>ベストマッチタイヤ:ラジアル～ハイグリップラジアル,,,16000,11786
スズキ,アルトラパン,HE21S,H14/1～H20/11,660,リアドラム(No.9500001～/519298～/161594～),フロント,13800,,272735,MX72k-EP441-qq-e-4506k,MX72k-EP441-qq-e-d-4506k,4515693837704,EP441,ENDLESS,ブレーキパッド,MX72k,ローター適正温度域:50～700℃<br>平均摩擦係数:0.37～0.47<br>材質:セミメタル(セラミックカーボンメタル)<br>走行フィールド:ストリート～サーキット<br>ベストマッチタイヤ:ラジアル～ハイグリップラジアル,,,16000,11786
スズキ,アルトラパン,HE22S,H20/11～,660,,フロント,13800,,272736,MX72k-EP441-qq-e-4507k,MX72k-EP441-qq-e-d-4507k,4515693837704,EP441,ENDLESS,ブレーキパッド,MX72k,ローター適正温度域:50～700℃<br>平均摩擦係数:0.37～0.47<br>材質:セミメタル(セラミックカーボンメタル)<br>走行フィールド:ストリート～サーキット<br>ベストマッチタイヤ:ラジアル～ハイグリップラジアル,,,16000,11786
スズキ,アルトラパン,HE33S,H27/6～,660,,フロント,13800,,272772,MX72k-EP516-qq-e-4508k,MX72k-EP516-qq-e-d-4508k,4515693868357,EP516,ENDLESS,ブレーキパッド,MX72k,ローター適正温度域:50～700℃<br>平均摩擦係数:0.37～0.47<br>材質:セミメタル(セラミックカーボンメタル)<br>走行フィールド:ストリート～サーキット<br>ベストマッチタイヤ:ラジアル～ハイグリップラジアル,,,16000,11786
スズキ,アルトワークス,HA11S/HB11S,H6/9～H10/10,660,リアドラム,フロント,13800,,272570,MX72k-EP237-qq-e-4498k,MX72k-EP237-qq-e-d-4498k,4515693830873,EP237,ENDLESS,ブレーキパッド,MX72k,ローター適正温度域:50～700℃<br>平均摩擦係数:0.37～0.47<br>材質:セミメタル(セラミックカーボンメタル)<br>走行フィールド:ストリート～サーキット<br>ベストマッチタイヤ:ラジアル～ハイグリップラジアル,,,16000,11786
スズキ,アルトワークス,HA11S/HB11S/HA21S/HB21S,H6/9～H10/10,660,4輪ディスク,フロント,13800,,272571,MX72k-EP237-qq-e-4499k,MX72k-EP237-qq-e-d-4499k,4515693830873,EP237,ENDLESS,ブレーキパッド,MX72k,ローター適正温度域:50～700℃<br>平均摩擦係数:0.37～0.47<br>材質:セミメタル(セラミックカーボンメタル)<br>走行フィールド:ストリート～サーキット<br>ベストマッチタイヤ:ラジアル～ハイグリップラジアル,,,16000,11786
スズキ,アルトワークス,HA11S/HB11S/HA21S/HB21S,H6/9～H10/10,660,4輪ディスク,リア,13800,,272581,MX72k-EP286-qq-e-9079k,MX72k-EP286-qq-e-d-9079k,4515693832549,EP286,ENDLESS,ブレーキパッド,MX72k,ローター適正温度域:50～700℃<br>平均摩擦係数:0.37～0.47<br>材質:セミメタル(セラミックカーボンメタル)<br>走行フィールド:ストリート～サーキット<br>ベストマッチタイヤ:ラジアル～ハイグリップラジアル,,,16000,11786
スズキ,アルトワークス,HA36S,H27/12～,660,,フロント,13800,,272677,MX72k-EP387-qq-e-4502k,MX72k-EP387-qq-e-d-4502k,4515693835564,EP387,ENDLESS,ブレーキパッド,MX72k,ローター適正温度域:50～700℃<br>平均摩擦係数:0.37～0.47<br>材質:セミメタル(セラミックカーボンメタル)<br>走行フィールド:ストリート～サーキット<br>ベストマッチタイヤ:ラジアル～ハイグリップラジアル,,,16000,11786
スズキ,エブリイワゴン,DA64W,H20/4～H27/2,660,,フロント,13800,,272737,MX72k-EP441-qq-e-4509k,MX72k-EP441-qq-e-d-4509k,4515693837704,EP441,ENDLESS,ブレーキパッド,MX72k,ローター適正温度域:50～700℃<br>平均摩擦係数:0.37～0.47<br>材質:セミメタル(セラミックカーボンメタル)<br>走行フィールド:ストリート～サーキット<br>ベストマッチタイヤ:ラジアル～ハイグリップラジアル,,,16000,11786
スズキ,カプチーノ,EA11R/EA21R,H3/11～H10/10,660,,フロント,13800,,272524,MX72k-EP179-qq-e-4516k,MX72k-EP179-qq-e-d-4516k,4515693829914,EP179,ENDLESS,ブレーキパッド,MX72k,ローター適正温度域:50～700℃<br>平均摩擦係数:0.37～0.47<br>材質:セミメタル(セラミックカーボンメタル)<br>走行フィールド:ストリート～サーキット<br>ベストマッチタイヤ:ラジアル～ハイグリップラジアル,,,16000,11786
スズキ,カプチーノ,EA11R/EA21R,H3/11～H10/10,660,,リア,13800,,272582,MX72k-EP286-qq-e-9081k,MX72k-EP286-qq-e-d-9081k,4515693832549,EP286,ENDLESS,ブレーキパッド,MX72k,ローター適正温度域:50～700℃<br>平均摩擦係数:0.37～0.47<br>材質:セミメタル(セラミックカーボンメタル)<br>走行フィールド:ストリート～サーキット<br>ベストマッチタイヤ:ラジアル～ハイグリップラジアル,,,16000,11786
スズキ,カルタスエスティーム,AH14S/AH64S/AJ14S/AJ64S,H1/6～H10/7,1500～1600,,フロント,13800,,272525,MX72k-EP179-qq-e-4517k,MX72k-EP179-qq-e-d-4517k,4515693829914,EP179,ENDLESS,ブレーキパッド,MX72k,ローター適正温度域:50～700℃<br>平均摩擦係数:0.37～0.47<br>材質:セミメタル(セラミックカーボンメタル)<br>走行フィールド:ストリート～サーキット<br>ベストマッチタイヤ:ラジアル～ハイグリップラジアル,,,16000,11786
スズキ,ジムニー,JB23W,H10/10～,660,,フロント,13800,,272591,MX72k-EP337-qq-e-4528k,MX72k-EP337-qq-e-d-4528k,4515693834000,EP337,ENDLESS,ブレーキパッド,MX72k,ローター適正温度域:50～700℃<br>平均摩擦係数:0.37～0.47<br>材質:セミメタル(セラミックカーボンメタル)<br>走行フィールド:ストリート～サーキット<br>ベストマッチタイヤ:ラジアル～ハイグリップラジアル,,,16000,11786
スズキ,ジムニー,SJ30,S56/5～H2/2,550,1/2型,フロント,13800,,272588,MX72k-EP337-qq-e-4525k,MX72k-EP337-qq-e-d-4525k,4515693834000,EP337,ENDLESS,ブレーキパッド,MX72k,ローター適正温度域:50～700℃<br>平均摩擦係数:0.37～0.47<br>材質:セミメタル(セラミックカーボンメタル)<br>走行フィールド:ストリート～サーキット<br>ベストマッチタイヤ:ラジアル～ハイグリップラジアル,,,16000,11786
スズキ,ジムニー,SJ30,S56/5～H2/2,550,3/4型,フロント,13800,,272589,MX72k-EP337-qq-e-4526k,MX72k-EP337-qq-e-d-4526k,4515693834000,EP337,ENDLESS,ブレーキパッド,MX72k,ローター適正温度域:50～700℃<br>平均摩擦係数:0.37～0.47<br>材質:セミメタル(セラミックカーボンメタル)<br>走行フィールド:ストリート～サーキット<br>ベストマッチタイヤ:ラジアル～ハイグリップラジアル,,,16000,11786
スズキ,ジムニー,SJ40,S56/5～H2/2,1000～,,フロント,13800,,272590,MX72k-EP337-qq-e-4527k,MX72k-EP337-qq-e-d-4527k,4515693834000,EP337,ENDLESS,ブレーキパッド,MX72k,ローター適正温度域:50～700℃<br>平均摩擦係数:0.37～0.47<br>材質:セミメタル(セラミックカーボンメタル)<br>走行フィールド:ストリート～サーキット<br>ベストマッチタイヤ:ラジアル～ハイグリップラジアル,,,16000,11786
スズキ,スイフト,HT51S,H12/1～H17/5,1300,リアドラム,フロント,13800,,272678,MX72k-EP387-qq-e-4529k,MX72k-EP387-qq-e-d-4529k,4515693835564,EP387,ENDLESS,ブレーキパッド,MX72k,ローター適正温度域:50～700℃<br>平均摩擦係数:0.37～0.47<br>材質:セミメタル(セラミックカーボンメタル)<br>走行フィールド:ストリート～サーキット<br>ベストマッチタイヤ:ラジアル～ハイグリップラジアル,,,16000,11786
スズキ,スイフトスポーツ,HT81S,H15/6～H17/5,1500,,フロント,13800,,272679,MX72k-EP387-qq-e-4530k,MX72k-EP387-qq-e-d-4530k,4515693835564,EP387,ENDLESS,ブレーキパッド,MX72k,ローター適正温度域:50～700℃<br>平均摩擦係数:0.37～0.47<br>材質:セミメタル(セラミックカーボンメタル)<br>走行フィールド:ストリート～サーキット<br>ベストマッチタイヤ:ラジアル～ハイグリップラジアル,,,16000,11786
スズキ,スペーシア,MK32S,H25/6～H29/12,660,,フロント,13800,,272743,MX72k-EP441-qq-e-4531k,MX72k-EP441-qq-e-d-4531k,4515693837704,EP441,ENDLESS,ブレーキパッド,MX72k,ローター適正温度域:50～700℃<br>平均摩擦係数:0.37～0.47<br>材質:セミメタル(セラミックカーボンメタル)<br>走行フィールド:ストリート～サーキット<br>ベストマッチタイヤ:ラジアル～ハイグリップラジアル,,,16000,11786
スズキ,スペーシア,MK42S,H27/5～H29/12,660,,フロント,13800,,272744,MX72k-EP441-qq-e-4532k,MX72k-EP441-qq-e-d-4532k,4515693837704,EP441,ENDLESS,ブレーキパッド,MX72k,ローター適正温度域:50～700℃<br>平均摩擦係数:0.37～0.47<br>材質:セミメタル(セラミックカーボンメタル)<br>走行フィールド:ストリート～サーキット<br>ベストマッチタイヤ:ラジアル～ハイグリップラジアル,,,16000,11786
スズキ,スペーシア,MK53S,H29/12～,660,2WD,フロント,13800,,272773,MX72k-EP516-qq-e-4533k,MX72k-EP516-qq-e-d-4533k,4515693868357,EP516,ENDLESS,ブレーキパッド,MX72k,ローター適正温度域:50～700℃<br>平均摩擦係数:0.37～0.47<br>材質:セミメタル(セラミックカーボンメタル)<br>走行フィールド:ストリート～サーキット<br>ベストマッチタイヤ:ラジアル～ハイグリップラジアル,,,16000,11786
スズキ,スペーシア,MK53S,H29/12～,660,4WD,フロント,13800,,272767,MX72k-EP503-qq-e-4534k,MX72k-EP503-qq-e-d-4534k,4515693861587,EP503,ENDLESS,ブレーキパッド,MX72k,ローター適正温度域:50～700℃<br>平均摩擦係数:0.37～0.47<br>材質:セミメタル(セラミックカーボンメタル)<br>走行フィールド:ストリート～サーキット<br>ベストマッチタイヤ:ラジアル～ハイグリップラジアル,,,16000,11786
スズキ,ソリオ,MA36S/MA46S,H27/8～,1300,,フロント,13800,,272680,MX72k-EP387-qq-e-4535k,MX72k-EP387-qq-e-d-4535k,4515693835564,EP387,ENDLESS,ブレーキパッド,MX72k,ローター適正温度域:50～700℃<br>平均摩擦係数:0.37～0.47<br>材質:セミメタル(セラミックカーボンメタル)<br>走行フィールド:ストリート～サーキット<br>ベストマッチタイヤ:ラジアル～ハイグリップラジアル,,,16000,11786
スズキ,ツイン/ツインハイブリッド,EC22S/EC22S改,H15/1～H17/8,660,No.～122797,フロント,13800,,272614,MX72k-EP361-qq-e-4536k,MX72k-EP361-qq-e-d-4536k,4515693834871,EP361,ENDLESS,ブレーキパッド,MX72k,ローター適正温度域:50～700℃<br>平均摩擦係数:0.37～0.47<br>材質:セミメタル(セラミックカーボンメタル)<br>走行フィールド:ストリート～サーキット<br>ベストマッチタイヤ:ラジアル～ハイグリップラジアル,,,16000,11786
スズキ,ツイン/ツインハイブリッド,EC22S/EC22S改,H15/1～H17/8,660,No.122798～,フロント,13800,,272615,MX72k-EP361-qq-e-4537k,MX72k-EP361-qq-e-d-4537k,4515693834871,EP361,ENDLESS,ブレーキパッド,MX72k,ローター適正温度域:50～700℃<br>平均摩擦係数:0.37～0.47<br>材質:セミメタル(セラミックカーボンメタル)<br>走行フィールド:ストリート～サーキット<br>ベストマッチタイヤ:ラジアル～ハイグリップラジアル,,,16000,11786
スズキ,ハスラー,MR31S/MR41S,H26/1～,660,リアドラム,フロント,13800,,272774,MX72k-EP516-qq-e-4538k,MX72k-EP516-qq-e-d-4538k,4515693868357,EP516,ENDLESS,ブレーキパッド,MX72k,ローター適正温度域:50～700℃<br>平均摩擦係数:0.37～0.47<br>材質:セミメタル(セラミックカーボンメタル)<br>走行フィールド:ストリート～サーキット<br>ベストマッチタイヤ:ラジアル～ハイグリップラジアル,,,16000,11786
スズキ,ワゴンR,CT21S,H7/2～H7/10,660,ターボ・No.100001～360000,フロント,13800,,272572,MX72k-EP237-qq-e-4539k,MX72k-EP237-qq-e-d-4539k,4515693830873,EP237,ENDLESS,ブレーキパッド,MX72k,ローター適正温度域:50～700℃<br>平均摩擦係数:0.37～0.47<br>材質:セミメタル(セラミックカーボンメタル)<br>走行フィールド:ストリート～サーキット<br>ベストマッチタイヤ:ラジアル～ハイグリップラジアル,,,16000,11786
スズキ,ワゴンR,CV21S,H7/2～H7/10,660,4WD・ターボ・No.100001～360000,フロント,13800,,272573,MX72k-EP237-qq-e-4540k,MX72k-EP237-qq-e-d-4540k,4515693830873,EP237,ENDLESS,ブレーキパッド,MX72k,ローター適正温度域:50～700℃<br>平均摩擦係数:0.37～0.47<br>材質:セミメタル(セラミックカーボンメタル)<br>走行フィールド:ストリート～サーキット<br>ベストマッチタイヤ:ラジアル～ハイグリップラジアル,,,16000,11786
スズキ,ワゴンR,CV21S/CT21S,H7/10～H10/10,660,CV21S(4WD・ターボ・No.150001～)/CT21S(ターボ・No.360001～),フロント,13800,,272574,MX72k-EP237-qq-e-4541k,MX72k-EP237-qq-e-d-4541k,4515693830873,EP237,ENDLESS,ブレーキパッド,MX72k,ローター適正温度域:50～700℃<br>平均摩擦係数:0.37～0.47<br>材質:セミメタル(セラミックカーボンメタル)<br>走行フィールド:ストリート～サーキット<br>ベストマッチタイヤ:ラジアル～ハイグリップラジアル,,,16000,11786
スズキ,ワゴンR,CV51S/CT51S,H9/4～H10/10,660,FT・FTC・RV・FR・RS・RR・MC/RG・ターボ,フロント,13800,,272575,MX72k-EP237-qq-e-4542k,MX72k-EP237-qq-e-d-4542k,4515693830873,EP237,ENDLESS,ブレーキパッド,MX72k,ローター適正温度域:50～700℃<br>平均摩擦係数:0.37～0.47<br>材質:セミメタル(セラミックカーボンメタル)<br>走行フィールド:ストリート～サーキット<br>ベストマッチタイヤ:ラジアル～ハイグリップラジアル,,,16000,11786
スズキ,ワゴンR,CV51S/CT51S,H9/4～H10/10,660,FX・FXC・RGS・SC・ABS付,フロント,13800,,272576,MX72k-EP237-qq-e-4543k,MX72k-EP237-qq-e-d-4543k,4515693830873,EP237,ENDLESS,ブレーキパッド,MX72k,ローター適正温度域:50～700℃<br>平均摩擦係数:0.37～0.47<br>材質:セミメタル(セラミックカーボンメタル)<br>走行フィールド:ストリート～サーキット<br>ベストマッチタイヤ:ラジアル～ハイグリップラジアル,,,16000,11786
スズキ,ワゴンR,MC11S/MC12S/MC21S/MC22S,H10/10～H15/9,660,リアドラム,フロント,13800,,272616,MX72k-EP361-qq-e-4544k,MX72k-EP361-qq-e-d-4544k,4515693834871,EP361,ENDLESS,ブレーキパッド,MX72k,ローター適正温度域:50～700℃<br>平均摩擦係数:0.37～0.47<br>材質:セミメタル(セラミックカーボンメタル)<br>走行フィールド:ストリート～サーキット<br>ベストマッチタイヤ:ラジアル～ハイグリップラジアル,,,16000,11786
スズキ,ワゴンR,MH21S,H15/9～H20/9,660,,フロント,13800,,272617,MX72k-EP361-qq-e-4545k,MX72k-EP361-qq-e-d-4545k,4515693834871,EP361,ENDLESS,ブレーキパッド,MX72k,ローター適正温度域:50～700℃<br>平均摩擦係数:0.37～0.47<br>材質:セミメタル(セラミックカーボンメタル)<br>走行フィールド:ストリート～サーキット<br>ベストマッチタイヤ:ラジアル～ハイグリップラジアル,,,16000,11786
スズキ,ワゴンR,MH21S,H17/9～H20/9,660,,フロント,13800,,272745,MX72k-EP441-qq-e-4546k,MX72k-EP441-qq-e-d-4546k,4515693837704,EP441,ENDLESS,ブレーキパッド,MX72k,ローター適正温度域:50～700℃<br>平均摩擦係数:0.37～0.47<br>材質:セミメタル(セラミックカーボンメタル)<br>走行フィールド:ストリート～サーキット<br>ベストマッチタイヤ:ラジアル～ハイグリップラジアル,,,16000,11786
スズキ,ワゴンR,MH22S,H19/2～H20/9,660,,フロント,13800,,272746,MX72k-EP441-qq-e-4547k,MX72k-EP441-qq-e-d-4547k,4515693837704,EP441,ENDLESS,ブレーキパッド,MX72k,ローター適正温度域:50～700℃<br>平均摩擦係数:0.37～0.47<br>材質:セミメタル(セラミックカーボンメタル)<br>走行フィールド:ストリート～サーキット<br>ベストマッチタイヤ:ラジアル～ハイグリップラジアル,,,16000,11786
スズキ,ワゴンR,MH23S,H20/9～H24/9,660,,フロント,13800,,272747,MX72k-EP441-qq-e-4548k,MX72k-EP441-qq-e-d-4548k,4515693837704,EP441,ENDLESS,ブレーキパッド,MX72k,ローター適正温度域:50～700℃<br>平均摩擦係数:0.37～0.47<br>材質:セミメタル(セラミックカーボンメタル)<br>走行フィールド:ストリート～サーキット<br>ベストマッチタイヤ:ラジアル～ハイグリップラジアル,,,16000,11786
スズキ,ワゴンR,MH34S/MH44S,H24/9～H29/2,660,,フロント,13800,,272748,MX72k-EP441-qq-e-4549k,MX72k-EP441-qq-e-d-4549k,4515693837704,EP441,ENDLESS,ブレーキパッド,MX72k,ローター適正温度域:50～700℃<br>平均摩擦係数:0.37～0.47<br>材質:セミメタル(セラミックカーボンメタル)<br>走行フィールド:ストリート～サーキット<br>ベストマッチタイヤ:ラジアル～ハイグリップラジアル,,,16000,11786
スズキ,ワゴンR,MH35S/MH55S,H29/2～,660,NA,フロント,13800,,272775,MX72k-EP516-qq-e-4550k,MX72k-EP516-qq-e-d-4550k,4515693868357,EP516,ENDLESS,ブレーキパッド,MX72k,ローター適正温度域:50～700℃<br>平均摩擦係数:0.37～0.47<br>材質:セミメタル(セラミックカーボンメタル)<br>走行フィールド:ストリート～サーキット<br>ベストマッチタイヤ:ラジアル～ハイグリップラジアル,,,16000,11786
スズキ,ワゴンR,MH35S/MH55S,H29/2～,660,ターボ,フロント,13800,,272768,MX72k-EP503-qq-e-4551k,MX72k-EP503-qq-e-d-4551k,4515693861587,EP503,ENDLESS,ブレーキパッド,MX72k,ローター適正温度域:50～700℃<br>平均摩擦係数:0.37～0.47<br>材質:セミメタル(セラミックカーボンメタル)<br>走行フィールド:ストリート～サーキット<br>ベストマッチタイヤ:ラジアル～ハイグリップラジアル,,,16000,11786
スバル,R1,RJ1/RJ2,H16/12～H22/3,660,,フロント,13800,,272600,MX72k-EP361-qq-e-4484k,MX72k-EP361-qq-e-d-4484k,4515693834871,EP361,ENDLESS,ブレーキパッド,MX72k,ローター適正温度域:50～700℃<br>平均摩擦係数:0.37～0.47<br>材質:セミメタル(セラミックカーボンメタル)<br>走行フィールド:ストリート～サーキット<br>ベストマッチタイヤ:ラジアル～ハイグリップラジアル,,,16000,11786
スバル,R2,RC1/RC2,H15/12～H22/3,660,,フロント,13800,,272599,MX72k-EP361-qq-e-4483k,MX72k-EP361-qq-e-d-4483k,4515693834871,EP361,ENDLESS,ブレーキパッド,MX72k,ローター適正温度域:50～700℃<br>平均摩擦係数:0.37～0.47<br>材質:セミメタル(セラミックカーボンメタル)<br>走行フィールド:ストリート～サーキット<br>ベストマッチタイヤ:ラジアル～ハイグリップラジアル,,,16000,11786
スバル,ヴィヴィオ,KK3/KK4,H7/11～H10/9,660,4WD・ビストロ,フロント,13800,,272587,MX72k-EP295-qq-e-4486k,MX72k-EP295-qq-e-d-4486k,4515693851489,EP295,ENDLESS,ブレーキパッド,MX72k,ローター適正温度域:50～700℃<br>平均摩擦係数:0.37～0.47<br>材質:セミメタル(セラミックカーボンメタル)<br>走行フィールド:ストリート～サーキット<br>ベストマッチタイヤ:ラジアル～ハイグリップラジアル,,,16000,11786
スバル,ヴィヴィオ,KK3/KK4/KW3/KW4/KY3,H4/3～H10/9,660,ビストロ含む,フロント,13800,,272586,MX72k-EP295-qq-e-4485k,MX72k-EP295-qq-e-d-4485k,4515693851489,EP295,ENDLESS,ブレーキパッド,MX72k,ローター適正温度域:50～700℃<br>平均摩擦係数:0.37～0.47<br>材質:セミメタル(セラミックカーボンメタル)<br>走行フィールド:ストリート～サーキット<br>ベストマッチタイヤ:ラジアル～ハイグリップラジアル,,,16000,11786
スバル,ステラ,RN1/RN2,H18/6～,660,,フロント,13800,,272601,MX72k-EP361-qq-e-4487k,MX72k-EP361-qq-e-d-4487k,4515693834871,EP361,ENDLESS,ブレーキパッド,MX72k,ローター適正温度域:50～700℃<br>平均摩擦係数:0.37～0.47<br>材質:セミメタル(セラミックカーボンメタル)<br>走行フィールド:ストリート～サーキット<br>ベストマッチタイヤ:ラジアル～ハイグリップラジアル,,,16000,11786
スバル,デックス,M401F/M411F,H20/11～H24/11,1300,,フロント,13800,,272676,MX72k-EP387-qq-e-4488k,MX72k-EP387-qq-e-d-4488k,4515693835564,EP387,ENDLESS,ブレーキパッド,MX72k,ローター適正温度域:50～700℃<br>平均摩擦係数:0.37～0.47<br>材質:セミメタル(セラミックカーボンメタル)<br>走行フィールド:ストリート～サーキット<br>ベストマッチタイヤ:ラジアル～ハイグリップラジアル,,,16000,11786
スバル,プレオ,L275/L285,H22/4～,660,,フロント,13800,,272637,MX72k-EP364-qq-e-4490k,MX72k-EP364-qq-e-d-4490k,4515693834956,EP364,ENDLESS,ブレーキパッド,MX72k,ローター適正温度域:50～700℃<br>平均摩擦係数:0.37～0.47<br>材質:セミメタル(セラミックカーボンメタル)<br>走行フィールド:ストリート～サーキット<br>ベストマッチタイヤ:ラジアル～ハイグリップラジアル,,,16000,11786
スバル,プレオ,RA1/RA2,H10/10～H22/1,660,4輪ディスク,フロント,13800,,272673,MX72k-EP369-qq-e-4489k,MX72k-EP369-qq-e-d-4489k,4515693835076,EP369,ENDLESS,ブレーキパッド,MX72k,ローター適正温度域:50～700℃<br>平均摩擦係数:0.37～0.47<br>材質:セミメタル(セラミックカーボンメタル)<br>走行フィールド:ストリート～サーキット<br>ベストマッチタイヤ:ラジアル～ハイグリップラジアル,,,16000,11786
スバル,プレオ,RA1/RA2,H10/10～H22/1,660,4輪ディスク,リア,13800,,272585,MX72k-EP287-qq-e-9074k,MX72k-EP287-qq-e-d-9074k,4515693832587,EP287,ENDLESS,ブレーキパッド,MX72k,ローター適正温度域:50～700℃<br>平均摩擦係数:0.37～0.47<br>材質:セミメタル(セラミックカーボンメタル)<br>走行フィールド:ストリート～サーキット<br>ベストマッチタイヤ:ラジアル～ハイグリップラジアル,,,16000,11786
スバル,ルクラ/ルクラカスタム,L455F,H22/4～,660,ターボ,フロント,13800,,272688,MX72k-EP415-qq-e-4491k,MX72k-EP415-qq-e-d-4491k,4515693836738,EP415,ENDLESS,ブレーキパッド,MX72k,ローター適正温度域:50～700℃<br>平均摩擦係数:0.37～0.47<br>材質:セミメタル(セラミックカーボンメタル)<br>走行フィールド:ストリート～サーキット<br>ベストマッチタイヤ:ラジアル～ハイグリップラジアル,,,16000,11786
スバル,ルクラ/ルクラカスタム,L455F,H22/4～,660,ターボ除く,フロント,13800,,272638,MX72k-EP364-qq-e-4492k,MX72k-EP364-qq-e-d-4492k,4515693834956,EP364,ENDLESS,ブレーキパッド,MX72k,ローター適正温度域:50～700℃<br>平均摩擦係数:0.37～0.47<br>材質:セミメタル(セラミックカーボンメタル)<br>走行フィールド:ストリート～サーキット<br>ベストマッチタイヤ:ラジアル～ハイグリップラジアル,,,16000,11786
スバル,ルクラ/ルクラカスタム,L465F,H22/4～,660,,フロント,13800,,272689,MX72k-EP415-qq-e-4493k,MX72k-EP415-qq-e-d-4493k,4515693836738,EP415,ENDLESS,ブレーキパッド,MX72k,ローター適正温度域:50～700℃<br>平均摩擦係数:0.37～0.47<br>材質:セミメタル(セラミックカーボンメタル)<br>走行フィールド:ストリート～サーキット<br>ベストマッチタイヤ:ラジアル～ハイグリップラジアル,,,16000,11786
ダイハツ,MAX,L950S/L952S/L960S/L962S,H13/10～H15/8,660,ターボ,フロント,13800,,272628,MX72k-EP363-qq-e-4593k,MX72k-EP363-qq-e-d-4593k,4515693834925,EP363,ENDLESS,ブレーキパッド,MX72k,ローター適正温度域:50～700℃<br>平均摩擦係数:0.37～0.47<br>材質:セミメタル(セラミックカーボンメタル)<br>走行フィールド:ストリート～サーキット<br>ベストマッチタイヤ:ラジアル～ハイグリップラジアル,,,16000,11786
ダイハツ,MAX,L950S/L960S,H13/10～H15/8,660,NA,フロント,13800,,272655,MX72k-EP364-qq-e-4594k,MX72k-EP364-qq-e-d-4594k,4515693834956,EP364,ENDLESS,ブレーキパッド,MX72k,ローター適正温度域:50～700℃<br>平均摩擦係数:0.37～0.47<br>材質:セミメタル(セラミックカーボンメタル)<br>走行フィールド:ストリート～サーキット<br>ベストマッチタイヤ:ラジアル～ハイグリップラジアル,,,16000,11786
ダイハツ,MAX,L950S/L960S,H15/8～H17/12,660,,フロント,13800,,272656,MX72k-EP364-qq-e-4596k,MX72k-EP364-qq-e-d-4596k,4515693834956,EP364,ENDLESS,ブレーキパッド,MX72k,ローター適正温度域:50～700℃<br>平均摩擦係数:0.37～0.47<br>材質:セミメタル(セラミックカーボンメタル)<br>走行フィールド:ストリート～サーキット<br>ベストマッチタイヤ:ラジアル～ハイグリップラジアル,,,16000,11786
ダイハツ,MAX,L952S/L962S,H15/8～H17/12,660,,フロント,13800,,272629,MX72k-EP363-qq-e-4595k,MX72k-EP363-qq-e-d-4595k,4515693834925,EP363,ENDLESS,ブレーキパッド,MX72k,ローター適正温度域:50～700℃<br>平均摩擦係数:0.37～0.47<br>材質:セミメタル(セラミックカーボンメタル)<br>走行フィールド:ストリート～サーキット<br>ベストマッチタイヤ:ラジアル～ハイグリップラジアル,,,16000,11786
ダイハツ,YRV,M200G/M201G/M211G,H12/8～H17/8,1000～1300,NA・リアドラム,フロント,13800,,272632,MX72k-EP363-qq-e-4625k,MX72k-EP363-qq-e-d-4625k,4515693834925,EP363,ENDLESS,ブレーキパッド,MX72k,ローター適正温度域:50～700℃<br>平均摩擦係数:0.37～0.47<br>材質:セミメタル(セラミックカーボンメタル)<br>走行フィールド:ストリート～サーキット<br>ベストマッチタイヤ:ラジアル～ハイグリップラジアル,,,16000,11786
ダイハツ,YRV,M201G/M211G,H12/8～H17/8,1300,ターボ・リアドラム,フロント,13800,,272685,MX72k-EP387-qq-e-4626k,MX72k-EP387-qq-e-d-4626k,4515693835564,EP387,ENDLESS,ブレーキパッド,MX72k,ローター適正温度域:50～700℃<br>平均摩擦係数:0.37～0.47<br>材質:セミメタル(セラミックカーボンメタル)<br>走行フィールド:ストリート～サーキット<br>ベストマッチタイヤ:ラジアル～ハイグリップラジアル,,,16000,11786
ダイハツ,ウェイク,LA700S/LA710S,H26/11～,660,,フロント,13800,,272769,MX72k-EP503-qq-e-4552k,MX72k-EP503-qq-e-d-4552k,4515693861587,EP503,ENDLESS,ブレーキパッド,MX72k,ローター適正温度域:50～700℃<br>平均摩擦係数:0.37～0.47<br>材質:セミメタル(セラミックカーボンメタル)<br>走行フィールド:ストリート～サーキット<br>ベストマッチタイヤ:ラジアル～ハイグリップラジアル,要形状確認,,16000,11786
ダイハツ,エッセ,L235S,H17/11～H23/5,660,,フロント,13800,,272639,MX72k-EP364-qq-e-4553k,MX72k-EP364-qq-e-d-4553k,4515693834956,EP364,ENDLESS,ブレーキパッド,MX72k,ローター適正温度域:50～700℃<br>平均摩擦係数:0.37～0.47<br>材質:セミメタル(セラミックカーボンメタル)<br>走行フィールド:ストリート～サーキット<br>ベストマッチタイヤ:ラジアル～ハイグリップラジアル,,,16000,11786
ダイハツ,エッセ,L245S,H17/11～H23/5,660,,フロント,13800,,272640,MX72k-EP364-qq-e-4554k,MX72k-EP364-qq-e-d-4554k,4515693834956,EP364,ENDLESS,ブレーキパッド,MX72k,ローター適正温度域:50～700℃<br>平均摩擦係数:0.37～0.47<br>材質:セミメタル(セラミックカーボンメタル)<br>走行フィールド:ストリート～サーキット<br>ベストマッチタイヤ:ラジアル～ハイグリップラジアル,,,16000,11786
ダイハツ,オプティ,L800S/L810S,H10/10～H14/08,660,L800S(NA)/L810S(NA・ABS付),フロント,13800,,272641,MX72k-EP364-qq-e-4556k,MX72k-EP364-qq-e-d-4556k,4515693834956,EP364,ENDLESS,ブレーキパッド,MX72k,ローター適正温度域:50～700℃<br>平均摩擦係数:0.37～0.47<br>材質:セミメタル(セラミックカーボンメタル)<br>走行フィールド:ストリート～サーキット<br>ベストマッチタイヤ:ラジアル～ハイグリップラジアル,,,16000,11786
ダイハツ,オプティ,L800S/L810S,H10/10～H14/08,660,L800S(ターボ)/L810S(ターボ・ABS付),フロント,13800,,272620,MX72k-EP363-qq-e-4555k,MX72k-EP363-qq-e-d-4555k,4515693834925,EP363,ENDLESS,ブレーキパッド,MX72k,ローター適正温度域:50～700℃<br>平均摩擦係数:0.37～0.47<br>材質:セミメタル(セラミックカーボンメタル)<br>走行フィールド:ストリート～サーキット<br>ベストマッチタイヤ:ラジアル～ハイグリップラジアル,,,16000,11786
ダイハツ,オプティ,L802S,H10/10～H11/08,660,ABS付,フロント,13800,,272622,MX72k-EP363-qq-e-4558k,MX72k-EP363-qq-e-d-4558k,4515693834925,EP363,ENDLESS,ブレーキパッド,MX72k,ローター適正温度域:50～700℃<br>平均摩擦係数:0.37～0.47<br>材質:セミメタル(セラミックカーボンメタル)<br>走行フィールド:ストリート～サーキット<br>ベストマッチタイヤ:ラジアル～ハイグリップラジアル,,,16000,11786
ダイハツ,オプティ,L802S,H10/10～H14/08,660,ABS無,フロント,13800,,272621,MX72k-EP363-qq-e-4557k,MX72k-EP363-qq-e-d-4557k,4515693834925,EP363,ENDLESS,ブレーキパッド,MX72k,ローター適正温度域:50～700℃<br>平均摩擦係数:0.37～0.47<br>材質:セミメタル(セラミックカーボンメタル)<br>走行フィールド:ストリート～サーキット<br>ベストマッチタイヤ:ラジアル～ハイグリップラジアル,,,16000,11786
ダイハツ,オプティ,L802S,H11/09～H14/08,660,ABS付,フロント,13800,,272623,MX72k-EP363-qq-e-4559k,MX72k-EP363-qq-e-d-4559k,4515693834925,EP363,ENDLESS,ブレーキパッド,MX72k,ローター適正温度域:50～700℃<br>平均摩擦係数:0.37～0.47<br>材質:セミメタル(セラミックカーボンメタル)<br>走行フィールド:ストリート～サーキット<br>ベストマッチタイヤ:ラジアル～ハイグリップラジアル,,,16000,11786
ダイハツ,オプティ,L810S,H10/10～H11/08,660,ABS無・ソリッドディスク車,フロント,13800,,272642,MX72k-EP364-qq-e-4560k,MX72k-EP364-qq-e-d-4560k,4515693834956,EP364,ENDLESS,ブレーキパッド,MX72k,ローター適正温度域:50～700℃<br>平均摩擦係数:0.37～0.47<br>材質:セミメタル(セラミックカーボンメタル)<br>走行フィールド:ストリート～サーキット<br>ベストマッチタイヤ:ラジアル～ハイグリップラジアル,,,16000,11786
ダイハツ,オプティ,L810S,H10/10～H11/08,660,ABS無・ベンチディスク車,フロント,13800,,272624,MX72k-EP363-qq-e-4561k,MX72k-EP363-qq-e-d-4561k,4515693834925,EP363,ENDLESS,ブレーキパッド,MX72k,ローター適正温度域:50～700℃<br>平均摩擦係数:0.37～0.47<br>材質:セミメタル(セラミックカーボンメタル)<br>走行フィールド:ストリート～サーキット<br>ベストマッチタイヤ:ラジアル～ハイグリップラジアル,,,16000,11786
ダイハツ,オプティ,L810S,H11/9～H14/08,660,NA・ABS無・ソリッドディスク車,フロント,13800,,272643,MX72k-EP364-qq-e-4563k,MX72k-EP364-qq-e-d-4563k,4515693834956,EP364,ENDLESS,ブレーキパッド,MX72k,ローター適正温度域:50～700℃<br>平均摩擦係数:0.37～0.47<br>材質:セミメタル(セラミックカーボンメタル)<br>走行フィールド:ストリート～サーキット<br>ベストマッチタイヤ:ラジアル～ハイグリップラジアル,,,16000,11786
ダイハツ,オプティ,L810S,H11/9～H14/08,660,ターボ・ABS無・ベンチディスク車,フロント,13800,,272625,MX72k-EP363-qq-e-4562k,MX72k-EP363-qq-e-d-4562k,4515693834925,EP363,ENDLESS,ブレーキパッド,MX72k,ローター適正温度域:50～700℃<br>平均摩擦係数:0.37～0.47<br>材質:セミメタル(セラミックカーボンメタル)<br>走行フィールド:ストリート～サーキット<br>ベストマッチタイヤ:ラジアル～ハイグリップラジアル,,,16000,11786
ダイハツ,クー,L401S/L402S/L411S,H18/5～H25/1,1300～1500,,フロント,13800,,272681,MX72k-EP387-qq-e-4564k,MX72k-EP387-qq-e-d-4564k,4515693835564,EP387,ENDLESS,ブレーキパッド,MX72k,ローター適正温度域:50～700℃<br>平均摩擦係数:0.37～0.47<br>材質:セミメタル(セラミックカーボンメタル)<br>走行フィールド:ストリート～サーキット<br>ベストマッチタイヤ:ラジアル～ハイグリップラジアル,,,16000,11786
ダイハツ,コペン,L880K,H14/6～H17/9,660,リアドラム,フロント,13800,,272682,MX72k-EP387-qq-e-4572k,MX72k-EP387-qq-e-d-4572k,4515693835564,EP387,ENDLESS,ブレーキパッド,MX72k,ローター適正温度域:50～700℃<br>平均摩擦係数:0.37～0.47<br>材質:セミメタル(セラミックカーボンメタル)<br>走行フィールド:ストリート～サーキット<br>ベストマッチタイヤ:ラジアル～ハイグリップラジアル,,,16000,11786
ダイハツ,コペン,LA400K,H26/6～,660,,フロント,13800,,272683,MX72k-EP387-qq-e-4573k,MX72k-EP387-qq-e-d-4573k,4515693835564,EP387,ENDLESS,ブレーキパッド,MX72k,ローター適正温度域:50～700℃<br>平均摩擦係数:0.37～0.47<br>材質:セミメタル(セラミックカーボンメタル)<br>走行フィールド:ストリート～サーキット<br>ベストマッチタイヤ:ラジアル～ハイグリップラジアル,,,16000,11786
ダイハツ,タント,L350S,H15/12～H17/6,660,(RS・R除く)ABS無,フロント,13800,,272649,MX72k-EP364-qq-e-4574k,MX72k-EP364-qq-e-d-4574k,4515693834956,EP364,ENDLESS,ブレーキパッド,MX72k,ローター適正温度域:50～700℃<br>平均摩擦係数:0.37～0.47<br>材質:セミメタル(セラミックカーボンメタル)<br>走行フィールド:ストリート～サーキット<br>ベストマッチタイヤ:ラジアル～ハイグリップラジアル,,,16000,11786
ダイハツ,タント,L350S,H15/12～H17/6,660,RS・R,フロント,13800,,272691,MX72k-EP415-qq-e-4575k,MX72k-EP415-qq-e-d-4575k,4515693836738,EP415,ENDLESS,ブレーキパッド,MX72k,ローター適正温度域:50～700℃<br>平均摩擦係数:0.37～0.47<br>材質:セミメタル(セラミックカーボンメタル)<br>走行フィールド:ストリート～サーキット<br>ベストマッチタイヤ:ラジアル～ハイグリップラジアル,,,16000,11786
ダイハツ,タント,L350S,H17/6～H19/12,660,L ABS無,フロント,13800,,272651,MX72k-EP364-qq-e-4579k,MX72k-EP364-qq-e-d-4579k,4515693834956,EP364,ENDLESS,ブレーキパッド,MX72k,ローター適正温度域:50～700℃<br>平均摩擦係数:0.37～0.47<br>材質:セミメタル(セラミックカーボンメタル)<br>走行フィールド:ストリート～サーキット<br>ベストマッチタイヤ:ラジアル～ハイグリップラジアル,,,16000,11786
ダイハツ,タント,L350S,H17/6～H19/12,660,RS,フロント,13800,,272693,MX72k-EP415-qq-e-4577k,MX72k-EP415-qq-e-d-4577k,4515693836738,EP415,ENDLESS,ブレーキパッド,MX72k,ローター適正温度域:50～700℃<br>平均摩擦係数:0.37～0.47<br>材質:セミメタル(セラミックカーボンメタル)<br>走行フィールド:ストリート～サーキット<br>ベストマッチタイヤ:ラジアル～ハイグリップラジアル,,,16000,11786
ダイハツ,タント,L360S,H15/12～H19/12,660,,フロント,13800,,272692,MX72k-EP415-qq-e-4576k,MX72k-EP415-qq-e-d-4576k,4515693836738,EP415,ENDLESS,ブレーキパッド,MX72k,ローター適正温度域:50～700℃<br>平均摩擦係数:0.37～0.47<br>材質:セミメタル(セラミックカーボンメタル)<br>走行フィールド:ストリート～サーキット<br>ベストマッチタイヤ:ラジアル～ハイグリップラジアル,,,16000,11786
ダイハツ,タント,L375S,H19/12～H25/10,660,カスタム RS除く・リアドラム,フロント,13800,,272652,MX72k-EP364-qq-e-4580k,MX72k-EP364-qq-e-d-4580k,4515693834956,EP364,ENDLESS,ブレーキパッド,MX72k,ローター適正温度域:50～700℃<br>平均摩擦係数:0.37～0.47<br>材質:セミメタル(セラミックカーボンメタル)<br>走行フィールド:ストリート～サーキット<br>ベストマッチタイヤ:ラジアル～ハイグリップラジアル,,,16000,11786
ダイハツ,タント/タントカスタム,L350S,H17/6～H19/12,660,X・L・カスタム,フロント,13800,,272650,MX72k-EP364-qq-e-4578k,MX72k-EP364-qq-e-d-4578k,4515693834956,EP364,ENDLESS,ブレーキパッド,MX72k,ローター適正温度域:50～700℃<br>平均摩擦係数:0.37～0.47<br>材質:セミメタル(セラミックカーボンメタル)<br>走行フィールド:ストリート～サーキット<br>ベストマッチタイヤ:ラジアル～ハイグリップラジアル,,,16000,11786
ダイハツ,タント/タントカスタム,L375S/L385S,H19/12～H25/10,660,L375S(カスタム RS・リアドラム)/L385S(リアドラム),フロント,13800,,272694,MX72k-EP415-qq-e-4581k,MX72k-EP415-qq-e-d-4581k,4515693836738,EP415,ENDLESS,ブレーキパッド,MX72k,ローター適正温度域:50～700℃<br>平均摩擦係数:0.37～0.47<br>材質:セミメタル(セラミックカーボンメタル)<br>走行フィールド:ストリート～サーキット<br>ベストマッチタイヤ:ラジアル～ハイグリップラジアル,,,16000,11786
ダイハツ,タント/タントカスタム,LA600S,H25/10～H27/5,660,,フロント,13800,,272770,MX72k-EP503-qq-e-4582k,MX72k-EP503-qq-e-d-4582k,4515693861587,EP503,ENDLESS,ブレーキパッド,MX72k,ローター適正温度域:50～700℃<br>平均摩擦係数:0.37～0.47<br>材質:セミメタル(セラミックカーボンメタル)<br>走行フィールド:ストリート～サーキット<br>ベストマッチタイヤ:ラジアル～ハイグリップラジアル,要形状確認,,16000,11786
ダイハツ,タントエグゼ,L455S,H21/12～H26/10,660,NA,フロント,13800,,272653,MX72k-EP364-qq-e-4583k,MX72k-EP364-qq-e-d-4583k,4515693834956,EP364,ENDLESS,ブレーキパッド,MX72k,ローター適正温度域:50～700℃<br>平均摩擦係数:0.37～0.47<br>材質:セミメタル(セラミックカーボンメタル)<br>走行フィールド:ストリート～サーキット<br>ベストマッチタイヤ:ラジアル～ハイグリップラジアル,,,16000,11786
ダイハツ,タントエグゼ,L455S/L465S,H21/12～H26/10,660,L455S(ターボ),フロント,13800,,272695,MX72k-EP415-qq-e-4584k,MX72k-EP415-qq-e-d-4584k,4515693836738,EP415,ENDLESS,ブレーキパッド,MX72k,ローター適正温度域:50～700℃<br>平均摩擦係数:0.37～0.47<br>材質:セミメタル(セラミックカーボンメタル)<br>走行フィールド:ストリート～サーキット<br>ベストマッチタイヤ:ラジアル～ハイグリップラジアル,,,16000,11786
ダイハツ,ネイキッド,L750S/L760S,H11/11～H15/12,660,NA・リアドラム,フロント,13800,,272654,MX72k-EP364-qq-e-4585k,MX72k-EP364-qq-e-d-4585k,4515693834956,EP364,ENDLESS,ブレーキパッド,MX72k,ローター適正温度域:50～700℃<br>平均摩擦係数:0.37～0.47<br>材質:セミメタル(セラミックカーボンメタル)<br>走行フィールド:ストリート～サーキット<br>ベストマッチタイヤ:ラジアル～ハイグリップラジアル,,,16000,11786
ダイハツ,ネイキッド,L750S/L760S,H11/11～H15/12,660,ターボ・リアドラム,フロント,13800,,272627,MX72k-EP363-qq-e-4586k,MX72k-EP363-qq-e-d-4586k,4515693834925,EP363,ENDLESS,ブレーキパッド,MX72k,ローター適正温度域:50～700℃<br>平均摩擦係数:0.37～0.47<br>材質:セミメタル(セラミックカーボンメタル)<br>走行フィールド:ストリート～サーキット<br>ベストマッチタイヤ:ラジアル～ハイグリップラジアル,,,16000,11786
ダイハツ,ブーン/ブーンルミナス,M300S/M301S/M310S,H16/6～H22/2,1000～1300,,フロント,13800,,272696,MX72k-EP415-qq-e-4587k,MX72k-EP415-qq-e-d-4587k,4515693836738,EP415,ENDLESS,ブレーキパッド,MX72k,ローター適正温度域:50～700℃<br>平均摩擦係数:0.37～0.47<br>材質:セミメタル(セラミックカーボンメタル)<br>走行フィールド:ストリート～サーキット<br>ベストマッチタイヤ:ラジアル～ハイグリップラジアル,,,16000,11786
ダイハツ,ブーン/ブーンルミナス,M300S/M310S,H20/11～H22/2,1000,,フロント,13800,,272699,MX72k-EP415-qq-e-4590k,MX72k-EP415-qq-e-d-4590k,4515693836738,EP415,ENDLESS,ブレーキパッド,MX72k,ローター適正温度域:50～700℃<br>平均摩擦係数:0.37～0.47<br>材質:セミメタル(セラミックカーボンメタル)<br>走行フィールド:ストリート～サーキット<br>ベストマッチタイヤ:ラジアル～ハイグリップラジアル,要形状確認,,16000,11786
ダイハツ,ブーン/ブーンルミナス,M312S,H18/12～H22/2,1000,X4,フロント,13800,,272698,MX72k-EP415-qq-e-4589k,MX72k-EP415-qq-e-d-4589k,4515693836738,EP415,ENDLESS,ブレーキパッド,MX72k,ローター適正温度域:50～700℃<br>平均摩擦係数:0.37～0.47<br>材質:セミメタル(セラミックカーボンメタル)<br>走行フィールド:ストリート～サーキット<br>ベストマッチタイヤ:ラジアル～ハイグリップラジアル,,,16000,11786
ダイハツ,ブーン/ブーンルミナス,M312S,H18/3～H18/12,1000,X4,フロント,13800,,272697,MX72k-EP415-qq-e-4588k,MX72k-EP415-qq-e-d-4588k,4515693836738,EP415,ENDLESS,ブレーキパッド,MX72k,ローター適正温度域:50～700℃<br>平均摩擦係数:0.37～0.47<br>材質:セミメタル(セラミックカーボンメタル)<br>走行フィールド:ストリート～サーキット<br>ベストマッチタイヤ:ラジアル～ハイグリップラジアル,,,16000,11786
ダイハツ,ブーン/ブーンルミナス,M600S,H22/2～H28/4,1000,,フロント,13800,,272700,MX72k-EP415-qq-e-4591k,MX72k-EP415-qq-e-d-4591k,4515693836738,EP415,ENDLESS,ブレーキパッド,MX72k,ローター適正温度域:50～700℃<br>平均摩擦係数:0.37～0.47<br>材質:セミメタル(セラミックカーボンメタル)<br>走行フィールド:ストリート～サーキット<br>ベストマッチタイヤ:ラジアル～ハイグリップラジアル,要形状確認,,16000,11786
ダイハツ,ブーン/ブーンルミナス,M700S/M710S,H28/4～,1000,,フロント,13800,,272771,MX72k-EP503-qq-e-4592k,MX72k-EP503-qq-e-d-4592k,4515693861587,EP503,ENDLESS,ブレーキパッド,MX72k,ローター適正温度域:50～700℃<br>平均摩擦係数:0.37～0.47<br>材質:セミメタル(セラミックカーボンメタル)<br>走行フィールド:ストリート～サーキット<br>ベストマッチタイヤ:ラジアル～ハイグリップラジアル,,,16000,11786
ダイハツ,ミラ,L250S/L260S,H14/12～,660,,フロント,13800,,272646,MX72k-EP364-qq-e-4568k,MX72k-EP364-qq-e-d-4568k,4515693834956,EP364,ENDLESS,ブレーキパッド,MX72k,ローター適正温度域:50～700℃<br>平均摩擦係数:0.37～0.47<br>材質:セミメタル(セラミックカーボンメタル)<br>走行フィールド:ストリート～サーキット<br>ベストマッチタイヤ:ラジアル～ハイグリップラジアル,年式、グレード、仕様にて細かく適合が分類されますので形状確認を行って下さい,,16000,11786
ダイハツ,ミラ,L275S/L285S,H18/12～,660,VSC装着車,フロント,13800,,272690,MX72k-EP415-qq-e-4571k,MX72k-EP415-qq-e-d-4571k,4515693836738,EP415,ENDLESS,ブレーキパッド,MX72k,ローター適正温度域:50～700℃<br>平均摩擦係数:0.37～0.47<br>材質:セミメタル(セラミックカーボンメタル)<br>走行フィールド:ストリート～サーキット<br>ベストマッチタイヤ:ラジアル～ハイグリップラジアル,年式、グレード、仕様にて細かく適合が分類されますので形状確認を行って下さい,,16000,11786
ダイハツ,ミラ,L275S/L285S,H18/12～,660,VSC非装着車,フロント,13800,,272648,MX72k-EP364-qq-e-4570k,MX72k-EP364-qq-e-d-4570k,4515693834956,EP364,ENDLESS,ブレーキパッド,MX72k,ローター適正温度域:50～700℃<br>平均摩擦係数:0.37～0.47<br>材質:セミメタル(セラミックカーボンメタル)<br>走行フィールド:ストリート～サーキット<br>ベストマッチタイヤ:ラジアル～ハイグリップラジアル,年式、グレード、仕様にて細かく適合が分類されますので形状確認を行って下さい,,16000,11786
ダイハツ,ミラ/ミラジーノ,L700S/L710S,H10/10～H15/8,660,ターボ,フロント,13800,,272626,MX72k-EP363-qq-e-4565k,MX72k-EP363-qq-e-d-4565k,4515693834925,EP363,ENDLESS,ブレーキパッド,MX72k,ローター適正温度域:50～700℃<br>平均摩擦係数:0.37～0.47<br>材質:セミメタル(セラミックカーボンメタル)<br>走行フィールド:ストリート～サーキット<br>ベストマッチタイヤ:ラジアル～ハイグリップラジアル,年式、グレード、仕様にて細かく適合が分類されますので形状確認を行って下さい,,16000,11786
ダイハツ,ミラ/ミラジーノ,L700S/L710S,H15/8～,660,ターボ,フロント,13800,,272645,MX72k-EP364-qq-e-4567k,MX72k-EP364-qq-e-d-4567k,4515693834956,EP364,ENDLESS,ブレーキパッド,MX72k,ローター適正温度域:50～700℃<br>平均摩擦係数:0.37～0.47<br>材質:セミメタル(セラミックカーボンメタル)<br>走行フィールド:ストリート～サーキット<br>ベストマッチタイヤ:ラジアル～ハイグリップラジアル,年式、グレード、仕様にて細かく適合が分類されますので形状確認を行って下さい,,16000,11786
ダイハツ,ミラアヴィ,L250S/L260S,H14/12～,660,DVSII装着車,フロント,13800,,272701,MX72k-EP415-qq-e-4601k,MX72k-EP415-qq-e-d-4601k,4515693836738,EP415,ENDLESS,ブレーキパッド,MX72k,ローター適正温度域:50～700℃<br>平均摩擦係数:0.37～0.47<br>材質:セミメタル(セラミックカーボンメタル)<br>走行フィールド:ストリート～サーキット<br>ベストマッチタイヤ:ラジアル～ハイグリップラジアル,,,16000,11786
ダイハツ,ミラアヴィ,L250S/L260S,H14/12～,660,,フロント,13800,,272660,MX72k-EP364-qq-e-4600k,MX72k-EP364-qq-e-d-4600k,4515693834956,EP364,ENDLESS,ブレーキパッド,MX72k,ローター適正温度域:50～700℃<br>平均摩擦係数:0.37～0.47<br>材質:セミメタル(セラミックカーボンメタル)<br>走行フィールド:ストリート～サーキット<br>ベストマッチタイヤ:ラジアル～ハイグリップラジアル,,,16000,11786
ダイハツ,ミライース,LA300S/LA310S,H23/9～H29/5,660,,フロント,13800,,272657,MX72k-EP364-qq-e-4597k,MX72k-EP364-qq-e-d-4597k,4515693834956,EP364,ENDLESS,ブレーキパッド,MX72k,ローター適正温度域:50～700℃<br>平均摩擦係数:0.37～0.47<br>材質:セミメタル(セラミックカーボンメタル)<br>走行フィールド:ストリート～サーキット<br>ベストマッチタイヤ:ラジアル～ハイグリップラジアル,,,16000,11786
ダイハツ,ミライース,LA350S/LA360S,H29/5～,660,,フロント,13800,,272658,MX72k-EP364-qq-e-4598k,MX72k-EP364-qq-e-d-4598k,4515693834956,EP364,ENDLESS,ブレーキパッド,MX72k,ローター適正温度域:50～700℃<br>平均摩擦係数:0.37～0.47<br>材質:セミメタル(セラミックカーボンメタル)<br>走行フィールド:ストリート～サーキット<br>ベストマッチタイヤ:ラジアル～ハイグリップラジアル,,,16000,11786
ダイハツ,ミラココア,L675S/L685S,H21/7～H23/4,660,,フロント,13800,,272659,MX72k-EP364-qq-e-4599k,MX72k-EP364-qq-e-d-4599k,4515693834956,EP364,ENDLESS,ブレーキパッド,MX72k,ローター適正温度域:50～700℃<br>平均摩擦係数:0.37～0.47<br>材質:セミメタル(セラミックカーボンメタル)<br>走行フィールド:ストリート～サーキット<br>ベストマッチタイヤ:ラジアル～ハイグリップラジアル,,,16000,11786
ダイハツ,ミラジーノ,L650S/L660S,H16/12～,660,,フロント,13800,,272647,MX72k-EP364-qq-e-4569k,MX72k-EP364-qq-e-d-4569k,4515693834956,EP364,ENDLESS,ブレーキパッド,MX72k,ローター適正温度域:50～700℃<br>平均摩擦係数:0.37～0.47<br>材質:セミメタル(セラミックカーボンメタル)<br>走行フィールド:ストリート～サーキット<br>ベストマッチタイヤ:ラジアル～ハイグリップラジアル,年式、グレード、仕様にて細かく適合が分類されますので形状確認を行って下さい,,16000,11786
ダイハツ,ミラジーノ,L700S/L710S,H11/3～,660,NA,フロント,13800,,272644,MX72k-EP364-qq-e-4566k,MX72k-EP364-qq-e-d-4566k,4515693834956,EP364,ENDLESS,ブレーキパッド,MX72k,ローター適正温度域:50～700℃<br>平均摩擦係数:0.37～0.47<br>材質:セミメタル(セラミックカーボンメタル)<br>走行フィールド:ストリート～サーキット<br>ベストマッチタイヤ:ラジアル～ハイグリップラジアル,年式、グレード、仕様にて細かく適合が分類されますので形状確認を行って下さい,,16000,11786
ダイハツ,ミラジーノ1000,L701S/L711S,H14/8～H16/10,1000,リアドラム,フロント,13800,,272630,MX72k-EP363-qq-e-4603k,MX72k-EP363-qq-e-d-4603k,4515693834925,EP363,ENDLESS,ブレーキパッド,MX72k,ローター適正温度域:50～700℃<br>平均摩擦係数:0.37～0.47<br>材質:セミメタル(セラミックカーボンメタル)<br>走行フィールド:ストリート～サーキット<br>ベストマッチタイヤ:ラジアル～ハイグリップラジアル,,,16000,11786
ダイハツ,ミラバン,L250V/L260V,H14/12～,660,,フロント,13800,,272661,MX72k-EP364-qq-e-4602k,MX72k-EP364-qq-e-d-4602k,4515693834956,EP364,ENDLESS,ブレーキパッド,MX72k,ローター適正温度域:50～700℃<br>平均摩擦係数:0.37～0.47<br>材質:セミメタル(セラミックカーボンメタル)<br>走行フィールド:ストリート～サーキット<br>ベストマッチタイヤ:ラジアル～ハイグリップラジアル,,,16000,11786
ダイハツ,ムーヴ,L150S/L160S,H14/10～H18/10,660,DVSII装着車,フロント,13800,,272703,MX72k-EP415-qq-e-4607k,MX72k-EP415-qq-e-d-4607k,4515693836738,EP415,ENDLESS,ブレーキパッド,MX72k,ローター適正温度域:50～700℃<br>平均摩擦係数:0.37～0.47<br>材質:セミメタル(セラミックカーボンメタル)<br>走行フィールド:ストリート～サーキット<br>ベストマッチタイヤ:ラジアル～ハイグリップラジアル,年式、グレード、仕様にて細かく適合が分類されますので形状確認を行って下さい,,16000,11786
ダイハツ,ムーヴ,L150S/L160S,H14/10～H18/10,660,,フロント,13800,,272663,MX72k-EP364-qq-e-4608k,MX72k-EP364-qq-e-d-4608k,4515693834956,EP364,ENDLESS,ブレーキパッド,MX72k,ローター適正温度域:50～700℃<br>平均摩擦係数:0.37～0.47<br>材質:セミメタル(セラミックカーボンメタル)<br>走行フィールド:ストリート～サーキット<br>ベストマッチタイヤ:ラジアル～ハイグリップラジアル,年式、グレード、仕様にて細かく適合が分類されますので形状確認を行って下さい,,16000,11786
ダイハツ,ムーヴ,L152S/L160S,H14/10～H18/10,660,RS・RSリミテッド,フロント,13800,,272702,MX72k-EP415-qq-e-4606k,MX72k-EP415-qq-e-d-4606k,4515693836738,EP415,ENDLESS,ブレーキパッド,MX72k,ローター適正温度域:50～700℃<br>平均摩擦係数:0.37～0.47<br>材質:セミメタル(セラミックカーボンメタル)<br>走行フィールド:ストリート～サーキット<br>ベストマッチタイヤ:ラジアル～ハイグリップラジアル,年式、グレード、仕様にて細かく適合が分類されますので形状確認を行って下さい,,16000,11786
ダイハツ,ムーヴ,L175S,H18/10～H22/12,660,RS・DVSIII装着車,フロント,13800,,272684,MX72k-EP387-qq-e-4609k,MX72k-EP387-qq-e-d-4609k,4515693835564,EP387,ENDLESS,ブレーキパッド,MX72k,ローター適正温度域:50～700℃<br>平均摩擦係数:0.37～0.47<br>材質:セミメタル(セラミックカーボンメタル)<br>走行フィールド:ストリート～サーキット<br>ベストマッチタイヤ:ラジアル～ハイグリップラジアル,年式、グレード、仕様にて細かく適合が分類されますので形状確認を行って下さい,,16000,11786
ダイハツ,ムーヴ,L175S/L185S,H18/10～H22/12,660,L175S(RS DVSIII非装着車・R ベンチディスク車)/L185S(R・RS),フロント,13800,,272704,MX72k-EP415-qq-e-4610k,MX72k-EP415-qq-e-d-4610k,4515693836738,EP415,ENDLESS,ブレーキパッド,MX72k,ローター適正温度域:50～700℃<br>平均摩擦係数:0.37～0.47<br>材質:セミメタル(セラミックカーボンメタル)<br>走行フィールド:ストリート～サーキット<br>ベストマッチタイヤ:ラジアル～ハイグリップラジアル,年式、グレード、仕様にて細かく適合が分類されますので形状確認を行って下さい,,16000,11786
ダイハツ,ムーヴ,L175S/L185S,H18/10～H22/12,660,L175S(RS・Rベンチディスク車を除く)/L185S(R・RSを除く),フロント,13800,,272664,MX72k-EP364-qq-e-4611k,MX72k-EP364-qq-e-d-4611k,4515693834956,EP364,ENDLESS,ブレーキパッド,MX72k,ローター適正温度域:50～700℃<br>平均摩擦係数:0.37～0.47<br>材質:セミメタル(セラミックカーボンメタル)<br>走行フィールド:ストリート～サーキット<br>ベストマッチタイヤ:ラジアル～ハイグリップラジアル,年式、グレード、仕様にて細かく適合が分類されますので形状確認を行って下さい,,16000,11786
ダイハツ,ムーヴ,L900S/L902S/L910S/L912S,H10/10～H14/10,660,ソリッドディスク車,フロント,13800,,272662,MX72k-EP364-qq-e-4605k,MX72k-EP364-qq-e-d-4605k,4515693834956,EP364,ENDLESS,ブレーキパッド,MX72k,ローター適正温度域:50～700℃<br>平均摩擦係数:0.37～0.47<br>材質:セミメタル(セラミックカーボンメタル)<br>走行フィールド:ストリート～サーキット<br>ベストマッチタイヤ:ラジアル～ハイグリップラジアル,年式、グレード、仕様にて細かく適合が分類されますので形状確認を行って下さい,,16000,11786
ダイハツ,ムーヴ,L900S/L902S/L910S/L912S,H10/10～H14/10,660,ベンチレーテッドディスク車,フロント,13800,,272631,MX72k-EP363-qq-e-4604k,MX72k-EP363-qq-e-d-4604k,4515693834925,EP363,ENDLESS,ブレーキパッド,MX72k,ローター適正温度域:50～700℃<br>平均摩擦係数:0.37～0.47<br>材質:セミメタル(セラミックカーボンメタル)<br>走行フィールド:ストリート～サーキット<br>ベストマッチタイヤ:ラジアル～ハイグリップラジアル,年式、グレード、仕様にて細かく適合が分類されますので形状確認を行って下さい,,16000,11786
ダイハツ,ムーヴ,LA100S/LA110S,H22/12～H24/12,660,NA,フロント,13800,,272666,MX72k-EP364-qq-e-4615k,MX72k-EP364-qq-e-d-4615k,4515693834956,EP364,ENDLESS,ブレーキパッド,MX72k,ローター適正温度域:50～700℃<br>平均摩擦係数:0.37～0.47<br>材質:セミメタル(セラミックカーボンメタル)<br>走行フィールド:ストリート～サーキット<br>ベストマッチタイヤ:ラジアル～ハイグリップラジアル,年式、グレード、仕様にて細かく適合が分類されますので形状確認を行って下さい,,16000,11786
ダイハツ,ムーヴ,LA100S/LA110S,H24/12～H26/12,660,NA,フロント,13800,,272707,MX72k-EP415-qq-e-4616k,MX72k-EP415-qq-e-d-4616k,4515693836738,EP415,ENDLESS,ブレーキパッド,MX72k,ローター適正温度域:50～700℃<br>平均摩擦係数:0.37～0.47<br>材質:セミメタル(セラミックカーボンメタル)<br>走行フィールド:ストリート～サーキット<br>ベストマッチタイヤ:ラジアル～ハイグリップラジアル,年式、グレード、仕様にて細かく適合が分類されますので形状確認を行って下さい,,16000,11786
ダイハツ,ムーヴ,LA100S/LA111S,H22/12～,660,ターボ,フロント,13800,,272706,MX72k-EP415-qq-e-4614k,MX72k-EP415-qq-e-d-4614k,4515693836738,EP415,ENDLESS,ブレーキパッド,MX72k,ローター適正温度域:50～700℃<br>平均摩擦係数:0.37～0.47<br>材質:セミメタル(セラミックカーボンメタル)<br>走行フィールド:ストリート～サーキット<br>ベストマッチタイヤ:ラジアル～ハイグリップラジアル,年式、グレード、仕様にて細かく適合が分類されますので形状確認を行って下さい,,16000,11786
ダイハツ,ムーヴ,LA100S/LA111S,H23/5～,660,NA・12インチ装着車,フロント,13800,,272665,MX72k-EP364-qq-e-4612k,MX72k-EP364-qq-e-d-4612k,4515693834956,EP364,ENDLESS,ブレーキパッド,MX72k,ローター適正温度域:50～700℃<br>平均摩擦係数:0.37～0.47<br>材質:セミメタル(セラミックカーボンメタル)<br>走行フィールド:ストリート～サーキット<br>ベストマッチタイヤ:ラジアル～ハイグリップラジアル,年式、グレード、仕様にて細かく適合が分類されますので形状確認を行って下さい,,16000,11786
ダイハツ,ムーヴ,LA100S/LA111S,H23/5～,660,NA・13インチ装着車,フロント,13800,,272705,MX72k-EP415-qq-e-4613k,MX72k-EP415-qq-e-d-4613k,4515693836738,EP415,ENDLESS,ブレーキパッド,MX72k,ローター適正温度域:50～700℃<br>平均摩擦係数:0.37～0.47<br>材質:セミメタル(セラミックカーボンメタル)<br>走行フィールド:ストリート～サーキット<br>ベストマッチタイヤ:ラジアル～ハイグリップラジアル,年式、グレード、仕様にて細かく適合が分類されますので形状確認を行って下さい,,16000,11786
ダイハツ,ムーヴコンテ,L575S/L585S,H20/8～H29/3,660,リアドラム・NA車(要形状確認),フロント,13800,,272667,MX72k-EP364-qq-e-4617k,MX72k-EP364-qq-e-d-4617k,4515693834956,EP364,ENDLESS,ブレーキパッド,MX72k,ローター適正温度域:50～700℃<br>平均摩擦係数:0.37～0.47<br>材質:セミメタル(セラミックカーボンメタル)<br>走行フィールド:ストリート～サーキット<br>ベストマッチタイヤ:ラジアル～ハイグリップラジアル,,,16000,11786
ダイハツ,ムーヴコンテ,L575S/L585S,H20/8～H29/3,660,リアドラム・ターボ車(要形状確認),フロント,13800,,272708,MX72k-EP415-qq-e-4618k,MX72k-EP415-qq-e-d-4618k,4515693836738,EP415,ENDLESS,ブレーキパッド,MX72k,ローター適正温度域:50～700℃<br>平均摩擦係数:0.37～0.47<br>材質:セミメタル(セラミックカーボンメタル)<br>走行フィールド:ストリート～サーキット<br>ベストマッチタイヤ:ラジアル～ハイグリップラジアル,,,16000,11786
ダイハツ,ムーヴラテ,L550S,H16/8～H17/5,660,L ABS装着車/X/XLim/RS/RSLim,フロント,13800,,272669,MX72k-EP364-qq-e-4620k,MX72k-EP364-qq-e-d-4620k,4515693834956,EP364,ENDLESS,ブレーキパッド,MX72k,ローター適正温度域:50～700℃<br>平均摩擦係数:0.37～0.47<br>材質:セミメタル(セラミックカーボンメタル)<br>走行フィールド:ストリート～サーキット<br>ベストマッチタイヤ:ラジアル～ハイグリップラジアル,,,16000,11786
ダイハツ,ムーヴラテ,L550S,H16/8～H21/4,660,L ABS非装着車,フロント,13800,,272668,MX72k-EP364-qq-e-4619k,MX72k-EP364-qq-e-d-4619k,4515693834956,EP364,ENDLESS,ブレーキパッド,MX72k,ローター適正温度域:50～700℃<br>平均摩擦係数:0.37～0.47<br>材質:セミメタル(セラミックカーボンメタル)<br>走行フィールド:ストリート～サーキット<br>ベストマッチタイヤ:ラジアル～ハイグリップラジアル,,,16000,11786
ダイハツ,ムーヴラテ,L550S,H17/5～H21/4,660,L ABS装着車/X/XLim/RS/クール/クールターボ,フロント,13800,,272671,MX72k-EP364-qq-e-4622k,MX72k-EP364-qq-e-d-4622k,4515693834956,EP364,ENDLESS,ブレーキパッド,MX72k,ローター適正温度域:50～700℃<br>平均摩擦係数:0.37～0.47<br>材質:セミメタル(セラミックカーボンメタル)<br>走行フィールド:ストリート～サーキット<br>ベストマッチタイヤ:ラジアル～ハイグリップラジアル,,,16000,11786
ダイハツ,ムーヴラテ,L560S,H16/8～H17/5,660,4WD全車,フロント,13800,,272670,MX72k-EP364-qq-e-4621k,MX72k-EP364-qq-e-d-4621k,4515693834956,EP364,ENDLESS,ブレーキパッド,MX72k,ローター適正温度域:50～700℃<br>平均摩擦係数:0.37～0.47<br>材質:セミメタル(セラミックカーボンメタル)<br>走行フィールド:ストリート～サーキット<br>ベストマッチタイヤ:ラジアル～ハイグリップラジアル,,,16000,11786
ダイハツ,ムーヴラテ,L560S,H17/5～H21/4,660,RS・4WD,フロント,13800,,272709,MX72k-EP415-qq-e-4624k,MX72k-EP415-qq-e-d-4624k,4515693836738,EP415,ENDLESS,ブレーキパッド,MX72k,ローター適正温度域:50～700℃<br>平均摩擦係数:0.37～0.47<br>材質:セミメタル(セラミックカーボンメタル)<br>走行フィールド:ストリート～サーキット<br>ベストマッチタイヤ:ラジアル～ハイグリップラジアル,,,16000,11786
ダイハツ,ムーヴラテ,LS560S,H17/5～H21/4,660,4WD X/Xリミテッド/クール,フロント,13800,,272672,MX72k-EP364-qq-e-4623k,MX72k-EP364-qq-e-d-4623k,4515693834956,EP364,ENDLESS,ブレーキパッド,MX72k,ローター適正温度域:50～700℃<br>平均摩擦係数:0.37～0.47<br>材質:セミメタル(セラミックカーボンメタル)<br>走行フィールド:ストリート～サーキット<br>ベストマッチタイヤ:ラジアル～ハイグリップラジアル,,,16000,11786
トヨタ,bB,QNC20/QNC21/QNC25,H17/2～H28/8,1300～1500,,フロント,13800,,272675,MX72k-EP387-qq-e-4409k,MX72k-EP387-qq-e-d-4409k,4515693835564,EP387,ENDLESS,ブレーキパッド,MX72k,ローター適正温度域:50～700℃<br>平均摩擦係数:0.37～0.47<br>材質:セミメタル(セラミックカーボンメタル)<br>走行フィールド:ストリート～サーキット<br>ベストマッチタイヤ:ラジアル～ハイグリップラジアル,,,16000,11786
トヨタ,デュエット,M100A/M110A,H13/12～H16/5,1000,リアドラム,フロント,13800,,272619,MX72k-EP363-qq-e-4405k,MX72k-EP363-qq-e-d-4405k,4515693834925,EP363,ENDLESS,ブレーキパッド,MX72k,ローター適正温度域:50～700℃<br>平均摩擦係数:0.37～0.47<br>材質:セミメタル(セラミックカーボンメタル)<br>走行フィールド:ストリート～サーキット<br>ベストマッチタイヤ:ラジアル～ハイグリップラジアル,,,16000,11786
トヨタ,デュエット,M100A/M110A/M101A/M111A,H10/9～H13/12,1000～1300,リアドラム,フロント,13800,,272618,MX72k-EP363-qq-e-4404k,MX72k-EP363-qq-e-d-4404k,4515693834925,EP363,ENDLESS,ブレーキパッド,MX72k,ローター適正温度域:50～700℃<br>平均摩擦係数:0.37～0.47<br>材質:セミメタル(セラミックカーボンメタル)<br>走行フィールド:ストリート～サーキット<br>ベストマッチタイヤ:ラジアル～ハイグリップラジアル,,,16000,11786
トヨタ,デュエット,M101A/M111A,H13/12～H16/5,1300,リアドラム,フロント,13800,,272674,MX72k-EP387-qq-e-4406k,MX72k-EP387-qq-e-d-4406k,4515693835564,EP387,ENDLESS,ブレーキパッド,MX72k,ローター適正温度域:50～700℃<br>平均摩擦係数:0.37～0.47<br>材質:セミメタル(セラミックカーボンメタル)<br>走行フィールド:ストリート～サーキット<br>ベストマッチタイヤ:ラジアル～ハイグリップラジアル,,,16000,11786
トヨタ,パッソ/パッソセッテ,KGC35/KGC30/NGC30,H22/2～H28/4,1000～1300,KGC35(グレードX)/KGC30(+HANA含む),フロント,13800,,272687,MX72k-EP415-qq-e-4408k,MX72k-EP415-qq-e-d-4408k,4515693836738,EP415,ENDLESS,ブレーキパッド,MX72k,ローター適正温度域:50～700℃<br>平均摩擦係数:0.37～0.47<br>材質:セミメタル(セラミックカーボンメタル)<br>走行フィールド:ストリート～サーキット<br>ベストマッチタイヤ:ラジアル～ハイグリップラジアル,,,16000,11786
トヨタ,パッソ/パッソセッテ,QNC10/KGC10/KGC15,H16/6～H22/2,1000～1300,,フロント,13800,,272686,MX72k-EP415-qq-e-4407k,MX72k-EP415-qq-e-d-4407k,4515693836738,EP415,ENDLESS,ブレーキパッド,MX72k,ローター適正温度域:50～700℃<br>平均摩擦係数:0.37～0.47<br>材質:セミメタル(セラミックカーボンメタル)<br>走行フィールド:ストリート～サーキット<br>ベストマッチタイヤ:ラジアル～ハイグリップラジアル,,,16000,11786
日産,デイズ,B21W,H25/6～H26/10,660,,フロント,13800,,272750,MX72k-EP475-qq-e-4410k,MX72k-EP475-qq-e-d-4410k,4515693853605,EP475,ENDLESS,ブレーキパッド,MX72k,ローター適正温度域:50～700℃<br>平均摩擦係数:0.37～0.47<br>材質:セミメタル(セラミックカーボンメタル)<br>走行フィールド:ストリート～サーキット<br>ベストマッチタイヤ:ラジアル～ハイグリップラジアル,,,16000,11786
日産,デイズハイウェイスター,B21W,H25/6～,660,ターボ,フロント,13800,,272761,MX72k-EP502-qq-e-4411k,MX72k-EP502-qq-e-d-4411k,4515693861570,EP502,ENDLESS,ブレーキパッド,MX72k,ローター適正温度域:50～700℃<br>平均摩擦係数:0.37～0.47<br>材質:セミメタル(セラミックカーボンメタル)<br>走行フィールド:ストリート～サーキット<br>ベストマッチタイヤ:ラジアル～ハイグリップラジアル,,,16000,11786
日産,デイズハイウェイスター,B21W,H25/6～H26/10,660,NA,フロント,13800,,272751,MX72k-EP475-qq-e-4412k,MX72k-EP475-qq-e-d-4412k,4515693853605,EP475,ENDLESS,ブレーキパッド,MX72k,ローター適正温度域:50～700℃<br>平均摩擦係数:0.37～0.47<br>材質:セミメタル(セラミックカーボンメタル)<br>走行フィールド:ストリート～サーキット<br>ベストマッチタイヤ:ラジアル～ハイグリップラジアル,,,16000,11786
日産,デイズルークス,B21A,H26/2～,660,NA・4WD,フロント,13800,,272762,MX72k-EP502-qq-e-4414k,MX72k-EP502-qq-e-d-4414k,4515693861570,EP502,ENDLESS,ブレーキパッド,MX72k,ローター適正温度域:50～700℃<br>平均摩擦係数:0.37～0.47<br>材質:セミメタル(セラミックカーボンメタル)<br>走行フィールド:ストリート～サーキット<br>ベストマッチタイヤ:ラジアル～ハイグリップラジアル,,,16000,11786
日産,デイズルークス,B21A,H26/2～H26/10,660,NA・2WD,フロント,13800,,272752,MX72k-EP475-qq-e-4413k,MX72k-EP475-qq-e-d-4413k,4515693853605,EP475,ENDLESS,ブレーキパッド,MX72k,ローター適正温度域:50～700℃<br>平均摩擦係数:0.37～0.47<br>材質:セミメタル(セラミックカーボンメタル)<br>走行フィールド:ストリート～サーキット<br>ベストマッチタイヤ:ラジアル～ハイグリップラジアル,,,16000,11786
日産,デイズルークス,B21W,H26/2～,660,ターボ,フロント,13800,,272763,MX72k-EP502-qq-e-4415k,MX72k-EP502-qq-e-d-4415k,4515693861570,EP502,ENDLESS,ブレーキパッド,MX72k,ローター適正温度域:50～700℃<br>平均摩擦係数:0.37～0.47<br>材質:セミメタル(セラミックカーボンメタル)<br>走行フィールド:ストリート～サーキット<br>ベストマッチタイヤ:ラジアル～ハイグリップラジアル,,,16000,11786
日産,ピノ,HC24S,H19/1～H22/2,660,,フロント,13800,,272719,MX72k-EP441-qq-e-4416k,MX72k-EP441-qq-e-d-4416k,4515693837704,EP441,ENDLESS,ブレーキパッド,MX72k,ローター適正温度域:50～700℃<br>平均摩擦係数:0.37～0.47<br>材質:セミメタル(セラミックカーボンメタル)<br>走行フィールド:ストリート～サーキット<br>ベストマッチタイヤ:ラジアル～ハイグリップラジアル,,,16000,11786
日産,マーチ,HK11,H4/2～H9/5,1300,4輪ディスク,リア,13800,,272583,MX72k-EP287-qq-e-9038k,MX72k-EP287-qq-e-d-9038k,4515693832587,EP287,ENDLESS,ブレーキパッド,MX72k,ローター適正温度域:50～700℃<br>平均摩擦係数:0.37～0.47<br>材質:セミメタル(セラミックカーボンメタル)<br>走行フィールド:ストリート～サーキット<br>ベストマッチタイヤ:ラジアル～ハイグリップラジアル,,,16000,11786
日産,マーチ,K11/HK11,H9/5～H11/11,1000～1300,4輪ディスク,リア,13800,,272584,MX72k-EP287-qq-e-9039k,MX72k-EP287-qq-e-d-9039k,4515693832587,EP287,ENDLESS,ブレーキパッド,MX72k,ローター適正温度域:50～700℃<br>平均摩擦係数:0.37～0.47<br>材質:セミメタル(セラミックカーボンメタル)<br>走行フィールド:ストリート～サーキット<br>ベストマッチタイヤ:ラジアル～ハイグリップラジアル,,,16000,11786
日産,モコ,MG21S,H14/4～H15/8,660～,ターボ,フロント,13800,,272592,MX72k-EP361-qq-e-4417k,MX72k-EP361-qq-e-d-4417k,4515693834871,EP361,ENDLESS,ブレーキパッド,MX72k,ローター適正温度域:50～700℃<br>平均摩擦係数:0.37～0.47<br>材質:セミメタル(セラミックカーボンメタル)<br>走行フィールド:ストリート～サーキット<br>ベストマッチタイヤ:ラジアル～ハイグリップラジアル,,,16000,11786
日産,モコ,MG21S,H15/8～H18/2,660～,ターボ,フロント,13800,,272593,MX72k-EP361-qq-e-4418k,MX72k-EP361-qq-e-d-4418k,4515693834871,EP361,ENDLESS,ブレーキパッド,MX72k,ローター適正温度域:50～700℃<br>平均摩擦係数:0.37～0.47<br>材質:セミメタル(セラミックカーボンメタル)<br>走行フィールド:ストリート～サーキット<br>ベストマッチタイヤ:ラジアル～ハイグリップラジアル,,,16000,11786
日産,モコ,MG22S,H18/2～H23/2,660～,,フロント,13800,,272720,MX72k-EP441-qq-e-4419k,MX72k-EP441-qq-e-d-4419k,4515693837704,EP441,ENDLESS,ブレーキパッド,MX72k,ローター適正温度域:50～700℃<br>平均摩擦係数:0.37～0.47<br>材質:セミメタル(セラミックカーボンメタル)<br>走行フィールド:ストリート～サーキット<br>ベストマッチタイヤ:ラジアル～ハイグリップラジアル,,,16000,11786
日産,モコ,MG33S,H23/2～H28/5,660～,,フロント,13800,,272721,MX72k-EP441-qq-e-4420k,MX72k-EP441-qq-e-d-4420k,4515693837704,EP441,ENDLESS,ブレーキパッド,MX72k,ローター適正温度域:50～700℃<br>平均摩擦係数:0.37～0.47<br>材質:セミメタル(セラミックカーボンメタル)<br>走行フィールド:ストリート～サーキット<br>ベストマッチタイヤ:ラジアル～ハイグリップラジアル,,,16000,11786
ホンダ,CR-X,EF7,S62/8～H4/3,1600,,リア,13800,,272534,MX72k-EP210-qq-e-9049k,MX72k-EP210-qq-e-d-9049k,4515693830187,EP210,ENDLESS,ブレーキパッド,MX72k,ローター適正温度域:50～700℃<br>平均摩擦係数:0.37～0.47<br>材質:セミメタル(セラミックカーボンメタル)<br>走行フィールド:ストリート～サーキット<br>ベストマッチタイヤ:ラジアル～ハイグリップラジアル,,,16000,11786
ホンダ,CR-X,EF8,H1/8～H4/3,1600,V-TEC,リア,13800,,272535,MX72k-EP210-qq-e-9050k,MX72k-EP210-qq-e-d-9050k,4515693830187,EP210,ENDLESS,ブレーキパッド,MX72k,ローター適正温度域:50～700℃<br>平均摩擦係数:0.37～0.47<br>材質:セミメタル(セラミックカーボンメタル)<br>走行フィールド:ストリート～サーキット<br>ベストマッチタイヤ:ラジアル～ハイグリップラジアル,,,16000,11786
ホンダ,CR-Xデルソル,EG1/EG2,H4/3～H9/7,1500～1600,EG1(ABS付),リア,13800,,272536,MX72k-EP210-qq-e-9051k,MX72k-EP210-qq-e-d-9051k,4515693830187,EP210,ENDLESS,ブレーキパッド,MX72k,ローター適正温度域:50～700℃<br>平均摩擦係数:0.37～0.47<br>材質:セミメタル(セラミックカーボンメタル)<br>走行フィールド:ストリート～サーキット<br>ベストマッチタイヤ:ラジアル～ハイグリップラジアル,,,16000,11786
ホンダ,CR-Xデルソル,EJ4,H7/10～H9/7,1600,ABS付・4輪ディスク,リア,13800,,272537,MX72k-EP210-qq-e-9052k,MX72k-EP210-qq-e-d-9052k,4515693830187,EP210,ENDLESS,ブレーキパッド,MX72k,ローター適正温度域:50～700℃<br>平均摩擦係数:0.37～0.47<br>材質:セミメタル(セラミックカーボンメタル)<br>走行フィールド:ストリート～サーキット<br>ベストマッチタイヤ:ラジアル～ハイグリップラジアル,,,16000,11786
ホンダ,N-BOX,JF1,H23/11～H27/2,660,No.～140000<br>No.140001以降はEP501となります,フロント,13800,,272509,MX72k-EP091-qq-e-4427k,MX72k-EP091-qq-e-d-4427k,4515693828931,EP091,ENDLESS,ブレーキパッド,MX72k,ローター適正温度域:50～700℃<br>平均摩擦係数:0.37～0.47<br>材質:セミメタル(セラミックカーボンメタル)<br>走行フィールド:ストリート～サーキット<br>ベストマッチタイヤ:ラジアル～ハイグリップラジアル,,,16000,11786
ホンダ,N-BOX,JF1/JF2,H23/11～H27/2,660,JF1(ターボ),フロント,13800,,272712,MX72k-EP423-qq-e-4428k,MX72k-EP423-qq-e-d-4428k,4515693837056,EP423,ENDLESS,ブレーキパッド,MX72k,ローター適正温度域:50～700℃<br>平均摩擦係数:0.37～0.47<br>材質:セミメタル(セラミックカーボンメタル)<br>走行フィールド:ストリート～サーキット<br>ベストマッチタイヤ:ラジアル～ハイグリップラジアル,,,16000,11786
ホンダ,N-BOX,JF1/JF2,H27/2～H29/9,660,NA,フロント,13800,,272759,MX72k-EP501-qq-e-4429k,MX72k-EP501-qq-e-d-4429k,4515693861525,EP501,ENDLESS,ブレーキパッド,MX72k,ローター適正温度域:50～700℃<br>平均摩擦係数:0.37～0.47<br>材質:セミメタル(セラミックカーボンメタル)<br>走行フィールド:ストリート～サーキット<br>ベストマッチタイヤ:ラジアル～ハイグリップラジアル,,,16000,11786
ホンダ,N-BOX,JF1/JF2,H27/2～H29/9,660,ターボ,フロント,13800,,272713,MX72k-EP423-qq-e-4430k,MX72k-EP423-qq-e-d-4430k,4515693837056,EP423,ENDLESS,ブレーキパッド,MX72k,ローター適正温度域:50～700℃<br>平均摩擦係数:0.37～0.47<br>材質:セミメタル(セラミックカーボンメタル)<br>走行フィールド:ストリート～サーキット<br>ベストマッチタイヤ:ラジアル～ハイグリップラジアル,,,16000,11786
ホンダ,N-BOX,JF3,H29/9～,660,NA,フロント,13800,,272760,MX72k-EP501-qq-e-4431k,MX72k-EP501-qq-e-d-4431k,4515693861525,EP501,ENDLESS,ブレーキパッド,MX72k,ローター適正温度域:50～700℃<br>平均摩擦係数:0.37～0.47<br>材質:セミメタル(セラミックカーボンメタル)<br>走行フィールド:ストリート～サーキット<br>ベストマッチタイヤ:ラジアル～ハイグリップラジアル,,,16000,11786
ホンダ,N-BOX+,JF1/JF2,H24/7～,660,,フロント,13800,,272714,MX72k-EP423-qq-e-4432k,MX72k-EP423-qq-e-d-4432k,4515693837056,EP423,ENDLESS,ブレーキパッド,MX72k,ローター適正温度域:50～700℃<br>平均摩擦係数:0.37～0.47<br>材質:セミメタル(セラミックカーボンメタル)<br>走行フィールド:ストリート～サーキット<br>ベストマッチタイヤ:ラジアル～ハイグリップラジアル,,,16000,11786
ホンダ,N-ONE,JG1/JG2,H24/11～,660,ターボ,フロント,13800,,272711,MX72k-EP423-qq-e-4425k,MX72k-EP423-qq-e-d-4425k,4515693837056,EP423,ENDLESS,ブレーキパッド,MX72k,ローター適正温度域:50～700℃<br>平均摩擦係数:0.37～0.47<br>材質:セミメタル(セラミックカーボンメタル)<br>走行フィールド:ストリート～サーキット<br>ベストマッチタイヤ:ラジアル～ハイグリップラジアル,,,16000,11786
ホンダ,N-ONE,JG1/JG2,H24/11～H26/5,660,JG2(NA ～1100000),フロント,13800,,272508,MX72k-EP091-qq-e-4424k,MX72k-EP091-qq-e-d-4424k,4515693828931,EP091,ENDLESS,ブレーキパッド,MX72k,ローター適正温度域:50～700℃<br>平均摩擦係数:0.37～0.47<br>材質:セミメタル(セラミックカーボンメタル)<br>走行フィールド:ストリート～サーキット<br>ベストマッチタイヤ:ラジアル～ハイグリップラジアル,,,16000,11786
ホンダ,N-ONE,JG1/JG2,H26/5～,660,JG2(NA 1100001～),フロント,13800,,272758,MX72k-EP501-qq-e-4426k,MX72k-EP501-qq-e-d-4426k,4515693861525,EP501,ENDLESS,ブレーキパッド,MX72k,ローター適正温度域:50～700℃<br>平均摩擦係数:0.37～0.47<br>材質:セミメタル(セラミックカーボンメタル)<br>走行フィールド:ストリート～サーキット<br>ベストマッチタイヤ:ラジアル～ハイグリップラジアル,,,16000,11786
ホンダ,N-WGN,JH1/JH2,H25/11～,660,NA,フロント,13800,,272757,MX72k-EP501-qq-e-4422k,MX72k-EP501-qq-e-d-4422k,4515693861525,EP501,ENDLESS,ブレーキパッド,MX72k,ローター適正温度域:50～700℃<br>平均摩擦係数:0.37～0.47<br>材質:セミメタル(セラミックカーボンメタル)<br>走行フィールド:ストリート～サーキット<br>ベストマッチタイヤ:ラジアル～ハイグリップラジアル,,,16000,11786
ホンダ,N-WGN,JH1/JH2,H25/11～,660,ターボ,フロント,13800,,272710,MX72k-EP423-qq-e-4423k,MX72k-EP423-qq-e-d-4423k,4515693837056,EP423,ENDLESS,ブレーキパッド,MX72k,ローター適正温度域:50～700℃<br>平均摩擦係数:0.37～0.47<br>材質:セミメタル(セラミックカーボンメタル)<br>走行フィールド:ストリート～サーキット<br>ベストマッチタイヤ:ラジアル～ハイグリップラジアル,,,16000,11786
ホンダ,S660,JW5,H27/4～,660,,フロント,13800,,272756,MX72k-EP501-qq-e-4421k,MX72k-EP501-qq-e-d-4421k,4515693861525,EP501,ENDLESS,ブレーキパッド,MX72k,ローター適正温度域:50～700℃<br>平均摩擦係数:0.37～0.47<br>材質:セミメタル(セラミックカーボンメタル)<br>走行フィールド:ストリート～サーキット<br>ベストマッチタイヤ:ラジアル～ハイグリップラジアル,,,16000,11786
ホンダ,S660,JW5,H27/4～,660,,リア,13800,,272749,MX72k-EP451-qq-e-9048k,MX72k-EP451-qq-e-d-9048k,4515693865035,EP451,ENDLESS,ブレーキパッド,MX72k,ローター適正温度域:50～700℃<br>平均摩擦係数:0.37～0.47<br>材質:セミメタル(セラミックカーボンメタル)<br>走行フィールド:ストリート～サーキット<br>ベストマッチタイヤ:ラジアル～ハイグリップラジアル,,,16000,11786
ホンダ,インテグラ,DA5/DA7,H1/4～H5/6,1600,4輪ディスク,リア,13800,,272526,MX72k-EP210-qq-e-9040k,MX72k-EP210-qq-e-d-9040k,4515693830187,EP210,ENDLESS,ブレーキパッド,MX72k,ローター適正温度域:50～700℃<br>平均摩擦係数:0.37～0.47<br>材質:セミメタル(セラミックカーボンメタル)<br>走行フィールド:ストリート～サーキット<br>ベストマッチタイヤ:ラジアル～ハイグリップラジアル,,,16000,11786
ホンダ,インテグラ,DA6/DA8,H1/4～H5/6,1600,V-TEC,リア,13800,,272527,MX72k-EP210-qq-e-9041k,MX72k-EP210-qq-e-d-9041k,4515693830187,EP210,ENDLESS,ブレーキパッド,MX72k,ローター適正温度域:50～700℃<br>平均摩擦係数:0.37～0.47<br>材質:セミメタル(セラミックカーボンメタル)<br>走行フィールド:ストリート～サーキット<br>ベストマッチタイヤ:ラジアル～ハイグリップラジアル,,,16000,11786
ホンダ,インテグラ,DB6,H5/6～H7/9,1600,ABS付,リア,13800,,272529,MX72k-EP210-qq-e-9043k,MX72k-EP210-qq-e-d-9043k,4515693830187,EP210,ENDLESS,ブレーキパッド,MX72k,ローター適正温度域:50～700℃<br>平均摩擦係数:0.37～0.47<br>材質:セミメタル(セラミックカーボンメタル)<br>走行フィールド:ストリート～サーキット<br>ベストマッチタイヤ:ラジアル～ハイグリップラジアル,,,16000,11786
ホンダ,インテグラ,DB9,H7/9～H13/7,1600,ABS付,リア,13800,,272530,MX72k-EP210-qq-e-9044k,MX72k-EP210-qq-e-d-9044k,4515693830187,EP210,ENDLESS,ブレーキパッド,MX72k,ローター適正温度域:50～700℃<br>平均摩擦係数:0.37～0.47<br>材質:セミメタル(セラミックカーボンメタル)<br>走行フィールド:ストリート～サーキット<br>ベストマッチタイヤ:ラジアル～ハイグリップラジアル,,,16000,11786
ホンダ,インテグラ,DC1/DB6,H7/9～H13/7,1600,ABS付,リア,13800,,272531,MX72k-EP210-qq-e-9045k,MX72k-EP210-qq-e-d-9045k,4515693830187,EP210,ENDLESS,ブレーキパッド,MX72k,ローター適正温度域:50～700℃<br>平均摩擦係数:0.37～0.47<br>材質:セミメタル(セラミックカーボンメタル)<br>走行フィールド:ストリート～サーキット<br>ベストマッチタイヤ:ラジアル～ハイグリップラジアル,,,16000,11786
ホンダ,インテグラ,DC1/DC2/DB7/DB8,H5/6～H7/9,1600～1800,DC1(ABS付)/DC2 DB7/8(V-TEC),リア,13800,,272528,MX72k-EP210-qq-e-9042k,MX72k-EP210-qq-e-d-9042k,4515693830187,EP210,ENDLESS,ブレーキパッド,MX72k,ローター適正温度域:50～700℃<br>平均摩擦係数:0.37～0.47<br>材質:セミメタル(セラミックカーボンメタル)<br>走行フィールド:ストリート～サーキット<br>ベストマッチタイヤ:ラジアル～ハイグリップラジアル,,,16000,11786
ホンダ,インテグラ,DC2/DB8,H7/9～H13/7,1800,タイプR除く,リア,13800,,272533,MX72k-EP210-qq-e-9047k,MX72k-EP210-qq-e-d-9047k,4515693830187,EP210,ENDLESS,ブレーキパッド,MX72k,ローター適正温度域:50～700℃<br>平均摩擦係数:0.37～0.47<br>材質:セミメタル(セラミックカーボンメタル)<br>走行フィールド:ストリート～サーキット<br>ベストマッチタイヤ:ラジアル～ハイグリップラジアル,,,16000,11786
ホンダ,インテグラタイプR,DC2/DB8,H7/9～H10/2,1800,,リア,13800,,272532,MX72k-EP210-qq-e-9046k,MX72k-EP210-qq-e-d-9046k,4515693830187,EP210,ENDLESS,ブレーキパッド,MX72k,ローター適正温度域:50～700℃<br>平均摩擦係数:0.37～0.47<br>材質:セミメタル(セラミックカーボンメタル)<br>走行フィールド:ストリート～サーキット<br>ベストマッチタイヤ:ラジアル～ハイグリップラジアル,,,16000,11786
ホンダ,コンチェルト,MA2,S63/6～H4/10,1600,4輪ディスク,リア,13800,,272545,MX72k-EP210-qq-e-9060k,MX72k-EP210-qq-e-d-9060k,4515693830187,EP210,ENDLESS,ブレーキパッド,MX72k,ローター適正温度域:50～700℃<br>平均摩擦係数:0.37～0.47<br>材質:セミメタル(セラミックカーボンメタル)<br>走行フィールド:ストリート～サーキット<br>ベストマッチタイヤ:ラジアル～ハイグリップラジアル,,,16000,11786
ホンダ,シティ,AA,S56/11～S61/9,1200,ターボ含む,フロント,13800,,272510,MX72k-EP091-qq-e-4433k,MX72k-EP091-qq-e-d-4433k,4515693828931,EP091,ENDLESS,ブレーキパッド,MX72k,ローター適正温度域:50～700℃<br>平均摩擦係数:0.37～0.47<br>材質:セミメタル(セラミックカーボンメタル)<br>走行フィールド:ストリート～サーキット<br>ベストマッチタイヤ:ラジアル～ハイグリップラジアル,,,16000,11786
ホンダ,シビック,EF3,S62/9～H3/9,1600,Si・4輪ディスク,リア,13800,,272538,MX72k-EP210-qq-e-9053k,MX72k-EP210-qq-e-d-9053k,4515693830187,EP210,ENDLESS,ブレーキパッド,MX72k,ローター適正温度域:50～700℃<br>平均摩擦係数:0.37～0.47<br>材質:セミメタル(セラミックカーボンメタル)<br>走行フィールド:ストリート～サーキット<br>ベストマッチタイヤ:ラジアル～ハイグリップラジアル,,,16000,11786
ホンダ,シビック,EF9,H1/8～H3/9,1600,V-TEC,リア,13800,,272539,MX72k-EP210-qq-e-9054k,MX72k-EP210-qq-e-d-9054k,4515693830187,EP210,ENDLESS,ブレーキパッド,MX72k,ローター適正温度域:50～700℃<br>平均摩擦係数:0.37～0.47<br>材質:セミメタル(セラミックカーボンメタル)<br>走行フィールド:ストリート～サーキット<br>ベストマッチタイヤ:ラジアル～ハイグリップラジアル,,,16000,11786
ホンダ,シビック,EG4/EG8/EG5,H3/9～H7/9,1300～1500,EG4/8(VTi・ABS付)/EG5(ABS付),リア,13800,,272541,MX72k-EP210-qq-e-9056k,MX72k-EP210-qq-e-d-9056k,4515693830187,EP210,ENDLESS,ブレーキパッド,MX72k,ローター適正温度域:50～700℃<br>平均摩擦係数:0.37～0.47<br>材質:セミメタル(セラミックカーボンメタル)<br>走行フィールド:ストリート～サーキット<br>ベストマッチタイヤ:ラジアル～ハイグリップラジアル,,,16000,11786
ホンダ,シビック,EG5,H3/9～H7/9,1300～1500,ABS無,リア,13800,,272540,MX72k-EP210-qq-e-9055k,MX72k-EP210-qq-e-d-9055k,4515693830187,EP210,ENDLESS,ブレーキパッド,MX72k,ローター適正温度域:50～700℃<br>平均摩擦係数:0.37～0.47<br>材質:セミメタル(セラミックカーボンメタル)<br>走行フィールド:ストリート～サーキット<br>ベストマッチタイヤ:ラジアル～ハイグリップラジアル,,,16000,11786
ホンダ,シビック/シビックフェリオ,EG6/EG9,H3/9～H7/9,1600,,リア,13800,,272542,MX72k-EP210-qq-e-9057k,MX72k-EP210-qq-e-d-9057k,4515693830187,EP210,ENDLESS,ブレーキパッド,MX72k,ローター適正温度域:50～700℃<br>平均摩擦係数:0.37～0.47<br>材質:セミメタル(セラミックカーボンメタル)<br>走行フィールド:ストリート～サーキット<br>ベストマッチタイヤ:ラジアル～ハイグリップラジアル,,,16000,11786
ホンダ,シビック/シビックフェリオ,EK4/EK3,H7/9～H12/9,1600,EK4(3/4ドア)/EK3(フェリオ・Vi-RS),リア,13800,,272544,MX72k-EP210-qq-e-9059k,MX72k-EP210-qq-e-d-9059k,4515693830187,EP210,ENDLESS,ブレーキパッド,MX72k,ローター適正温度域:50～700℃<br>平均摩擦係数:0.37～0.47<br>材質:セミメタル(セラミックカーボンメタル)<br>走行フィールド:ストリート～サーキット<br>ベストマッチタイヤ:ラジアル～ハイグリップラジアル,,,16000,11786
ホンダ,シビッククーペ,EJ1,H3/9～H7/9,1600,4輪ディスク,リア,13800,,272543,MX72k-EP210-qq-e-9058k,MX72k-EP210-qq-e-d-9058k,4515693830187,EP210,ENDLESS,ブレーキパッド,MX72k,ローター適正温度域:50～700℃<br>平均摩擦係数:0.37～0.47<br>材質:セミメタル(セラミックカーボンメタル)<br>走行フィールド:ストリート～サーキット<br>ベストマッチタイヤ:ラジアル～ハイグリップラジアル,,,16000,11786
ホンダ,ゼスト,JE1/JE2,H18/2～H24/11,660,,フロント,13800,,272511,MX72k-EP091-qq-e-4434k,MX72k-EP091-qq-e-d-4434k,4515693828931,EP091,ENDLESS,ブレーキパッド,MX72k,ローター適正温度域:50～700℃<br>平均摩擦係数:0.37～0.47<br>材質:セミメタル(セラミックカーボンメタル)<br>走行フィールド:ストリート～サーキット<br>ベストマッチタイヤ:ラジアル～ハイグリップラジアル,,,16000,11786
ホンダ,ゼストスパーク,JE1/JE2,H20/12～,660,ターボ,フロント,13800,,272716,MX72k-EP423-qq-e-4438k,MX72k-EP423-qq-e-d-4438k,4515693837056,EP423,ENDLESS,ブレーキパッド,MX72k,ローター適正温度域:50～700℃<br>平均摩擦係数:0.37～0.47<br>材質:セミメタル(セラミックカーボンメタル)<br>走行フィールド:ストリート～サーキット<br>ベストマッチタイヤ:ラジアル～ハイグリップラジアル,,,16000,11786
ホンダ,ゼストスパーク,JE1/JE2,H20/12～H24/11,660,NA,フロント,13800,,272513,MX72k-EP091-qq-e-4437k,MX72k-EP091-qq-e-d-4437k,4515693828931,EP091,ENDLESS,ブレーキパッド,MX72k,ローター適正温度域:50～700℃<br>平均摩擦係数:0.37～0.47<br>材質:セミメタル(セラミックカーボンメタル)<br>走行フィールド:ストリート～サーキット<br>ベストマッチタイヤ:ラジアル～ハイグリップラジアル,,,16000,11786
ホンダ,ゼストスポーツ,JE1/JE2,H18/2～H20/12,660,NA,フロント,13800,,272512,MX72k-EP091-qq-e-4435k,MX72k-EP091-qq-e-d-4435k,4515693828931,EP091,ENDLESS,ブレーキパッド,MX72k,ローター適正温度域:50～700℃<br>平均摩擦係数:0.37～0.47<br>材質:セミメタル(セラミックカーボンメタル)<br>走行フィールド:ストリート～サーキット<br>ベストマッチタイヤ:ラジアル～ハイグリップラジアル,,,16000,11786
ホンダ,ゼストスポーツ,JE1/JE2,H18/2～H20/12,660,ターボ,フロント,13800,,272715,MX72k-EP423-qq-e-4436k,MX72k-EP423-qq-e-d-4436k,4515693837056,EP423,ENDLESS,ブレーキパッド,MX72k,ローター適正温度域:50～700℃<br>平均摩擦係数:0.37～0.47<br>材質:セミメタル(セラミックカーボンメタル)<br>走行フィールド:ストリート～サーキット<br>ベストマッチタイヤ:ラジアル～ハイグリップラジアル,,,16000,11786
ホンダ,トゥデイ,JA1/JW1/JW2,S60/9～H2/2,550,FF,フロント,13800,,272514,MX72k-EP091-qq-e-4439k,MX72k-EP091-qq-e-d-4439k,4515693828931,EP091,ENDLESS,ブレーキパッド,MX72k,ローター適正温度域:50～700℃<br>平均摩擦係数:0.37～0.47<br>材質:セミメタル(セラミックカーボンメタル)<br>走行フィールド:ストリート～サーキット<br>ベストマッチタイヤ:ラジアル～ハイグリップラジアル,,,16000,11786
ホンダ,トゥデイ,JA2/JW3,H2/2～H5/1,660,FF,フロント,13800,,272515,MX72k-EP091-qq-e-4440k,MX72k-EP091-qq-e-d-4440k,4515693828931,EP091,ENDLESS,ブレーキパッド,MX72k,ローター適正温度域:50～700℃<br>平均摩擦係数:0.37～0.47<br>材質:セミメタル(セラミックカーボンメタル)<br>走行フィールド:ストリート～サーキット<br>ベストマッチタイヤ:ラジアル～ハイグリップラジアル,,,16000,11786
ホンダ,トゥデイ,JA3/JW4,H2/2～H5/1,660,4WD,フロント,13800,,272516,MX72k-EP091-qq-e-4441k,MX72k-EP091-qq-e-d-4441k,4515693828931,EP091,ENDLESS,ブレーキパッド,MX72k,ローター適正温度域:50～700℃<br>平均摩擦係数:0.37～0.47<br>材質:セミメタル(セラミックカーボンメタル)<br>走行フィールド:ストリート～サーキット<br>ベストマッチタイヤ:ラジアル～ハイグリップラジアル,,,16000,11786
ホンダ,トゥデイ,JA4,H5/1～H9/6,660,FF,フロント,13800,,272517,MX72k-EP091-qq-e-4442k,MX72k-EP091-qq-e-d-4442k,4515693828931,EP091,ENDLESS,ブレーキパッド,MX72k,ローター適正温度域:50～700℃<br>平均摩擦係数:0.37～0.47<br>材質:セミメタル(セラミックカーボンメタル)<br>走行フィールド:ストリート～サーキット<br>ベストマッチタイヤ:ラジアル～ハイグリップラジアル,,,16000,11786
ホンダ,トゥデイ,JA5,H5/1～H9/6,660,4WD,フロント,13800,,272518,MX72k-EP091-qq-e-4443k,MX72k-EP091-qq-e-d-4443k,4515693828931,EP091,ENDLESS,ブレーキパッド,MX72k,ローター適正温度域:50～700℃<br>平均摩擦係数:0.37～0.47<br>材質:セミメタル(セラミックカーボンメタル)<br>走行フィールド:ストリート～サーキット<br>ベストマッチタイヤ:ラジアル～ハイグリップラジアル,,,16000,11786
ホンダ,ドマーニ,MA4/MA5,H7/9～H9/3,1600～1800,MA5(No.1200001～),リア,13800,,272547,MX72k-EP210-qq-e-9062k,MX72k-EP210-qq-e-d-9062k,4515693830187,EP210,ENDLESS,ブレーキパッド,MX72k,ローター適正温度域:50～700℃<br>平均摩擦係数:0.37～0.47<br>材質:セミメタル(セラミックカーボンメタル)<br>走行フィールド:ストリート～サーキット<br>ベストマッチタイヤ:ラジアル～ハイグリップラジアル,,,16000,11786
ホンダ,ドマーニ,MA4/MA5/MA6,H4/10～H7/9,1600～1800,ABS付,リア,13800,,272546,MX72k-EP210-qq-e-9061k,MX72k-EP210-qq-e-d-9061k,4515693830187,EP210,ENDLESS,ブレーキパッド,MX72k,ローター適正温度域:50～700℃<br>平均摩擦係数:0.37～0.47<br>材質:セミメタル(セラミックカーボンメタル)<br>走行フィールド:ストリート～サーキット<br>ベストマッチタイヤ:ラジアル～ハイグリップラジアル,,,16000,11786
ホンダ,バモス,HM1/HM2/HM3/HM4/HJ1/HJ2,H11/6～,660,リアドラム,フロント,13800,,272519,MX72k-EP091-qq-e-4444k,MX72k-EP091-qq-e-d-4444k,4515693828931,EP091,ENDLESS,ブレーキパッド,MX72k,ローター適正温度域:50～700℃<br>平均摩擦係数:0.37～0.47<br>材質:セミメタル(セラミックカーボンメタル)<br>走行フィールド:ストリート～サーキット<br>ベストマッチタイヤ:ラジアル～ハイグリップラジアル,,,16000,11786
ホンダ,ビート,PP1,H3/6～H7/10,660,,フロント,13800,,272520,MX72k-EP091-qq-e-4445k,MX72k-EP091-qq-e-d-4445k,4515693828931,EP091,ENDLESS,ブレーキパッド,MX72k,ローター適正温度域:50～700℃<br>平均摩擦係数:0.37～0.47<br>材質:セミメタル(セラミックカーボンメタル)<br>走行フィールド:ストリート～サーキット<br>ベストマッチタイヤ:ラジアル～ハイグリップラジアル,,,16000,11786
ホンダ,ビート,PP1,H3/6～H7/10,660,,リア,13800,,272548,MX72k-EP210-qq-e-9063k,MX72k-EP210-qq-e-d-9063k,4515693830187,EP210,ENDLESS,ブレーキパッド,MX72k,ローター適正温度域:50～700℃<br>平均摩擦係数:0.37～0.47<br>材質:セミメタル(セラミックカーボンメタル)<br>走行フィールド:ストリート～サーキット<br>ベストマッチタイヤ:ラジアル～ハイグリップラジアル,,,16000,11786
ホンダ,フィット,GD1/GD3,H17/12～H19/10,1300～1500,GD1(1.3S),リア,13800,,272550,MX72k-EP210-qq-e-9065k,MX72k-EP210-qq-e-d-9065k,4515693830187,EP210,ENDLESS,ブレーキパッド,MX72k,ローター適正温度域:50～700℃<br>平均摩擦係数:0.37～0.47<br>材質:セミメタル(セラミックカーボンメタル)<br>走行フィールド:ストリート～サーキット<br>ベストマッチタイヤ:ラジアル～ハイグリップラジアル,,,16000,11786
ホンダ,フィット,GD3,H14/9～H17/12,1500,4輪ディスク,リア,13800,,272549,MX72k-EP210-qq-e-9064k,MX72k-EP210-qq-e-d-9064k,4515693830187,EP210,ENDLESS,ブレーキパッド,MX72k,ローター適正温度域:50～700℃<br>平均摩擦係数:0.37～0.47<br>材質:セミメタル(セラミックカーボンメタル)<br>走行フィールド:ストリート～サーキット<br>ベストマッチタイヤ:ラジアル～ハイグリップラジアル,,,16000,11786
ホンダ,フィット,GE7/GE8/GE9,H19/10～H21/11,1300～1500,4輪ディスク,リア,13800,,272551,MX72k-EP210-qq-e-9066k,MX72k-EP210-qq-e-d-9066k,4515693830187,EP210,ENDLESS,ブレーキパッド,MX72k,ローター適正温度域:50～700℃<br>平均摩擦係数:0.37～0.47<br>材質:セミメタル(セラミックカーボンメタル)<br>走行フィールド:ストリート～サーキット<br>ベストマッチタイヤ:ラジアル～ハイグリップラジアル,,,16000,11786
ホンダ,フィット,GE7/GE9,H21/11～H22/10,1300～1500,4輪ディスク,リア,13800,,272552,MX72k-EP210-qq-e-9067k,MX72k-EP210-qq-e-d-9067k,4515693830187,EP210,ENDLESS,ブレーキパッド,MX72k,ローター適正温度域:50～700℃<br>平均摩擦係数:0.37～0.47<br>材質:セミメタル(セラミックカーボンメタル)<br>走行フィールド:ストリート～サーキット<br>ベストマッチタイヤ:ラジアル～ハイグリップラジアル,,,16000,11786
ホンダ,フィット,GE8,H21/11～H22/10,1500,No.1300001～1500000(類別区分  001/002/003以外 4輪ディスク),リア,13800,,272554,MX72k-EP210-qq-e-9069k,MX72k-EP210-qq-e-d-9069k,4515693830187,EP210,ENDLESS,ブレーキパッド,MX72k,ローター適正温度域:50～700℃<br>平均摩擦係数:0.37～0.47<br>材質:セミメタル(セラミックカーボンメタル)<br>走行フィールド:ストリート～サーキット<br>ベストマッチタイヤ:ラジアル～ハイグリップラジアル,,,16000,11786
ホンダ,フィット,GE8,H21/11～H22/10,1500,No.1300001～1500000(類別区分 001/002/003・4輪ディスク),リア,13800,,272553,MX72k-EP210-qq-e-9068k,MX72k-EP210-qq-e-d-9068k,4515693830187,EP210,ENDLESS,ブレーキパッド,MX72k,ローター適正温度域:50～700℃<br>平均摩擦係数:0.37～0.47<br>材質:セミメタル(セラミックカーボンメタル)<br>走行フィールド:ストリート～サーキット<br>ベストマッチタイヤ:ラジアル～ハイグリップラジアル,,,16000,11786
ホンダ,フィット,GE8,H22/10～,1500,4輪ディスク No.1500001～,リア,13800,,272555,MX72k-EP210-qq-e-9070k,MX72k-EP210-qq-e-d-9070k,4515693830187,EP210,ENDLESS,ブレーキパッド,MX72k,ローター適正温度域:50～700℃<br>平均摩擦係数:0.37～0.47<br>材質:セミメタル(セラミックカーボンメタル)<br>走行フィールド:ストリート～サーキット<br>ベストマッチタイヤ:ラジアル～ハイグリップラジアル,,,16000,11786
ホンダ,フィットRS,GK5,H25/9～,1500,,リア,13800,,272556,MX72k-EP210-qq-e-9071k,MX72k-EP210-qq-e-d-9071k,4515693830187,EP210,ENDLESS,ブレーキパッド,MX72k,ローター適正温度域:50～700℃<br>平均摩擦係数:0.37～0.47<br>材質:セミメタル(セラミックカーボンメタル)<br>走行フィールド:ストリート～サーキット<br>ベストマッチタイヤ:ラジアル～ハイグリップラジアル,,,16000,11786
ホンダ,プレリュード,BA4/BA5,S62/5～H3/9,2000,キャブ,リア,13800,,272557,MX72k-EP210-qq-e-9072k,MX72k-EP210-qq-e-d-9072k,4515693830187,EP210,ENDLESS,ブレーキパッド,MX72k,ローター適正温度域:50～700℃<br>平均摩擦係数:0.37～0.47<br>材質:セミメタル(セラミックカーボンメタル)<br>走行フィールド:ストリート～サーキット<br>ベストマッチタイヤ:ラジアル～ハイグリップラジアル,,,16000,11786
ホンダ,プレリュード,BA4/BA5/BA7,S62/5～H3/9,2000,PGM-FI,リア,13800,,272558,MX72k-EP210-qq-e-9073k,MX72k-EP210-qq-e-d-9073k,4515693830187,EP210,ENDLESS,ブレーキパッド,MX72k,ローター適正温度域:50～700℃<br>平均摩擦係数:0.37～0.47<br>材質:セミメタル(セラミックカーボンメタル)<br>走行フィールド:ストリート～サーキット<br>ベストマッチタイヤ:ラジアル～ハイグリップラジアル,,,16000,11786
ホンダ,ライフ,JA4/JB1/JB2,H9/4～H15/9,660,リアドラム,フロント,13800,,272521,MX72k-EP091-qq-e-4446k,MX72k-EP091-qq-e-d-4446k,4515693828931,EP091,ENDLESS,ブレーキパッド,MX72k,ローター適正温度域:50～700℃<br>平均摩擦係数:0.37～0.47<br>材質:セミメタル(セラミックカーボンメタル)<br>走行フィールド:ストリート～サーキット<br>ベストマッチタイヤ:ラジアル～ハイグリップラジアル,,,16000,11786
ホンダ,ライフ,JB5/JB6,H15/9～H20/11,660,,フロント,13800,,272522,MX72k-EP091-qq-e-4447k,MX72k-EP091-qq-e-d-4447k,4515693828931,EP091,ENDLESS,ブレーキパッド,MX72k,ローター適正温度域:50～700℃<br>平均摩擦係数:0.37～0.47<br>材質:セミメタル(セラミックカーボンメタル)<br>走行フィールド:ストリート～サーキット<br>ベストマッチタイヤ:ラジアル～ハイグリップラジアル,,,16000,11786
ホンダ,ライフ,JB7/JB8,H15/9～H20/11,660,,フロント,13800,,272717,MX72k-EP423-qq-e-4448k,MX72k-EP423-qq-e-d-4448k,4515693837056,EP423,ENDLESS,ブレーキパッド,MX72k,ローター適正温度域:50～700℃<br>平均摩擦係数:0.37～0.47<br>材質:セミメタル(セラミックカーボンメタル)<br>走行フィールド:ストリート～サーキット<br>ベストマッチタイヤ:ラジアル～ハイグリップラジアル,,,16000,11786
ホンダ,ライフ,JC1/JC2,H20/11～H26/4,660,ターボ,フロント,13800,,272718,MX72k-EP423-qq-e-4450k,MX72k-EP423-qq-e-d-4450k,4515693837056,EP423,ENDLESS,ブレーキパッド,MX72k,ローター適正温度域:50～700℃<br>平均摩擦係数:0.37～0.47<br>材質:セミメタル(セラミックカーボンメタル)<br>走行フィールド:ストリート～サーキット<br>ベストマッチタイヤ:ラジアル～ハイグリップラジアル,,,16000,11786
ホンダ,ライフ,JC1/JC2,H20/11～H26/4,660,,フロント,13800,,272523,MX72k-EP091-qq-e-4449k,MX72k-EP091-qq-e-d-4449k,4515693828931,EP091,ENDLESS,ブレーキパッド,MX72k,ローター適正温度域:50～700℃<br>平均摩擦係数:0.37～0.47<br>材質:セミメタル(セラミックカーボンメタル)<br>走行フィールド:ストリート～サーキット<br>ベストマッチタイヤ:ラジアル～ハイグリップラジアル,,,16000,11786
マツダ,AZワゴン,MD11S/MD12S/MD21S/MD22S,H10/10～H15/10,660,,フロント,13800,,272594,MX72k-EP361-qq-e-4451k,MX72k-EP361-qq-e-d-4451k,4515693834871,EP361,ENDLESS,ブレーキパッド,MX72k,ローター適正温度域:50～700℃<br>平均摩擦係数:0.37～0.47<br>材質:セミメタル(セラミックカーボンメタル)<br>走行フィールド:ストリート～サーキット<br>ベストマッチタイヤ:ラジアル～ハイグリップラジアル,,,16000,11786
マツダ,AZワゴン,MJ21S,H15/10～H20/9,660,NA No.300001～420000,フロント,13800,,272722,MX72k-EP441-qq-e-4454k,MX72k-EP441-qq-e-d-4454k,4515693837704,EP441,ENDLESS,ブレーキパッド,MX72k,ローター適正温度域:50～700℃<br>平均摩擦係数:0.37～0.47<br>材質:セミメタル(セラミックカーボンメタル)<br>走行フィールド:ストリート～サーキット<br>ベストマッチタイヤ:ラジアル～ハイグリップラジアル,,,16000,11786
マツダ,AZワゴン,MJ21S,H15/10～H20/9,660,No.～300000,フロント,13800,,272595,MX72k-EP361-qq-e-4452k,MX72k-EP361-qq-e-d-4452k,4515693834871,EP361,ENDLESS,ブレーキパッド,MX72k,ローター適正温度域:50～700℃<br>平均摩擦係数:0.37～0.47<br>材質:セミメタル(セラミックカーボンメタル)<br>走行フィールド:ストリート～サーキット<br>ベストマッチタイヤ:ラジアル～ハイグリップラジアル,,,16000,11786
マツダ,AZワゴン,MJ21S,H15/10～H20/9,660,No.420000～,フロント,13800,,272723,MX72k-EP441-qq-e-4455k,MX72k-EP441-qq-e-d-4455k,4515693837704,EP441,ENDLESS,ブレーキパッド,MX72k,ローター適正温度域:50～700℃<br>平均摩擦係数:0.37～0.47<br>材質:セミメタル(セラミックカーボンメタル)<br>走行フィールド:ストリート～サーキット<br>ベストマッチタイヤ:ラジアル～ハイグリップラジアル,,,16000,11786
マツダ,AZワゴン,MJ21S,H15/10～H20/9,660,ターボ No.300001～420000,フロント,13800,,272596,MX72k-EP361-qq-e-4453k,MX72k-EP361-qq-e-d-4453k,4515693834871,EP361,ENDLESS,ブレーキパッド,MX72k,ローター適正温度域:50～700℃<br>平均摩擦係数:0.37～0.47<br>材質:セミメタル(セラミックカーボンメタル)<br>走行フィールド:ストリート～サーキット<br>ベストマッチタイヤ:ラジアル～ハイグリップラジアル,,,16000,11786
マツダ,AZワゴン,MJ23S,H20/9～H24/12,660,,フロント,13800,,272724,MX72k-EP441-qq-e-4456k,MX72k-EP441-qq-e-d-4456k,4515693837704,EP441,ENDLESS,ブレーキパッド,MX72k,ローター適正温度域:50～700℃<br>平均摩擦係数:0.37～0.47<br>材質:セミメタル(セラミックカーボンメタル)<br>走行フィールド:ストリート～サーキット<br>ベストマッチタイヤ:ラジアル～ハイグリップラジアル,,,16000,11786
マツダ,キャロル,AA6PA,H2/2～H7/10,660,ターボ・NA・ABS付・FF・No.300001～,フロント,13800,,272562,MX72k-EP237-qq-e-4458k,MX72k-EP237-qq-e-d-4458k,4515693830873,EP237,ENDLESS,ブレーキパッド,MX72k,ローター適正温度域:50～700℃<br>平均摩擦係数:0.37～0.47<br>材質:セミメタル(セラミックカーボンメタル)<br>走行フィールド:ストリート～サーキット<br>ベストマッチタイヤ:ラジアル～ハイグリップラジアル,,,16000,11786
マツダ,キャロル,AA6PA,H2/2～H7/10,660,ターボABS付・FF・No.100001～300000,フロント,13800,,272561,MX72k-EP237-qq-e-4457k,MX72k-EP237-qq-e-d-4457k,4515693830873,EP237,ENDLESS,ブレーキパッド,MX72k,ローター適正温度域:50～700℃<br>平均摩擦係数:0.37～0.47<br>材質:セミメタル(セラミックカーボンメタル)<br>走行フィールド:ストリート～サーキット<br>ベストマッチタイヤ:ラジアル～ハイグリップラジアル,,,16000,11786
マツダ,キャロル,AA6RA,H2/2～H7/10,660,ABS付・AT・4WD・No.300001～,フロント,13800,,272564,MX72k-EP237-qq-e-4460k,MX72k-EP237-qq-e-d-4460k,4515693830873,EP237,ENDLESS,ブレーキパッド,MX72k,ローター適正温度域:50～700℃<br>平均摩擦係数:0.37～0.47<br>材質:セミメタル(セラミックカーボンメタル)<br>走行フィールド:ストリート～サーキット<br>ベストマッチタイヤ:ラジアル～ハイグリップラジアル,,,16000,11786
マツダ,キャロル,AA6RA,H2/2～H7/10,660,ABS付・MT・4WD・No.300001～,フロント,13800,,272563,MX72k-EP237-qq-e-4459k,MX72k-EP237-qq-e-d-4459k,4515693830873,EP237,ENDLESS,ブレーキパッド,MX72k,ローター適正温度域:50～700℃<br>平均摩擦係数:0.37～0.47<br>材質:セミメタル(セラミックカーボンメタル)<br>走行フィールド:ストリート～サーキット<br>ベストマッチタイヤ:ラジアル～ハイグリップラジアル,,,16000,11786
マツダ,キャロル,AC6P,H7/10～H10/10,660,XG・ABS付・XR,フロント,13800,,272565,MX72k-EP237-qq-e-4461k,MX72k-EP237-qq-e-d-4461k,4515693830873,EP237,ENDLESS,ブレーキパッド,MX72k,ローター適正温度域:50～700℃<br>平均摩擦係数:0.37～0.47<br>材質:セミメタル(セラミックカーボンメタル)<br>走行フィールド:ストリート～サーキット<br>ベストマッチタイヤ:ラジアル～ハイグリップラジアル,,,16000,11786
マツダ,キャロル,HB12S/HB22S/HB23S,H10/10～H16/9,660,,フロント,13800,,272597,MX72k-EP361-qq-e-4462k,MX72k-EP361-qq-e-d-4462k,4515693834871,EP361,ENDLESS,ブレーキパッド,MX72k,ローター適正温度域:50～700℃<br>平均摩擦係数:0.37～0.47<br>材質:セミメタル(セラミックカーボンメタル)<br>走行フィールド:ストリート～サーキット<br>ベストマッチタイヤ:ラジアル～ハイグリップラジアル,,,16000,11786
マツダ,キャロル,HB24S,H16/9～H21/12,660,,フロント,13800,,272725,MX72k-EP441-qq-e-4463k,MX72k-EP441-qq-e-d-4463k,4515693837704,EP441,ENDLESS,ブレーキパッド,MX72k,ローター適正温度域:50～700℃<br>平均摩擦係数:0.37～0.47<br>材質:セミメタル(セラミックカーボンメタル)<br>走行フィールド:ストリート～サーキット<br>ベストマッチタイヤ:ラジアル～ハイグリップラジアル,,,16000,11786
マツダ,キャロル,HB25S,H21/12～,660,,フロント,13800,,272726,MX72k-EP441-qq-e-4464k,MX72k-EP441-qq-e-d-4464k,4515693837704,EP441,ENDLESS,ブレーキパッド,MX72k,ローター適正温度域:50～700℃<br>平均摩擦係数:0.37～0.47<br>材質:セミメタル(セラミックカーボンメタル)<br>走行フィールド:ストリート～サーキット<br>ベストマッチタイヤ:ラジアル～ハイグリップラジアル,,,16000,11786
マツダ,フレア,MJ34S,H24/10～H29/3,660,,フロント,13800,,272727,MX72k-EP441-qq-e-4465k,MX72k-EP441-qq-e-d-4465k,4515693837704,EP441,ENDLESS,ブレーキパッド,MX72k,ローター適正温度域:50～700℃<br>平均摩擦係数:0.37～0.47<br>材質:セミメタル(セラミックカーボンメタル)<br>走行フィールド:ストリート～サーキット<br>ベストマッチタイヤ:ラジアル～ハイグリップラジアル,,,16000,11786
マツダ,フレア,MJ44S,H26/8～H29/3,660,,フロント,13800,,272728,MX72k-EP441-qq-e-4466k,MX72k-EP441-qq-e-d-4466k,4515693837704,EP441,ENDLESS,ブレーキパッド,MX72k,ローター適正温度域:50～700℃<br>平均摩擦係数:0.37～0.47<br>材質:セミメタル(セラミックカーボンメタル)<br>走行フィールド:ストリート～サーキット<br>ベストマッチタイヤ:ラジアル～ハイグリップラジアル,,,16000,11786
マツダ,フレアクロスオーバー,MS31S,H26/1～,660,,フロント,13800,,272729,MX72k-EP441-qq-e-4467k,MX72k-EP441-qq-e-d-4467k,4515693837704,EP441,ENDLESS,ブレーキパッド,MX72k,ローター適正温度域:50～700℃<br>平均摩擦係数:0.37～0.47<br>材質:セミメタル(セラミックカーボンメタル)<br>走行フィールド:ストリート～サーキット<br>ベストマッチタイヤ:ラジアル～ハイグリップラジアル,,,16000,11786
マツダ,フレアクロスオーバー,MS41S,H27/5～,660,,フロント,13800,,272730,MX72k-EP441-qq-e-4468k,MX72k-EP441-qq-e-d-4468k,4515693837704,EP441,ENDLESS,ブレーキパッド,MX72k,ローター適正温度域:50～700℃<br>平均摩擦係数:0.37～0.47<br>材質:セミメタル(セラミックカーボンメタル)<br>走行フィールド:ストリート～サーキット<br>ベストマッチタイヤ:ラジアル～ハイグリップラジアル,,,16000,11786
マツダ,フレアワゴン,MM21S,H24/6～H25/3,660,,フロント,13800,,272731,MX72k-EP441-qq-e-4469k,MX72k-EP441-qq-e-d-4469k,4515693837704,EP441,ENDLESS,ブレーキパッド,MX72k,ローター適正温度域:50～700℃<br>平均摩擦係数:0.37～0.47<br>材質:セミメタル(セラミックカーボンメタル)<br>走行フィールド:ストリート～サーキット<br>ベストマッチタイヤ:ラジアル～ハイグリップラジアル,,,16000,11786
マツダ,フレアワゴン,MM32S,H25/3～,660,,フロント,13800,,272732,MX72k-EP441-qq-e-4470k,MX72k-EP441-qq-e-d-4470k,4515693837704,EP441,ENDLESS,ブレーキパッド,MX72k,ローター適正温度域:50～700℃<br>平均摩擦係数:0.37～0.47<br>材質:セミメタル(セラミックカーボンメタル)<br>走行フィールド:ストリート～サーキット<br>ベストマッチタイヤ:ラジアル～ハイグリップラジアル,,,16000,11786
マツダ,フレアワゴン,MM42S,H27/3～,660,,フロント,13800,,272733,MX72k-EP441-qq-e-4471k,MX72k-EP441-qq-e-d-4471k,4515693837704,EP441,ENDLESS,ブレーキパッド,MX72k,ローター適正温度域:50～700℃<br>平均摩擦係数:0.37～0.47<br>材質:セミメタル(セラミックカーボンメタル)<br>走行フィールド:ストリート～サーキット<br>ベストマッチタイヤ:ラジアル～ハイグリップラジアル,,,16000,11786
マツダ,ラピュタ,HP11S/HP12S/HP21S/HP22S,H11/3～H18/4,660,リアドラム,フロント,13800,,272598,MX72k-EP361-qq-e-4472k,MX72k-EP361-qq-e-d-4472k,4515693834871,EP361,ENDLESS,ブレーキパッド,MX72k,ローター適正温度域:50～700℃<br>平均摩擦係数:0.37～0.47<br>材質:セミメタル(セラミックカーボンメタル)<br>走行フィールド:ストリート～サーキット<br>ベストマッチタイヤ:ラジアル～ハイグリップラジアル,,,16000,11786
三菱,ekカスタム,B11W,H25/6～,660,ターボ,フロント,13800,,272766,MX72k-EP502-qq-e-4481k,MX72k-EP502-qq-e-d-4481k,4515693861570,EP502,ENDLESS,ブレーキパッド,MX72k,ローター適正温度域:50～700℃<br>平均摩擦係数:0.37～0.47<br>材質:セミメタル(セラミックカーボンメタル)<br>走行フィールド:ストリート～サーキット<br>ベストマッチタイヤ:ラジアル～ハイグリップラジアル,,,16000,11786
三菱,ekスペース/ekスペースカスタム,B11A,H26/2～,660,NA 4WD,フロント,13800,,272764,MX72k-EP502-qq-e-4474k,MX72k-EP502-qq-e-d-4474k,4515693861570,EP502,ENDLESS,ブレーキパッド,MX72k,ローター適正温度域:50～700℃<br>平均摩擦係数:0.37～0.47<br>材質:セミメタル(セラミックカーボンメタル)<br>走行フィールド:ストリート～サーキット<br>ベストマッチタイヤ:ラジアル～ハイグリップラジアル,,,16000,11786
三菱,ekスペース/ekスペースカスタム,B11A,H26/2～H26/10,660,NA 2WD,フロント,13800,,272753,MX72k-EP475-qq-e-4473k,MX72k-EP475-qq-e-d-4473k,4515693853605,EP475,ENDLESS,ブレーキパッド,MX72k,ローター適正温度域:50～700℃<br>平均摩擦係数:0.37～0.47<br>材質:セミメタル(セラミックカーボンメタル)<br>走行フィールド:ストリート～サーキット<br>ベストマッチタイヤ:ラジアル～ハイグリップラジアル,,,16000,11786
三菱,ekスペースカスタム,B11A,H26/2～,660,ターボ,フロント,13800,,272765,MX72k-EP502-qq-e-4475k,MX72k-EP502-qq-e-d-4475k,4515693861570,EP502,ENDLESS,ブレーキパッド,MX72k,ローター適正温度域:50～700℃<br>平均摩擦係数:0.37～0.47<br>材質:セミメタル(セラミックカーボンメタル)<br>走行フィールド:ストリート～サーキット<br>ベストマッチタイヤ:ラジアル～ハイグリップラジアル,,,16000,11786
三菱,ekスポーツ,H82W,H18/8～H25/6,660,ターボ,フロント,13800,,272634,MX72k-EP364-qq-e-4477k,MX72k-EP364-qq-e-d-4477k,4515693834956,EP364,ENDLESS,ブレーキパッド,MX72k,ローター適正温度域:50～700℃<br>平均摩擦係数:0.37～0.47<br>材質:セミメタル(セラミックカーボンメタル)<br>走行フィールド:ストリート～サーキット<br>ベストマッチタイヤ:ラジアル～ハイグリップラジアル,,,16000,11786
三菱,ekワゴン/ekカスタム,B11W,H25/6～H26/10,660,NA,フロント,13800,,272755,MX72k-EP475-qq-e-4480k,MX72k-EP475-qq-e-d-4480k,4515693853605,EP475,ENDLESS,ブレーキパッド,MX72k,ローター適正温度域:50～700℃<br>平均摩擦係数:0.37～0.47<br>材質:セミメタル(セラミックカーボンメタル)<br>走行フィールド:ストリート～サーキット<br>ベストマッチタイヤ:ラジアル～ハイグリップラジアル,,,16000,11786
三菱,ekワゴン/ekスポーツ,H82W,H18/8～H19/8,660,NA,フロント,13800,,272635,MX72k-EP364-qq-e-4478k,MX72k-EP364-qq-e-d-4478k,4515693834956,EP364,ENDLESS,ブレーキパッド,MX72k,ローター適正温度域:50～700℃<br>平均摩擦係数:0.37～0.47<br>材質:セミメタル(セラミックカーボンメタル)<br>走行フィールド:ストリート～サーキット<br>ベストマッチタイヤ:ラジアル～ハイグリップラジアル,,,16000,11786
三菱,ekワゴン/ekスポーツ,H82W,H19/8～H25/6,660,NA,フロント,13800,,272754,MX72k-EP475-qq-e-4479k,MX72k-EP475-qq-e-d-4479k,4515693853605,EP475,ENDLESS,ブレーキパッド,MX72k,ローター適正温度域:50～700℃<br>平均摩擦係数:0.37～0.47<br>材質:セミメタル(セラミックカーボンメタル)<br>走行フィールド:ストリート～サーキット<br>ベストマッチタイヤ:ラジアル～ハイグリップラジアル,,,16000,11786
三菱,ekワゴン/ekスポーツ/ekアクティブ/ekクラッシィ,H81W,H13/9～H18/8,660,,フロント,13800,,272633,MX72k-EP364-qq-e-4476k,MX72k-EP364-qq-e-d-4476k,4515693834956,EP364,ENDLESS,ブレーキパッド,MX72k,ローター適正温度域:50～700℃<br>平均摩擦係数:0.37～0.47<br>材質:セミメタル(セラミックカーボンメタル)<br>走行フィールド:ストリート～サーキット<br>ベストマッチタイヤ:ラジアル～ハイグリップラジアル,,,16000,11786
三菱,ミラージュ,A05A,H24/8～,1000,,フロント,13800,,272636,MX72k-EP364-qq-e-4482k,MX72k-EP364-qq-e-d-4482k,4515693834956,EP364,ENDLESS,ブレーキパッド,MX72k,ローター適正温度域:50～700℃<br>平均摩擦係数:0.37～0.47<br>材質:セミメタル(セラミックカーボンメタル)<br>走行フィールド:ストリート～サーキット<br>ベストマッチタイヤ:ラジアル～ハイグリップラジアル,,,16000,11786
