自動車メーカー,車種,型式,年式,エンジン型式,適合詳細,構成,販売価格,Camp価格,商品ID,物販コード,JANコード,メーカー品番,メーカー名,商品名,商品分類1,商品分類2,分類番号,仕様,備考,注意事項,定価,入り送料
スズキ,アルトワークス,CM22V/CS22S,1991/9～1994/11,F6A,DOHCターボ,ディスク,11833,,292567,00C-022-R606-qq-e-f1-489k,4996338084705,00C 022 R606,CUSCO,カッパーシングルディスク,カッパーシングルディスク,ディスク,3,サイズ:φ170<br>スプライン径:20.1<br>歯数:18,,,14300,1100
スズキ,アルトワークス,CP21S/CN21S,1990/3～1991/8,F6A,DOHCターボ,ディスク,11833,,292566,00C-022-R606-qq-e-f1-486k,4996338084705,00C 022 R606,CUSCO,カッパーシングルディスク,カッパーシングルディスク,ディスク,3,サイズ:φ170<br>スプライン径:20.1<br>歯数:18,,,14300,1100
スズキ,アルトワークス,HA21S/HB21S,1994/11～1998/10,K6A,DOHCターボ,ディスク,11833,,292568,00C-022-R606-qq-e-f1-492k,4996338084705,00C 022 R606,CUSCO,カッパーシングルディスク,カッパーシングルディスク,ディスク,3,サイズ:φ170<br>スプライン径:20.1<br>歯数:18,,,14300,1100
スズキ,アルトワークス,HA22S,1998/10～2000/12,K6A,DOHCターボ,ディスク,11833,,292569,00C-022-R606-qq-e-f1-495k,4996338084705,00C 022 R606,CUSCO,カッパーシングルディスク,カッパーシングルディスク,ディスク,3,サイズ:φ170<br>スプライン径:20.1<br>歯数:18,,,14300,1100
スズキ,アルトワークス,HA36S,2015/12～,R06A,DOHCターボ MT車(5AGS車除く),ディスク,11833,,292570,00C-022-R606-qq-e-f1-498k,4996338084705,00C 022 R606,CUSCO,カッパーシングルディスク,カッパーシングルディスク,ディスク,3,サイズ:φ170<br>スプライン径:20.1<br>歯数:18,,,14300,1100
スズキ,カプチーノ,EA11R/EA21R,1991/11～1998/10,K6A/F6A,,ディスク＋カバー,27428,,292986,606-022-F-qq-e-f1-501k,4996338080554,606 022 F,CUSCO,カッパーシングルディスクセット,カッパーシングルディスク,ディスク＋カバー,2,サイズ:φ170<br>スプライン径:20.1<br>歯数:18<br>圧着力:3430/350(N/kgf),カッパーシングルディスク&クスコクラッチカバー,,35400,1100
スズキ,カプチーノ,EA11R/EA21R,1991/11～1998/10,K6A/F6A,,ディスク,11833,,292571,00C-022-R606-qq-e-f1-502k,4996338084705,00C 022 R606,CUSCO,カッパーシングルディスク,カッパーシングルディスク,ディスク,3,サイズ:φ170<br>スプライン径:20.1<br>歯数:18,,,14300,1100
スズキ,スイフトスポーツ,ZC31S,2005/9～2010/9,M16A,5MT車,ディスク＋カバー,29684,,292722,616-022-F-qq-e-f1-504k,4996338080547,616 022 F,CUSCO,カッパーシングルディスクセット,カッパーシングルディスク,ディスク＋カバー,2,サイズ:φ200<br>スプライン径:22.35<br>歯数:20<br>圧着力:5650/575(N/kgf),カッパーシングルディスク&クスコクラッチカバー,,40300,0
スズキ,スイフトスポーツ,ZC31S,2005/9～2010/9,M16A,5MT車,ディスク,15025,,292908,00C-022-R616-qq-e-f1-505k,4996338080639,00C 022 R616,CUSCO,カッパーシングルディスク,カッパーシングルディスク,ディスク,3,サイズ:φ200<br>スプライン径:22.35<br>歯数:20,,,18600,1100
スズキ,スイフトスポーツ,ZC32S,2011/12～2016/12,M16A,6MT車,ディスク＋カバー,32166,,292723,619-022-F-qq-e-f1-510k,4996338080882,619 022 F,CUSCO,カッパーシングルディスクセット,カッパーシングルディスク,ディスク＋カバー,2,サイズ:φ200<br>スプライン径:23.1<br>歯数:20<br>圧着力:5700/580(N/kgf),カッパーシングルディスク&クスコクラッチカバー,,43800,0
スズキ,スイフトスポーツ,ZC32S,2011/12～2016/12,M16A,6MT車,ディスク,16659,,292577,00C-022-R619-qq-e-f1-511k,4996338080905,00C 022 R619,CUSCO,カッパーシングルディスク,カッパーシングルディスク,ディスク,3,サイズ:φ200<br>スプライン径:23.1<br>歯数:20,,,20800,1100
スズキ,スイフトスポーツ,ZC33S,2017/9～,K14C,6MT車,ディスク＋カバー,38548,,292720,60J-022-F-qq-e-f1-516k,4996338085467,60J 022 F,CUSCO,カッパーシングルディスクセット,カッパーシングルディスク,ディスク＋カバー,2,サイズ:φ215<br>スプライン径:22.35<br>歯数:20<br>圧着力:7800/793(N/kgf),カッパーシングルディスク&クスコクラッチカバー,,52800,0
スズキ,スイフトスポーツ,ZC33S,2017/9～,K14C,6MT車,ディスク,21854,,292576,00C-022-R60J-qq-e-f1-517k,4996338085498,00C 022 R60J,CUSCO,カッパーシングルディスク,カッパーシングルディスク,ディスク,3,サイズ:φ215<br>スプライン径:22.35<br>歯数:20,,,27800,1100
スズキ,セルボ・モード,CN21S/CN22S,1991/9～1998/10,F6A,DOHCターボ,ディスク,11833,,292573,00C-022-R606-qq-e-f1-524k,4996338084705,00C 022 R606,CUSCO,カッパーシングルディスク,カッパーシングルディスク,ディスク,3,サイズ:φ170<br>スプライン径:20.1<br>歯数:18,,,14300,1100
スズキ,セルボ・モード,CN31S/CP31S,1990/7～1998/10,F6B,DOHCターボ,ディスク,11833,,292572,00C-022-R606-qq-e-f1-521k,4996338084705,00C 022 R606,CUSCO,カッパーシングルディスク,カッパーシングルディスク,ディスク,3,サイズ:φ170<br>スプライン径:20.1<br>歯数:18,,,14300,1100
スズキ,セルボ・モード,CN32S/CP32S,1991/9～1998/10,F6B,DOHCターボ,ディスク,11833,,292574,00C-022-R606-qq-e-f1-527k,4996338084705,00C 022 R606,CUSCO,カッパーシングルディスク,カッパーシングルディスク,ディスク,3,サイズ:φ170<br>スプライン径:20.1<br>歯数:18,,,14300,1100
スズキ,ワゴンR,CT21S/CV21S,1993/9～1998/10,F6A,DOHCターボ,ディスク,11833,,292907,00C-022-R606-qq-e-f1-530k,4996338084705,00C 022 R606,CUSCO,カッパーシングルディスク,カッパーシングルディスク,ディスク,3,サイズ:φ170<br>スプライン径:20.1<br>歯数:18,,,14300,1100
スズキ,ワゴンR,CT51S/CV51S,1997/4～1998/10,K6A,DOHCターボ,ディスク,11833,,292575,00C-022-R606-qq-e-f1-533k,4996338084705,00C 022 R606,CUSCO,カッパーシングルディスク,カッパーシングルディスク,ディスク,3,サイズ:φ170<br>スプライン径:20.1<br>歯数:18,,,14300,1100
スバル,BRZ,ZC6,2012/3～,FA20,前期・後期,ディスク＋カバー,42944,,293015,965-022-F-qq-e-f1-536k,4996338080875,965 022 F,CUSCO,カッパーシングルディスクセット,カッパーシングルディスク,ディスク＋カバー,2,サイズ:φ230<br>スプライン径:25.2<br>歯数:24<br>圧着力:6000/610(N/kgf),カッパーシングルディスク&クスコクラッチカバー,,59000,0
スバル,BRZ,ZC6,2012/3～,FA20,前期・後期,ディスク,23117,,292916,00C-022-R666-qq-e-f1-537k,4996338080707,00C 022 R666,CUSCO,カッパーシングルディスク,カッパーシングルディスク,ディスク,3,サイズ:φ230<br>スプライン径:25.2<br>歯数:24,,必ずクスコクラッチカバーとセットでご使用ください。,29500,1100
スバル,WRX STI,VAB,2014/8～,EJ20T,,ディスク＋カバー,44362,,292776,667-022-F-qq-e-f1-542k,4996338080356,667 022 F,CUSCO,カッパーシングルディスクセット,カッパーシングルディスク,ディスク＋カバー,2,サイズ:φ240<br>スプライン径:25.2<br>歯数:24<br>圧着力:11300/1150(N/kgf),カッパーシングルディスク&クスコクラッチカバー,,61000,0
スバル,WRX STI,VAB,2014/8～,EJ20T,,ディスク,23117,,292584,00C-022-R667-qq-e-f1-543k,4996338084217,00C 022 R667,CUSCO,カッパーシングルディスク,カッパーシングルディスク,ディスク,3,サイズ:φ240<br>スプライン径:25.2<br>歯数:24,,,29500,1100
スバル,インプレッサ,GC8,1992/11～1996/8,EJ20T,アプライドA～C,ディスク＋カバー,44362,,292727,660-022-FN-qq-e-f1-551k,4996338080325,660 022 FN,CUSCO,カッパーシングルディスクセット,カッパーシングルディスク,ディスク＋カバー,2,サイズ:φ225<br>スプライン径:25.2<br>歯数:24<br>圧着力:10300/1050(N/kgf),カッパーシングルディスク&クスコクラッチカバー<br>ディスク径:φ230<br>アプライドAは別途純正レリーズベアリング(スバル純正品番30502AA130)が必要です。,,61000,0
スバル,インプレッサ,GC8,1992/11～1996/8,EJ20T,アプライドA～C,ディスク,23117,,292909,00C-022-R660N-qq-e-f1-552k,4996338084200,00C 022 R660N,CUSCO,カッパーシングルディスク,カッパーシングルディスク,ディスク,3,サイズ:φ225<br>スプライン径:25.2<br>歯数:24,ディスク径:φ230,,29500,1100
スバル,インプレッサ,GC8,1996/9～2000/8,EJ20T,アプライドD～G,ディスク＋カバー,44362,,292728,660-022-FN-qq-e-f1-558k,4996338080325,660 022 FN,CUSCO,カッパーシングルディスクセット,カッパーシングルディスク,ディスク＋カバー,2,サイズ:φ230<br>スプライン径:25.2<br>歯数:24<br>圧着力:10300/1050(N/kgf),カッパーシングルディスク&クスコクラッチカバー,,61000,0
スバル,インプレッサ,GC8,1996/9～2000/8,EJ20T,アプライドD～G,ディスク,23117,,292910,00C-022-R660N-qq-e-f1-559k,4996338084200,00C 022 R660N,CUSCO,カッパーシングルディスク,カッパーシングルディスク,ディスク,3,サイズ:φ230<br>スプライン径:25.2<br>歯数:24,,,29500,1100
スバル,インプレッサ,GDA,2000/8～2005/5,EJ20T,アプライドA～E,ディスク＋カバー,44362,,292988,660-022-FN-qq-e-f1-565k,4996338080325,660 022 FN,CUSCO,カッパーシングルディスクセット,カッパーシングルディスク,ディスク＋カバー,2,サイズ:φ230<br>スプライン径:25.2<br>歯数:24<br>圧着力:10300/1050(N/kgf),カッパーシングルディスク&クスコクラッチカバー,,61000,0
スバル,インプレッサ,GDA,2000/8～2005/5,EJ20T,アプライドA～E,ディスク,23117,,292911,00C-022-R660N-qq-e-f1-566k,4996338084200,00C 022 R660N,CUSCO,カッパーシングルディスク,カッパーシングルディスク,ディスク,3,サイズ:φ230<br>スプライン径:25.2<br>歯数:24,,,29500,1100
スバル,インプレッサ,GDA,2005/6～2007/6,EJ20T,アプライドF/G,ディスク＋カバー,42944,,292759,666-022-F-qq-e-f1-572k,4996338080738,666 022 F,CUSCO,カッパーシングルディスクセット,カッパーシングルディスク,ディスク＋カバー,2,サイズ:φ230<br>スプライン径:25.2<br>歯数:24<br>圧着力:10600/1080(N/kgf),カッパーシングルディスク&クスコクラッチカバー,,59000,0
スバル,インプレッサ,GDA,2005/6～2007/6,EJ20T,アプライドF/G,ディスク,23117,,292582,00C-022-R666-qq-e-f1-573k,4996338080707,00C 022 R666,CUSCO,カッパーシングルディスク,カッパーシングルディスク,ディスク,3,サイズ:φ230<br>スプライン径:25.2<br>歯数:24,,,29500,1100
スバル,インプレッサ,GDB,2000/10～2007/6,EJ20T,アプライドA～G,ディスク＋カバー,44362,,292998,667-022-F-qq-e-f1-577k,4996338080356,667 022 F,CUSCO,カッパーシングルディスクセット,カッパーシングルディスク,ディスク＋カバー,2,サイズ:φ240<br>スプライン径:25.2<br>歯数:24<br>圧着力:11300/1150(N/kgf),カッパーシングルディスク&クスコクラッチカバー,,61000,0
スバル,インプレッサ,GDB,2000/10～2007/6,EJ20T,アプライドA～G,ディスク,23117,,292585,00C-022-R667-qq-e-f1-578k,4996338084217,00C 022 R667,CUSCO,カッパーシングルディスク,カッパーシングルディスク,ディスク,3,サイズ:φ240<br>スプライン径:25.2<br>歯数:24,,,29500,1100
スバル,インプレッサ,GH8,2007/6～2011/12,EJ20T,,ディスク＋カバー,42944,,292760,666-022-F-qq-e-f1-586k,4996338080738,666 022 F,CUSCO,カッパーシングルディスクセット,カッパーシングルディスク,ディスク＋カバー,2,サイズ:φ230<br>スプライン径:25.2<br>歯数:24<br>圧着力:10600/1080(N/kgf),カッパーシングルディスク&クスコクラッチカバー,,59000,0
スバル,インプレッサ,GH8,2007/6～2011/12,EJ20T,,ディスク,23117,,292917,00C-022-R666-qq-e-f1-587k,4996338080707,00C 022 R666,CUSCO,カッパーシングルディスク,カッパーシングルディスク,ディスク,3,サイズ:φ230<br>スプライン径:25.2<br>歯数:24,,,29500,1100
スバル,インプレッサ,GRB,2007/10～2014/8,EJ20T,,ディスク＋カバー,44362,,292777,667-022-F-qq-e-f1-591k,4996338080356,667 022 F,CUSCO,カッパーシングルディスクセット,カッパーシングルディスク,ディスク＋カバー,2,サイズ:φ240<br>スプライン径:25.2<br>歯数:24<br>圧着力:11300/1150(N/kgf),カッパーシングルディスク&クスコクラッチカバー,,61000,0
スバル,インプレッサ,GRB,2007/10～2014/8,EJ20T,,ディスク,23117,,292921,00C-022-R667-qq-e-f1-592k,4996338084217,00C 022 R667,CUSCO,カッパーシングルディスク,カッパーシングルディスク,ディスク,3,サイズ:φ240<br>スプライン径:25.2<br>歯数:24,,,29500,1100
スバル,インプレッサ,GVB,2010/7～2014/8,EJ20T,,ディスク＋カバー,44362,,292999,667-022-F-qq-e-f1-600k,4996338080356,667 022 F,CUSCO,カッパーシングルディスクセット,カッパーシングルディスク,ディスク＋カバー,2,サイズ:φ240<br>スプライン径:25.2<br>歯数:24<br>圧着力:11300/1150(N/kgf),カッパーシングルディスク&クスコクラッチカバー,,61000,0
スバル,インプレッサ,GVB,2010/7～2014/8,EJ20T,,ディスク,23117,,292922,00C-022-R667-qq-e-f1-601k,4996338084217,00C 022 R667,CUSCO,カッパーシングルディスク,カッパーシングルディスク,ディスク,3,サイズ:φ240<br>スプライン径:25.2<br>歯数:24,,,29500,1100
スバル,インプレッサスポーツワゴン,GF8,1993/10～1996/8,EJ20T,アプライドB/C,ディスク＋カバー,44362,,292729,660-022-FN-qq-e-f1-609k,4996338080325,660 022 FN,CUSCO,カッパーシングルディスクセット,カッパーシングルディスク,ディスク＋カバー,2,サイズ:φ225<br>スプライン径:25.2<br>歯数:24<br>圧着力:10300/1050(N/kgf),カッパーシングルディスク&クスコクラッチカバー,,61000,0
スバル,インプレッサスポーツワゴン,GF8,1993/10～1996/8,EJ20T,アプライドB/C,ディスク,23117,,292912,00C-022-R660N-qq-e-f1-610k,4996338084200,00C 022 R660N,CUSCO,カッパーシングルディスク,カッパーシングルディスク,ディスク,3,サイズ:φ225<br>スプライン径:25.2<br>歯数:24,,,29500,1100
スバル,インプレッサスポーツワゴン,GF8,1996/9～2000/8,EJ20T,アプライドD～G,ディスク＋カバー,44362,,292730,660-022-FN-qq-e-f1-616k,4996338080325,660 022 FN,CUSCO,カッパーシングルディスクセット,カッパーシングルディスク,ディスク＋カバー,2,サイズ:φ230<br>スプライン径:25.2<br>歯数:24<br>圧着力:10300/1050(N/kgf),カッパーシングルディスク&クスコクラッチカバー,,61000,0
スバル,インプレッサスポーツワゴン,GF8,1996/9～2000/8,EJ20T,アプライドD～G,ディスク,23117,,292578,00C-022-R660N-qq-e-f1-617k,4996338084200,00C 022 R660N,CUSCO,カッパーシングルディスク,カッパーシングルディスク,ディスク,3,サイズ:φ230<br>スプライン径:25.2<br>歯数:24,,,29500,1100
スバル,インプレッサスポーツワゴン,GGA,2000/8～2005/5,EJ20T,アプライドA～E,ディスク＋カバー,44362,,292731,660-022-FN-qq-e-f1-632k,4996338080325,660 022 FN,CUSCO,カッパーシングルディスクセット,カッパーシングルディスク,ディスク＋カバー,2,サイズ:φ230<br>スプライン径:25.2<br>歯数:24<br>圧着力:10300/1050(N/kgf),カッパーシングルディスク&クスコクラッチカバー,,61000,0
スバル,インプレッサスポーツワゴン,GGA,2000/8～2005/5,EJ20T,アプライドA～E,ディスク,23117,,292579,00C-022-R660N-qq-e-f1-633k,4996338084200,00C 022 R660N,CUSCO,カッパーシングルディスク,カッパーシングルディスク,ディスク,3,サイズ:φ230<br>スプライン径:25.2<br>歯数:24,,,29500,1100
スバル,インプレッサスポーツワゴン,GGA,2005/6～2007/6,EJ20T,アプライドF/G,ディスク＋カバー,42944,,292761,666-022-F-qq-e-f1-639k,4996338080738,666 022 F,CUSCO,カッパーシングルディスクセット,カッパーシングルディスク,ディスク＋カバー,2,サイズ:φ230<br>スプライン径:25.2<br>歯数:24<br>圧着力:10600/1080(N/kgf),カッパーシングルディスク&クスコクラッチカバー,,59000,0
スバル,インプレッサスポーツワゴン,GGA,2005/6～2007/6,EJ20T,アプライドF/G,ディスク,23117,,292918,00C-022-R666-qq-e-f1-640k,4996338080707,00C 022 R666,CUSCO,カッパーシングルディスク,カッパーシングルディスク,ディスク,3,サイズ:φ230<br>スプライン径:25.2<br>歯数:24,,,29500,1100
スバル,インプレッサスポーツワゴン,GGB,2000/10～2002/10,EJ20T,,ディスク＋カバー,44362,,292778,667-022-F-qq-e-f1-623k,4996338080356,667 022 F,CUSCO,カッパーシングルディスクセット,カッパーシングルディスク,ディスク＋カバー,2,サイズ:φ240<br>スプライン径:25.2<br>歯数:24<br>圧着力:11300/1150(N/kgf),カッパーシングルディスク&クスコクラッチカバー,,61000,0
スバル,インプレッサスポーツワゴン,GGB,2000/10～2002/10,EJ20T,,ディスク,23117,,292586,00C-022-R667-qq-e-f1-624k,4996338084217,00C 022 R667,CUSCO,カッパーシングルディスク,カッパーシングルディスク,ディスク,3,サイズ:φ240<br>スプライン径:25.2<br>歯数:24,,,29500,1100
スバル,フォレスター,SF5,1997/2～2002/1,EJ20T,,ディスク＋カバー,44362,,292732,660-022-FN-qq-e-f1-644k,4996338080325,660 022 FN,CUSCO,カッパーシングルディスクセット,カッパーシングルディスク,ディスク＋カバー,2,サイズ:φ230<br>スプライン径:25.2<br>歯数:24<br>圧着力:10300/1050(N/kgf),カッパーシングルディスク&クスコクラッチカバー,,61000,0
スバル,フォレスター,SF5,1997/2～2002/1,EJ20T,,ディスク,23117,,292580,00C-022-R660N-qq-e-f1-645k,4996338084200,00C 022 R660N,CUSCO,カッパーシングルディスク,カッパーシングルディスク,ディスク,3,サイズ:φ230<br>スプライン径:25.2<br>歯数:24,,,29500,1100
スバル,フォレスター,SG5,2002/2～2004/12,EJ20T,アプライドA～C,ディスク＋カバー,44362,,292733,660-022-FN-qq-e-f1-651k,4996338080325,660 022 FN,CUSCO,カッパーシングルディスクセット,カッパーシングルディスク,ディスク＋カバー,2,サイズ:φ230<br>スプライン径:25.2<br>歯数:24<br>圧着力:10300/1050(N/kgf),カッパーシングルディスク&クスコクラッチカバー,,61000,0
スバル,フォレスター,SG5,2002/2～2004/12,EJ20T,アプライドA～C,ディスク,23117,,292913,00C-022-R660N-qq-e-f1-652k,4996338084200,00C 022 R660N,CUSCO,カッパーシングルディスク,カッパーシングルディスク,ディスク,3,サイズ:φ230<br>スプライン径:25.2<br>歯数:24,,,29500,1100
スバル,フォレスター,SG5,2005/1～2007/12,EJ20T,アプライドD～,ディスク＋カバー,42944,,292762,666-022-F-qq-e-f1-658k,4996338080738,666 022 F,CUSCO,カッパーシングルディスクセット,カッパーシングルディスク,ディスク＋カバー,2,サイズ:φ230<br>スプライン径:25.2<br>歯数:24<br>圧着力:10600/1080(N/kgf),カッパーシングルディスク&クスコクラッチカバー,,59000,0
スバル,フォレスター,SG5,2005/1～2007/12,EJ20T,アプライドD～,ディスク,23117,,292583,00C-022-R666-qq-e-f1-659k,4996338080707,00C 022 R666,CUSCO,カッパーシングルディスク,カッパーシングルディスク,ディスク,3,サイズ:φ230<br>スプライン径:25.2<br>歯数:24,,,29500,1100
スバル,フォレスター,SG9,2004/2～2007/12,EJ20T,2.5L STIバージョン,ディスク＋カバー,44362,,293000,667-022-F-qq-e-f1-663k,4996338080356,667 022 F,CUSCO,カッパーシングルディスクセット,カッパーシングルディスク,ディスク＋カバー,2,サイズ:φ240<br>スプライン径:25.2<br>歯数:24<br>圧着力:11300/1150(N/kgf),カッパーシングルディスク&クスコクラッチカバー,,61000,0
スバル,フォレスター,SG9,2004/2～2007/12,EJ20T,2.5L STIバージョン,ディスク,23117,,292587,00C-022-R667-qq-e-f1-664k,4996338084217,00C 022 R667,CUSCO,カッパーシングルディスク,カッパーシングルディスク,ディスク,3,サイズ:φ240<br>スプライン径:25.2<br>歯数:24,,,29500,1100
スバル,レガシィ/レガシィツーリングワゴン/レガシィB4,BG5/BD5,1993/10～1998/12,EJ20T,,ディスク＋カバー,44362,,292734,660-022-FN-qq-e-f1-671k,4996338080325,660 022 FN,CUSCO,カッパーシングルディスクセット,カッパーシングルディスク,ディスク＋カバー,2,サイズ:φ225<br>スプライン径:25.2<br>歯数:24<br>圧着力:10300/1050(N/kgf),カッパーシングルディスク&クスコクラッチカバー,,61000,0
スバル,レガシィ/レガシィツーリングワゴン/レガシィB4,BG5/BD5,1993/10～1998/12,EJ20T,,ディスク,23117,,292581,00C-022-R660N-qq-e-f1-672k,4996338084200,00C 022 R660N,CUSCO,カッパーシングルディスク,カッパーシングルディスク,ディスク,3,サイズ:φ225<br>スプライン径:25.2<br>歯数:24,ディスク径:φ230,,29500,1100
スバル,レガシィ/レガシィツーリングワゴン/レガシィB4,BH5/BE5,1998/6～2003/5,EJ20T,,ディスク＋カバー,44362,,292735,660-022-FN-qq-e-f1-678k,4996338080325,660 022 FN,CUSCO,カッパーシングルディスクセット,カッパーシングルディスク,ディスク＋カバー,2,サイズ:φ230<br>スプライン径:25.2<br>歯数:24<br>圧着力:10300/1050(N/kgf),カッパーシングルディスク&クスコクラッチカバー,,61000,0
スバル,レガシィ/レガシィツーリングワゴン/レガシィB4,BH5/BE5,1998/6～2003/5,EJ20T,,ディスク,23117,,292914,00C-022-R660N-qq-e-f1-679k,4996338084200,00C 022 R660N,CUSCO,カッパーシングルディスク,カッパーシングルディスク,ディスク,3,サイズ:φ230<br>スプライン径:25.2<br>歯数:24,ディスク径:φ230,,29500,1100
スバル,レガシィ/レガシィツーリングワゴン/レガシィB4,BL5/BP5,2006/5～2009/5,EJ20T,6MT車<br>年式2007年6月以降 純正サイズφ230の車両は取付不可,ディスク＋カバー,44362,,293001,667-022-F-qq-e-f1-690k,4996338080356,667 022 F,CUSCO,カッパーシングルディスクセット,カッパーシングルディスク,ディスク＋カバー,2,サイズ:φ240<br>スプライン径:25.2<br>歯数:24<br>圧着力:11300/1150(N/kgf),カッパーシングルディスク&クスコクラッチカバー,,61000,0
スバル,レガシィ/レガシィツーリングワゴン/レガシィB4,BL5/BP5,2006/5～2009/5,EJ20T,6MT車<br>年式2007年6月以降 純正サイズφ230の車両は取付不可,ディスク,23117,,292923,00C-022-R667-qq-e-f1-691k,4996338084217,00C 022 R667,CUSCO,カッパーシングルディスク,カッパーシングルディスク,ディスク,3,サイズ:φ240<br>スプライン径:25.2<br>歯数:24,,,29500,1100
スバル,レガシィ/レガシィツーリングワゴン/レガシィB4,BL5/BP5,2007/5～2009/5,EJ20T,アプライドE/F<br>5MT車,ディスク＋カバー,42944,,292996,666-022-F-qq-e-f1-685k,4996338080738,666 022 F,CUSCO,カッパーシングルディスクセット,カッパーシングルディスク,ディスク＋カバー,2,サイズ:φ230<br>スプライン径:25.2<br>歯数:24<br>圧着力:10600/1080(N/kgf),カッパーシングルディスク&クスコクラッチカバー,,59000,0
スバル,レガシィ/レガシィツーリングワゴン/レガシィB4,BL5/BP5,2007/5～2009/5,EJ20T,アプライドE/F<br>5MT車,ディスク,23117,,292919,00C-022-R666-qq-e-f1-686k,4996338080707,00C 022 R666,CUSCO,カッパーシングルディスク,カッパーシングルディスク,ディスク,3,サイズ:φ230<br>スプライン径:25.2<br>歯数:24,,,29500,1100
スバル,レガシィ/レガシィツーリングワゴン/レガシィB4,BLE/BPE,2005/5～2009/5,EZ30,6MT車,ディスク＋カバー,44362,,292779,667-022-F-qq-e-f1-699k,4996338080356,667 022 F,CUSCO,カッパーシングルディスクセット,カッパーシングルディスク,ディスク＋カバー,2,サイズ:φ240<br>スプライン径:25.2<br>歯数:24<br>圧着力:11300/1150(N/kgf),カッパーシングルディスク&クスコクラッチカバー,,61000,0
スバル,レガシィ/レガシィツーリングワゴン/レガシィB4,BLE/BPE,2005/5～2009/5,EZ30,6MT車,ディスク,23117,,292924,00C-022-R667-qq-e-f1-700k,4996338084217,00C 022 R667,CUSCO,カッパーシングルディスク,カッパーシングルディスク,ディスク,3,サイズ:φ240<br>スプライン径:25.2<br>歯数:24,,,29500,1100
スバル,レガシィ/レガシィツーリングワゴン/レガシィB4,BR9/BM9,2009/5～2014/10,EJ25T,6MT車,ディスク＋カバー,42944,,292763,666-022-F-qq-e-f1-708k,4996338080738,666 022 F,CUSCO,カッパーシングルディスクセット,カッパーシングルディスク,ディスク＋カバー,2,サイズ:φ230<br>スプライン径:25.2<br>歯数:24<br>圧着力:10600/1080(N/kgf),カッパーシングルディスク&クスコクラッチカバー,,59000,0
スバル,レガシィ/レガシィツーリングワゴン/レガシィB4,BR9/BM9,2009/5～2014/10,EJ25T,6MT車,ディスク,23117,,292920,00C-022-R666-qq-e-f1-709k,4996338080707,00C 022 R666,CUSCO,カッパーシングルディスク,カッパーシングルディスク,ディスク,3,サイズ:φ230<br>スプライン径:25.2<br>歯数:24,,,29500,1100
トヨタ,86,ZN6,2012/4～,FA20,前期・後期,ディスク＋カバー,42944,,292799,965-022-F-qq-e-f1-1k,4996338080875,965 022 F,CUSCO,カッパーシングルディスクセット,カッパーシングルディスク,ディスク＋カバー,2,サイズ:φ230<br>スプライン径:25.2<br>歯数:24<br>圧着力:6000/610(N/kgf),カッパーシングルディスク&クスコクラッチカバー,,59000,0
トヨタ,86,ZN6,2012/4～,FA20,前期・後期,ディスク,23117,,292915,00C-022-R666-qq-e-f1-2k,4996338080707,00C 022 R666,CUSCO,カッパーシングルディスク,カッパーシングルディスク,ディスク,3,サイズ:φ230<br>スプライン径:25.2<br>歯数:24,,必ずクスコクラッチカバーとセットでご使用ください。,29500,1100
トヨタ,MR2,AW11,1984/6～1985/5,4A-GE,NA,ディスク＋カバー,30464,,292597,116-022-F-qq-e-f1-7k,4996338080288,116 022 F,CUSCO,カッパーシングルディスクセット,カッパーシングルディスク,ディスク＋カバー,2,サイズ:φ200<br>スプライン径:24.1<br>歯数:21<br>圧着力:5400/550(N/kgf),カッパーシングルディスク&クスコクラッチカバー,,41400,0
トヨタ,MR2,AW11,1984/6～1985/5,4A-GE,NA,ディスク,15025,,292514,00C-022-R116-qq-e-f1-8k,4996338084392,00C 022 R116,CUSCO,カッパーシングルディスク,カッパーシングルディスク,ディスク,3,サイズ:φ200<br>スプライン径:24.1<br>歯数:21,,,18600,1100
トヨタ,MR2,AW11,1985/6～1989/10,4A-GE,NA,ディスク＋カバー,30464,,292936,122-022-F-qq-e-f1-12k,4996338080318,122 022 F,CUSCO,カッパーシングルディスクセット,カッパーシングルディスク,ディスク＋カバー,2,サイズ:φ215<br>スプライン径:24.1<br>歯数:21<br>圧着力:6900/700(N/kgf),カッパーシングルディスク&クスコクラッチカバー,,41400,0
トヨタ,MR2,AW11,1985/6～1989/10,4A-GE,NA,ディスク,15025,,292520,00C-022-R122-qq-e-f1-13k,4996338080561,00C 022 R122,CUSCO,カッパーシングルディスク,カッパーシングルディスク,ディスク,3,サイズ:φ215<br>スプライン径:24.1<br>歯数:21,,,18600,1100
トヨタ,MR-S,ZZW30,1999/10～2007/7,1ZZ-FE,5MT車/6MT車<br>シーケンシャル車取付不可,ディスク＋カバー,30464,,292615,122-022-F-qq-e-f1-20k,4996338080318,122 022 F,CUSCO,カッパーシングルディスクセット,カッパーシングルディスク,ディスク＋カバー,2,サイズ:φ215<br>スプライン径:24.1<br>歯数:21<br>圧着力:6900/700(N/kgf),カッパーシングルディスク&クスコクラッチカバー,,41400,0
トヨタ,MR-S,ZZW30,1999/10～2007/7,1ZZ-FE,5MT車/6MT車<br>シーケンシャル車取付不可,ディスク,15025,,292526,00C-022-R122-qq-e-f1-21k,4996338080561,00C 022 R122,CUSCO,カッパーシングルディスク,カッパーシングルディスク,ディスク,3,サイズ:φ215<br>スプライン径:24.1<br>歯数:21,,,18600,1100
トヨタ,ヴィッツ,NCP10,1999/10～2002/12<br>2003/10～2005/2,2NZ-FE,2002/12車はサイズの確認が必要,ディスク＋カバー,30464,,292593,116-022-F-qq-e-f1-25k,4996338080288,116 022 F,CUSCO,カッパーシングルディスクセット,カッパーシングルディスク,ディスク＋カバー,2,サイズ:φ200<br>スプライン径:24.1<br>歯数:21<br>圧着力:5400/550(N/kgf),カッパーシングルディスク&クスコクラッチカバー,,41400,0
トヨタ,ヴィッツ,NCP10,1999/10～2002/12<br>2003/10～2005/2,2NZ-FE,2002/12車はサイズの確認が必要,ディスク,15025,,292875,00C-022-R116-qq-e-f1-26k,4996338084392,00C 022 R116,CUSCO,カッパーシングルディスク,カッパーシングルディスク,ディスク,3,サイズ:φ200<br>スプライン径:24.1<br>歯数:21,,,18600,1100
トヨタ,ヴィッツ,NCP10,2002/12～2003/10,2NZ-FE,2002/12車はサイズの確認が必要,ディスク＋カバー,30464,,292616,122-022-F-qq-e-f1-30k,4996338080318,122 022 F,CUSCO,カッパーシングルディスクセット,カッパーシングルディスク,ディスク＋カバー,2,サイズ:φ215<br>スプライン径:24.1<br>歯数:21<br>圧着力:6900/700(N/kgf),カッパーシングルディスク&クスコクラッチカバー,,41400,0
トヨタ,ヴィッツ,NCP10,2002/12～2003/10,2NZ-FE,2002/12車はサイズの確認が必要,ディスク,15025,,292879,00C-022-R122-qq-e-f1-31k,4996338080561,00C 022 R122,CUSCO,カッパーシングルディスク,カッパーシングルディスク,ディスク,3,サイズ:φ215<br>スプライン径:24.1<br>歯数:21,,,18600,1100
トヨタ,ヴィッツ,NCP13,2000/10～2005/2,1NZ-FE,,ディスク＋カバー,30464,,292617,122-022-F-qq-e-f1-35k,4996338080318,122 022 F,CUSCO,カッパーシングルディスクセット,カッパーシングルディスク,ディスク＋カバー,2,サイズ:φ215<br>スプライン径:24.1<br>歯数:21<br>圧着力:6900/700(N/kgf),カッパーシングルディスク&クスコクラッチカバー,,41400,0
トヨタ,ヴィッツ,NCP13,2000/10～2005/2,1NZ-FE,,ディスク,15025,,292880,00C-022-R122-qq-e-f1-36k,4996338080561,00C 022 R122,CUSCO,カッパーシングルディスク,カッパーシングルディスク,ディスク,3,サイズ:φ215<br>スプライン径:24.1<br>歯数:21,,,18600,1100
トヨタ,ヴィッツ,NCP131,2010/12～,1NZ-FE,,ディスク＋カバー,30464,,292940,122-022-F-qq-e-f1-50k,4996338080318,122 022 F,CUSCO,カッパーシングルディスクセット,カッパーシングルディスク,ディスク＋カバー,2,サイズ:φ215<br>スプライン径:24.1<br>歯数:21<br>圧着力:6900/700(N/kgf),カッパーシングルディスク&クスコクラッチカバー,,41400,0
トヨタ,ヴィッツ,NCP131,2010/12～,1NZ-FE,,ディスク,15025,,292881,00C-022-R122-qq-e-f1-51k,4996338080561,00C 022 R122,CUSCO,カッパーシングルディスク,カッパーシングルディスク,ディスク,3,サイズ:φ215<br>スプライン径:24.1<br>歯数:21,,,18600,1100
トヨタ,ヴィッツ,NCP15,1999/8～2005/2,2NZ-FE,,ディスク＋カバー,30464,,292618,122-022-F-qq-e-f1-40k,4996338080318,122 022 F,CUSCO,カッパーシングルディスクセット,カッパーシングルディスク,ディスク＋カバー,2,サイズ:φ215<br>スプライン径:24.1<br>歯数:21<br>圧着力:6900/700(N/kgf),カッパーシングルディスク&クスコクラッチカバー,,41400,0
トヨタ,ヴィッツ,NCP15,1999/8～2005/2,2NZ-FE,,ディスク,15025,,292527,00C-022-R122-qq-e-f1-41k,4996338080561,00C 022 R122,CUSCO,カッパーシングルディスク,カッパーシングルディスク,ディスク,3,サイズ:φ215<br>スプライン径:24.1<br>歯数:21,,,18600,1100
トヨタ,ヴィッツ,NCP91,2005/2～2010/12,1NZ-FE,,ディスク＋カバー,30464,,292939,122-022-F-qq-e-f1-45k,4996338080318,122 022 F,CUSCO,カッパーシングルディスクセット,カッパーシングルディスク,ディスク＋カバー,2,サイズ:φ215<br>スプライン径:24.1<br>歯数:21<br>圧着力:6900/700(N/kgf),カッパーシングルディスク&クスコクラッチカバー,,41400,0
トヨタ,ヴィッツ,NCP91,2005/2～2010/12,1NZ-FE,,ディスク,15025,,292528,00C-022-R122-qq-e-f1-46k,4996338080561,00C 022 R122,CUSCO,カッパーシングルディスク,カッパーシングルディスク,ディスク,3,サイズ:φ215<br>スプライン径:24.1<br>歯数:21,,,18600,1100
トヨタ,カリーナ,AT160,1985/8～1988/4,4A-GE,,ディスク＋カバー,30464,,292594,116-022-F-qq-e-f1-55k,4996338080288,116 022 F,CUSCO,カッパーシングルディスクセット,カッパーシングルディスク,ディスク＋カバー,2,サイズ:φ200<br>スプライン径:24.1<br>歯数:21<br>圧着力:5400/550(N/kgf),カッパーシングルディスク&クスコクラッチカバー,,41400,0
トヨタ,カリーナ,AT160,1985/8～1988/4,4A-GE,,ディスク,15025,,292510,00C-022-R116-qq-e-f1-56k,4996338084392,00C 022 R116,CUSCO,カッパーシングルディスク,カッパーシングルディスク,ディスク,3,サイズ:φ200<br>スプライン径:24.1<br>歯数:21,,,18600,1100
トヨタ,カリーナ,AT170,1988/5～1989/7,4A-GE,,ディスク＋カバー,30464,,292595,116-022-F-qq-e-f1-60k,4996338080288,116 022 F,CUSCO,カッパーシングルディスクセット,カッパーシングルディスク,ディスク＋カバー,2,サイズ:φ200<br>スプライン径:24.1<br>歯数:21<br>圧着力:5400/550(N/kgf),カッパーシングルディスク&クスコクラッチカバー,,41400,0
トヨタ,カリーナ,AT170,1988/5～1989/7,4A-GE,,ディスク,15025,,292511,00C-022-R116-qq-e-f1-61k,4996338084392,00C 022 R116,CUSCO,カッパーシングルディスク,カッパーシングルディスク,ディスク,3,サイズ:φ200<br>スプライン径:24.1<br>歯数:21,,,18600,1100
トヨタ,カリーナ,AT170,1988/5～1990/4,5A-F,,ディスク＋カバー,30464,,292596,116-022-F-qq-e-f1-70k,4996338080288,116 022 F,CUSCO,カッパーシングルディスクセット,カッパーシングルディスク,ディスク＋カバー,2,サイズ:φ200<br>スプライン径:24.1<br>歯数:21<br>圧着力:5400/550(N/kgf),カッパーシングルディスク&クスコクラッチカバー,,41400,0
トヨタ,カリーナ,AT170,1988/5～1990/4,5A-F,,ディスク,15025,,292876,00C-022-R116-qq-e-f1-71k,4996338084392,00C 022 R116,CUSCO,カッパーシングルディスク,カッパーシングルディスク,ディスク,3,サイズ:φ200<br>スプライン径:24.1<br>歯数:21,,,18600,1100
トヨタ,カリーナ,AT170,1989/8～1992/8,4A-GE/5A-F,,ディスク＋カバー,30464,,292941,122-022-F-qq-e-f1-65k,4996338080318,122 022 F,CUSCO,カッパーシングルディスクセット,カッパーシングルディスク,ディスク＋カバー,2,サイズ:φ215<br>スプライン径:24.1<br>歯数:21<br>圧着力:6900/700(N/kgf),カッパーシングルディスク&クスコクラッチカバー,,41400,0
トヨタ,カリーナ,AT170,1989/8～1992/8,4A-GE/5A-F,,ディスク,15025,,292529,00C-022-R122-qq-e-f1-66k,4996338080561,00C 022 R122,CUSCO,カッパーシングルディスク,カッパーシングルディスク,ディスク,3,サイズ:φ215<br>スプライン径:24.1<br>歯数:21,,,18600,1100
トヨタ,カリーナ,AT171,1988/5～1992/8,4A-FE,,ディスク＋カバー,30464,,292926,116-022-F-qq-e-f1-75k,4996338080288,116 022 F,CUSCO,カッパーシングルディスクセット,カッパーシングルディスク,ディスク＋カバー,2,サイズ:φ200<br>スプライン径:24.1<br>歯数:21<br>圧着力:5400/550(N/kgf),カッパーシングルディスク&クスコクラッチカバー,,41400,0
トヨタ,カリーナ,AT171,1988/5～1992/8,4A-FE,,ディスク,15025,,292512,00C-022-R116-qq-e-f1-76k,4996338084392,00C 022 R116,CUSCO,カッパーシングルディスク,カッパーシングルディスク,ディスク,3,サイズ:φ200<br>スプライン径:24.1<br>歯数:21,,,18600,1100
トヨタ,カリーナ,AT210/AT212,1996/8～2001/12,4A-GE/5A-FE,,ディスク＋カバー,30464,,292619,122-022-F-qq-e-f1-80k,4996338080318,122 022 F,CUSCO,カッパーシングルディスクセット,カッパーシングルディスク,ディスク＋カバー,2,サイズ:φ215<br>スプライン径:24.1<br>歯数:21<br>圧着力:6900/700(N/kgf),カッパーシングルディスク&クスコクラッチカバー,,41400,0
トヨタ,カリーナ,AT210/AT212,1996/8～2001/12,4A-GE/5A-FE,,ディスク,15025,,292882,00C-022-R122-qq-e-f1-81k,4996338080561,00C 022 R122,CUSCO,カッパーシングルディスク,カッパーシングルディスク,ディスク,3,サイズ:φ215<br>スプライン径:24.1<br>歯数:21,,,18600,1100
トヨタ,カローラ/スプリンター/カローラFX,AE82,1984/10～1987/4,4A-GE,,ディスク＋カバー,30464,,292599,116-022-F-qq-e-f1-92k,4996338080288,116 022 F,CUSCO,カッパーシングルディスクセット,カッパーシングルディスク,ディスク＋カバー,2,サイズ:φ200<br>スプライン径:24.1<br>歯数:21<br>圧着力:5400/550(N/kgf),カッパーシングルディスク&クスコクラッチカバー,,41400,0
トヨタ,カローラ/スプリンター/カローラFX,AE82,1984/10～1987/4,4A-GE,,ディスク,15025,,292515,00C-022-R116-qq-e-f1-93k,4996338084392,00C 022 R116,CUSCO,カッパーシングルディスク,カッパーシングルディスク,ディスク,3,サイズ:φ200<br>スプライン径:24.1<br>歯数:21,,,18600,1100
トヨタ,カローラ/スプリンター/カローラレビン/スプリンタートレノ,AE110,1995/5～2000/8,5A-FE,,ディスク＋カバー,30464,,292610,122-022-F-qq-e-f1-119k,4996338080318,122 022 F,CUSCO,カッパーシングルディスクセット,カッパーシングルディスク,ディスク＋カバー,2,サイズ:φ215<br>スプライン径:24.1<br>歯数:21<br>圧着力:6900/700(N/kgf),カッパーシングルディスク&クスコクラッチカバー,,41400,0
トヨタ,カローラ/スプリンター/カローラレビン/スプリンタートレノ,AE110,1995/5～2000/8,5A-FE,,ディスク,15025,,292517,00C-022-R122-qq-e-f1-120k,4996338080561,00C 022 R122,CUSCO,カッパーシングルディスク,カッパーシングルディスク,ディスク,3,サイズ:φ215<br>スプライン径:24.1<br>歯数:21,,,18600,1100
トヨタ,カローラ/スプリンター/カローラレビン/スプリンタートレノ,AE111,1995/5～2000/8,4A-GE,6MT/5MT,ディスク＋カバー,30464,,292935,122-022-F-qq-e-f1-124k,4996338080318,122 022 F,CUSCO,カッパーシングルディスクセット,カッパーシングルディスク,ディスク＋カバー,2,サイズ:φ215<br>スプライン径:24.1<br>歯数:21<br>圧着力:6900/700(N/kgf),カッパーシングルディスク&クスコクラッチカバー,,41400,0
トヨタ,カローラ/スプリンター/カローラレビン/スプリンタートレノ,AE111,1995/5～2000/8,4A-GE,6MT/5MT,ディスク,15025,,292518,00C-022-R122-qq-e-f1-125k,4996338080561,00C 022 R122,CUSCO,カッパーシングルディスク,カッパーシングルディスク,ディスク,3,サイズ:φ215<br>スプライン径:24.1<br>歯数:21,,,18600,1100
トヨタ,カローラ/スプリンター/カローラレビン/スプリンタートレノ/カローラFX,AE100/AE101,1991/6～1995/5,5A-FE/4A-GE/4A-FE,,ディスク＋カバー,30464,,292609,122-022-F-qq-e-f1-113k,4996338080318,122 022 F,CUSCO,カッパーシングルディスクセット,カッパーシングルディスク,ディスク＋カバー,2,サイズ:φ215<br>スプライン径:24.1<br>歯数:21<br>圧着力:6900/700(N/kgf),カッパーシングルディスク&クスコクラッチカバー,,41400,0
トヨタ,カローラ/スプリンター/カローラレビン/スプリンタートレノ/カローラFX,AE100/AE101,1991/6～1995/5,5A-FE/4A-GE/4A-FE,,ディスク,15025,,292878,00C-022-R122-qq-e-f1-114k,4996338080561,00C 022 R122,CUSCO,カッパーシングルディスク,カッパーシングルディスク,ディスク,3,サイズ:φ215<br>スプライン径:24.1<br>歯数:21,,,18600,1100
トヨタ,カローラ/スプリンター/カローラレビン/スプリンタートレノ/カローラFX,AE91/AE92,1987/5～1989/4,5A-FE/5A-FHE/4A-GE,,ディスク＋カバー,30464,,292588,116-022-F-qq-e-f1-102k,4996338080288,116 022 F,CUSCO,カッパーシングルディスクセット,カッパーシングルディスク,ディスク＋カバー,2,サイズ:φ200<br>スプライン径:24.1<br>歯数:21<br>圧着力:5400/550(N/kgf),カッパーシングルディスク&クスコクラッチカバー,,41400,0
トヨタ,カローラ/スプリンター/カローラレビン/スプリンタートレノ/カローラFX,AE91/AE92,1987/5～1989/4,5A-FE/5A-FHE/4A-GE,,ディスク,15025,,292505,00C-022-R116-qq-e-f1-103k,4996338084392,00C 022 R116,CUSCO,カッパーシングルディスク,カッパーシングルディスク,ディスク,3,サイズ:φ200<br>スプライン径:24.1<br>歯数:21,,,18600,1100
トヨタ,カローラ/スプリンター/カローラレビン/スプリンタートレノ/カローラFX,AE91/AE92,1989/5～1992/5,5A-FE/5A-FHE/4A-GE,,ディスク＋カバー,30464,,292934,122-022-F-qq-e-f1-107k,4996338080318,122 022 F,CUSCO,カッパーシングルディスクセット,カッパーシングルディスク,ディスク＋カバー,2,サイズ:φ215<br>スプライン径:24.1<br>歯数:21<br>圧着力:6900/700(N/kgf),カッパーシングルディスク&クスコクラッチカバー,,41400,0
トヨタ,カローラ/スプリンター/カローラレビン/スプリンタートレノ/カローラFX,AE91/AE92,1989/5～1992/5,5A-FE/5A-FHE/4A-GE,,ディスク,15025,,292877,00C-022-R122-qq-e-f1-108k,4996338080561,00C 022 R122,CUSCO,カッパーシングルディスク,カッパーシングルディスク,ディスク,3,サイズ:φ215<br>スプライン径:24.1<br>歯数:21,,,18600,1100
トヨタ,カローラII,EL31,1986/5～1990/9,3E-TE,ターボ,ディスク＋カバー,30464,,292937,122-022-F-qq-e-f1-130k,4996338080318,122 022 F,CUSCO,カッパーシングルディスクセット,カッパーシングルディスク,ディスク＋カバー,2,サイズ:φ215<br>スプライン径:24.1<br>歯数:21<br>圧着力:6900/700(N/kgf),カッパーシングルディスク&クスコクラッチカバー,,41400,0
トヨタ,カローラII,EL31,1986/5～1990/9,3E-TE,ターボ,ディスク,15025,,292519,00C-022-R122-qq-e-f1-131k,4996338080561,00C 022 R122,CUSCO,カッパーシングルディスク,カッパーシングルディスク,ディスク,3,サイズ:φ215<br>スプライン径:24.1<br>歯数:21,,,18600,1100
トヨタ,カローラII,EL41/EL43/EL51/EL53,1990/9～1999/7,4E-FE/5E-FE/5E-FHE,,ディスク＋カバー,30464,,292589,116-022-F-qq-e-f1-135k,4996338080288,116 022 F,CUSCO,カッパーシングルディスクセット,カッパーシングルディスク,ディスク＋カバー,2,サイズ:φ200<br>スプライン径:24.1<br>歯数:21<br>圧着力:5400/550(N/kgf),カッパーシングルディスク&クスコクラッチカバー,,41400,0
トヨタ,カローラII,EL41/EL43/EL51/EL53,1990/9～1999/7,4E-FE/5E-FE/5E-FHE,,ディスク,15025,,292506,00C-022-R116-qq-e-f1-136k,4996338084392,00C 022 R116,CUSCO,カッパーシングルディスク,カッパーシングルディスク,ディスク,3,サイズ:φ200<br>スプライン径:24.1<br>歯数:21,,,18600,1100
トヨタ,カローラツーリングワゴン,AE100G/AE101G,1991/9～2000/8,5A-FE/4A-GE,,ディスク＋カバー,30464,,292611,122-022-F-qq-e-f1-140k,4996338080318,122 022 F,CUSCO,カッパーシングルディスクセット,カッパーシングルディスク,ディスク＋カバー,2,サイズ:φ215<br>スプライン径:24.1<br>歯数:21<br>圧着力:6900/700(N/kgf),カッパーシングルディスク&クスコクラッチカバー,,41400,0
トヨタ,カローラツーリングワゴン,AE100G/AE101G,1991/9～2000/8,5A-FE/4A-GE,,ディスク,15025,,292521,00C-022-R122-qq-e-f1-141k,4996338080561,00C 022 R122,CUSCO,カッパーシングルディスク,カッパーシングルディスク,ディスク,3,サイズ:φ215<br>スプライン径:24.1<br>歯数:21,,,18600,1100
トヨタ,カローラランクス/アレックス,NZE121/NZE124,2001/1～2006/9,1NZ-FE,,ディスク＋カバー,30464,,292612,122-022-F-qq-e-f1-146k,4996338080318,122 022 F,CUSCO,カッパーシングルディスクセット,カッパーシングルディスク,ディスク＋カバー,2,サイズ:φ215<br>スプライン径:24.1<br>歯数:21<br>圧着力:6900/700(N/kgf),カッパーシングルディスク&クスコクラッチカバー,,41400,0
トヨタ,カローラランクス/アレックス,NZE121/NZE124,2001/1～2006/9,1NZ-FE,,ディスク,15025,,292522,00C-022-R122-qq-e-f1-147k,4996338080561,00C 022 R122,CUSCO,カッパーシングルディスク,カッパーシングルディスク,ディスク,3,サイズ:φ215<br>スプライン径:24.1<br>歯数:21,,,18600,1100
トヨタ,カローラランクス/アレックス,ZZE123,2001/1～2006/9,2ZZ-GE,,ディスク＋カバー,30464,,292938,122-022-F-qq-e-f1-151k,4996338080318,122 022 F,CUSCO,カッパーシングルディスクセット,カッパーシングルディスク,ディスク＋カバー,2,サイズ:φ215<br>スプライン径:24.1<br>歯数:21<br>圧着力:6900/700(N/kgf),カッパーシングルディスク&クスコクラッチカバー,,41400,0
トヨタ,カローラランクス/アレックス,ZZE123,2001/1～2006/9,2ZZ-GE,,ディスク,15025,,292523,00C-022-R122-qq-e-f1-152k,4996338080561,00C 022 R122,CUSCO,カッパーシングルディスク,カッパーシングルディスク,ディスク,3,サイズ:φ215<br>スプライン径:24.1<br>歯数:21,,,18600,1100
トヨタ,カローラレビン/スプリンタートレノ,AE86,1983/5～1987/4,4A-GE,,ディスク＋カバー,30464,,292600,116-022-F-qq-e-f1-97k,4996338080288,116 022 F,CUSCO,カッパーシングルディスクセット,カッパーシングルディスク,ディスク＋カバー,2,サイズ:φ200<br>スプライン径:24.1<br>歯数:21<br>圧着力:5400/550(N/kgf),カッパーシングルディスク&クスコクラッチカバー,,41400,0
トヨタ,カローラレビン/スプリンタートレノ,AE86,1983/5～1987/4,4A-GE,,ディスク,15025,,292516,00C-022-R116-qq-e-f1-98k,4996338084392,00C 022 R116,CUSCO,カッパーシングルディスク,カッパーシングルディスク,ディスク,3,サイズ:φ200<br>スプライン径:24.1<br>歯数:21,,,18600,1100
トヨタ,サイノス,EL44/EL5#,1991/1～1999/7,#E-F(H)E,,ディスク＋カバー,30464,,292590,116-022-F-qq-e-f1-156k,4996338080288,116 022 F,CUSCO,カッパーシングルディスクセット,カッパーシングルディスク,ディスク＋カバー,2,サイズ:φ200<br>スプライン径:24.1<br>歯数:21<br>圧着力:5400/550(N/kgf),カッパーシングルディスク&クスコクラッチカバー,,41400,0
トヨタ,サイノス,EL44/EL5#,1991/1～1999/7,#E-F(H)E,,ディスク,15025,,292874,00C-022-R116-qq-e-f1-157k,4996338084392,00C 022 R116,CUSCO,カッパーシングルディスク,カッパーシングルディスク,ディスク,3,サイズ:φ200<br>スプライン径:24.1<br>歯数:21,,,18600,1100
トヨタ,スープラ,JZA70,1990/8～1993/5,1JZ-GTE,,ディスク,22745,,292530,00C-022-R175-qq-e-f1-161k,4996338084125,00C 022 R175,CUSCO,カッパーシングルディスク,カッパーシングルディスク,ディスク,3,サイズ:φ240<br>スプライン径:26.0<br>歯数:21,,,29000,1100
トヨタ,スターレット,EP71,1986/1～1989/12,2E-TELU,ターボ,ディスク＋カバー,30464,,292591,116-022-F-qq-e-f1-164k,4996338080288,116 022 F,CUSCO,カッパーシングルディスクセット,カッパーシングルディスク,ディスク＋カバー,2,サイズ:φ200<br>スプライン径:24.1<br>歯数:21<br>圧着力:5400/550(N/kgf),カッパーシングルディスク&クスコクラッチカバー,,41400,0
トヨタ,スターレット,EP71,1986/1～1989/12,2E-TELU,ターボ,ディスク,15025,,292507,00C-022-R116-qq-e-f1-165k,4996338084392,00C 022 R116,CUSCO,カッパーシングルディスク,カッパーシングルディスク,ディスク,3,サイズ:φ200<br>スプライン径:24.1<br>歯数:21,,,18600,1100
トヨタ,スターレット,EP82/EP91,1989/12～1999/7,4E-F/4E-FE,NA,ディスク＋カバー,30464,,292592,116-022-F-qq-e-f1-169k,4996338080288,116 022 F,CUSCO,カッパーシングルディスクセット,カッパーシングルディスク,ディスク＋カバー,2,サイズ:φ200<br>スプライン径:24.1<br>歯数:21<br>圧着力:5400/550(N/kgf),カッパーシングルディスク&クスコクラッチカバー,,41400,0
トヨタ,スターレット,EP82/EP91,1989/12～1999/7,4E-F/4E-FE,NA,ディスク,15025,,292508,00C-022-R116-qq-e-f1-170k,4996338084392,00C 022 R116,CUSCO,カッパーシングルディスク,カッパーシングルディスク,ディスク,3,サイズ:φ200<br>スプライン径:24.1<br>歯数:21,,,18600,1100
トヨタ,スターレット,EP82/EP91,1989/12～1999/7,4E-FTE,ターボ,ディスク＋カバー,30464,,292613,122-022-F-qq-e-f1-174k,4996338080318,122 022 F,CUSCO,カッパーシングルディスクセット,カッパーシングルディスク,ディスク＋カバー,2,サイズ:φ215<br>スプライン径:24.1<br>歯数:21<br>圧着力:6900/700(N/kgf),カッパーシングルディスク&クスコクラッチカバー,,41400,0
トヨタ,スターレット,EP82/EP91,1989/12～1999/7,4E-FTE,ターボ,ディスク,15025,,292524,00C-022-R122-qq-e-f1-175k,4996338080561,00C 022 R122,CUSCO,カッパーシングルディスク,カッパーシングルディスク,ディスク,3,サイズ:φ215<br>スプライン径:24.1<br>歯数:21,,,18600,1100
トヨタ,スプリンターカリブ,AT160,1985/8～1987/7,4A-GE,,ディスク＋カバー,30464,,292598,116-022-F-qq-e-f1-87k,4996338080288,116 022 F,CUSCO,カッパーシングルディスクセット,カッパーシングルディスク,ディスク＋カバー,2,サイズ:φ200<br>スプライン径:24.1<br>歯数:21<br>圧着力:5400/550(N/kgf),カッパーシングルディスク&クスコクラッチカバー,,41400,0
トヨタ,スプリンターカリブ,AT160,1985/8～1987/7,4A-GE,,ディスク,15025,,292513,00C-022-R116-qq-e-f1-88k,4996338084392,00C 022 R116,CUSCO,カッパーシングルディスク,カッパーシングルディスク,ディスク,3,サイズ:φ200<br>スプライン径:24.1<br>歯数:21,,,18600,1100
トヨタ,セラ,EXY10,1990/3～1996/1,5E-FHE,,ディスク＋カバー,30464,,292925,116-022-F-qq-e-f1-179k,4996338080288,116 022 F,CUSCO,カッパーシングルディスクセット,カッパーシングルディスク,ディスク＋カバー,2,サイズ:φ200<br>スプライン径:24.1<br>歯数:21<br>圧着力:5400/550(N/kgf),カッパーシングルディスク&クスコクラッチカバー,,41400,0
トヨタ,セラ,EXY10,1990/3～1996/1,5E-FHE,,ディスク,15025,,292509,00C-022-R116-qq-e-f1-180k,4996338084392,00C 022 R116,CUSCO,カッパーシングルディスク,カッパーシングルディスク,ディスク,3,サイズ:φ200<br>スプライン径:24.1<br>歯数:21,,,18600,1100
トヨタ,セリカ,ZZT230/ZZT231,1999/9～2006/4,1ZZFE/2ZZGE,,ディスク＋カバー,30464,,292614,122-022-F-qq-e-f1-184k,4996338080318,122 022 F,CUSCO,カッパーシングルディスクセット,カッパーシングルディスク,ディスク＋カバー,2,サイズ:φ215<br>スプライン径:24.1<br>歯数:21<br>圧着力:6900/700(N/kgf),カッパーシングルディスク&クスコクラッチカバー,,41400,0
トヨタ,セリカ,ZZT230/ZZT231,1999/9～2006/4,1ZZFE/2ZZGE,,ディスク,15025,,292525,00C-022-R122-qq-e-f1-185k,4996338080561,00C 022 R122,CUSCO,カッパーシングルディスク,カッパーシングルディスク,ディスク,3,サイズ:φ215<br>スプライン径:24.1<br>歯数:21,,,18600,1100
トヨタ,ソアラ,JZZ30,1991/5～2000/12,1JZ-GTE,,ディスク,22745,,292883,00C-022-R175-qq-e-f1-191k,4996338084125,00C 022 R175,CUSCO,カッパーシングルディスク,カッパーシングルディスク,ディスク,3,サイズ:φ240<br>スプライン径:26.0<br>歯数:21,,,29000,1100
トヨタ,マークII/チェイサー/クレスタ/ヴェロッサ,JZX90/JZX100/JZX110,1992/10～2004/11,1JZ-GTE,,ディスク,22745,,292531,00C-022-R175-qq-e-f1-194k,4996338084125,00C 022 R175,CUSCO,カッパーシングルディスク,カッパーシングルディスク,ディスク,3,サイズ:φ240<br>スプライン径:26.0<br>歯数:21,,,29000,1100
日産,180SX,RPS13,1991/1～1998/12,SR20DET,,ディスク＋カバー,42944,,292635,221-022-F-qq-e-f1-197k,4996338080264,221 022 F,CUSCO,カッパーシングルディスクセット,カッパーシングルディスク,ディスク＋カバー,2,サイズ:φ240<br>スプライン径:25.6<br>歯数:24<br>圧着力:9000/915(N/kgf),カッパーシングルディスク&クスコクラッチカバー,,59000,0
日産,180SX,RPS13,1991/1～1998/12,SR20DET,,ディスク,23933,,292532,00C-022-R230-qq-e-f1-198k,4996338084149,00C 022 R230,CUSCO,カッパーシングルディスク,カッパーシングルディスク,ディスク,3,サイズ:φ240<br>スプライン径:25.6<br>歯数:24,,,30600,1100
日産,シルビア,PS13,1991/1～1993/10,SR20DET,,ディスク＋カバー,42944,,292636,221-022-F-qq-e-f1-204k,4996338080264,221 022 F,CUSCO,カッパーシングルディスクセット,カッパーシングルディスク,ディスク＋カバー,2,サイズ:φ240<br>スプライン径:25.6<br>歯数:24<br>圧着力:9000/915(N/kgf),カッパーシングルディスク&クスコクラッチカバー,,59000,0
日産,シルビア,PS13,1991/1～1993/10,SR20DET,,ディスク,23933,,292884,00C-022-R230-qq-e-f1-205k,4996338084149,00C 022 R230,CUSCO,カッパーシングルディスク,カッパーシングルディスク,ディスク,3,サイズ:φ240<br>スプライン径:25.6<br>歯数:24,,,30600,1100
日産,シルビア,S14,1993/10～1999/1,SR20DET,,ディスク＋カバー,42944,,292637,221-022-F-qq-e-f1-209k,4996338080264,221 022 F,CUSCO,カッパーシングルディスクセット,カッパーシングルディスク,ディスク＋カバー,2,サイズ:φ240<br>スプライン径:25.6<br>歯数:24<br>圧着力:9000/915(N/kgf),カッパーシングルディスク&クスコクラッチカバー,,59000,0
日産,シルビア,S14,1993/10～1999/1,SR20DET,,ディスク,23933,,292533,00C-022-R230-qq-e-f1-210k,4996338084149,00C 022 R230,CUSCO,カッパーシングルディスク,カッパーシングルディスク,ディスク,3,サイズ:φ240<br>スプライン径:25.6<br>歯数:24,,,30600,1100
日産,シルビア,S15,1999/1～2002/8,SR20DET,,ディスク＋カバー,42944,,292954,221-022-F-qq-e-f1-214k,4996338080264,221 022 F,CUSCO,カッパーシングルディスクセット,カッパーシングルディスク,ディスク＋カバー,2,サイズ:φ240<br>スプライン径:25.6<br>歯数:24<br>圧着力:9000/915(N/kgf),カッパーシングルディスク&クスコクラッチカバー,,59000,0
日産,シルビア,S15,1999/1～2002/8,SR20DET,,ディスク,23933,,292534,00C-022-R230-qq-e-f1-215k,4996338084149,00C 022 R230,CUSCO,カッパーシングルディスク,カッパーシングルディスク,ディスク,3,サイズ:φ240<br>スプライン径:25.6<br>歯数:24,,,30600,1100
日産,スカイライン,DR30,1983/2～1985/10,FJ20ET,,ディスク,23933,,292885,00C-022-R230-qq-e-f1-219k,4996338084149,00C 022 R230,CUSCO,カッパーシングルディスク,カッパーシングルディスク,ディスク,3,サイズ:φ240<br>スプライン径:25.6<br>歯数:24,,,30600,1100
日産,スカイライン,ENR33,1993/11～1998/5,RB25DE,,ディスク,23933,,292889,00C-022-R230-qq-e-f1-237k,4996338084149,00C 022 R230,CUSCO,カッパーシングルディスク,カッパーシングルディスク,ディスク,3,サイズ:φ240<br>スプライン径:25.6<br>歯数:24,,,30600,1100
日産,スカイライン,ENR34,1998/5～2001/6,RB25DE,,ディスク,23933,,292537,00C-022-R230-qq-e-f1-244k,4996338084149,00C 022 R230,CUSCO,カッパーシングルディスク,カッパーシングルディスク,ディスク,3,サイズ:φ240<br>スプライン径:25.6<br>歯数:24,,,30600,1100
日産,スカイライン,ER32/ECR32,1991/8～1993/8,RB25DE,,ディスク,23933,,292886,00C-022-R230-qq-e-f1-225k,4996338084149,00C 022 R230,CUSCO,カッパーシングルディスク,カッパーシングルディスク,ディスク,3,サイズ:φ240<br>スプライン径:25.6<br>歯数:24,,,30600,1100
日産,スカイライン,ER33/ECR33,1993/8～1998/5,RB25DE,,ディスク,23933,,292536,00C-022-R230-qq-e-f1-234k,4996338084149,00C 022 R230,CUSCO,カッパーシングルディスク,カッパーシングルディスク,ディスク,3,サイズ:φ240<br>スプライン径:25.6<br>歯数:24,,,30600,1100
日産,スカイライン,ER34,1998/5～2001/6,RB25DE,,ディスク,23933,,292890,00C-022-R230-qq-e-f1-241k,4996338084149,00C 022 R230,CUSCO,カッパーシングルディスク,カッパーシングルディスク,ディスク,3,サイズ:φ240<br>スプライン径:25.6<br>歯数:24,,,30600,1100
日産,スカイライン,HCR32,1989/5～1993/8,RB20DET,,ディスク,23933,,292888,00C-022-R230-qq-e-f1-231k,4996338084149,00C 022 R230,CUSCO,カッパーシングルディスク,カッパーシングルディスク,ディスク,3,サイズ:φ240<br>スプライン径:25.6<br>歯数:24,,,30600,1100
日産,スカイライン,HNR32,1989/8～1993/8,RB20DET,,ディスク,23933,,292887,00C-022-R230-qq-e-f1-228k,4996338084149,00C 022 R230,CUSCO,カッパーシングルディスク,カッパーシングルディスク,ディスク,3,サイズ:φ240<br>スプライン径:25.6<br>歯数:24,,,30600,1100
日産,スカイライン,HR31,1985/8～1987/8,RB20DET,GTSR含む,ディスク,23933,,292535,00C-022-R230-qq-e-f1-222k,4996338084149,00C 022 R230,CUSCO,カッパーシングルディスク,カッパーシングルディスク,ディスク,3,サイズ:φ240<br>スプライン径:25.6<br>歯数:24,,,30600,1100
日産,セフィーロ,A31,1988/9～1994/8,RB20DET,,ディスク,23933,,292538,00C-022-R230-qq-e-f1-247k,4996338084149,00C 022 R230,CUSCO,カッパーシングルディスク,カッパーシングルディスク,ディスク,3,サイズ:φ240<br>スプライン径:25.6<br>歯数:24,,,30600,1100
日産,フェアレディZ,HZ31,1983/9～1986/7,VG30ET,,ディスク,23933,,292891,00C-022-R230-qq-e-f1-250k,4996338084149,00C 022 R230,CUSCO,カッパーシングルディスク,カッパーシングルディスク,ディスク,3,サイズ:φ240<br>スプライン径:25.6<br>歯数:24,,,30600,1100
日産,フェアレディZ,PZ31,1983/9～1989/6,RB20DET,,ディスク,23933,,292892,00C-022-R230-qq-e-f1-253k,4996338084149,00C 022 R230,CUSCO,カッパーシングルディスク,カッパーシングルディスク,ディスク,3,サイズ:φ240<br>スプライン径:25.6<br>歯数:24,,,30600,1100
日産,フェアレディZ,Z32,1989/7～1998/10,VG30ET,,ディスク,23933,,292893,00C-022-R230-qq-e-f1-256k,4996338084149,00C 022 R230,CUSCO,カッパーシングルディスク,カッパーシングルディスク,ディスク,3,サイズ:φ240<br>スプライン径:25.6<br>歯数:24,,,30600,1100
ホンダ,CR-X,EG2,1992/3～1997/7,B16A,,ディスク＋カバー,38831,,292657,317-022-F-qq-e-f1-262k,4996338080219,317 022 F,CUSCO,カッパーシングルディスクセット,カッパーシングルディスク,ディスク＋カバー,2,サイズ:φ220<br>スプライン径:26.0<br>歯数:24<br>圧着力:6940/700(N/kgf),カッパーシングルディスク&クスコクラッチカバー,,53200,0
ホンダ,CR-X,EG2,1992/3～1997/7,B16A,,ディスク,22375,,292894,00C-022-R315-qq-e-f1-263k,4996338084187,00C 022 R315,CUSCO,カッパーシングルディスク,カッパーシングルディスク,ディスク,3,サイズ:φ220<br>スプライン径:26.0<br>歯数:24,,,28500,1100
ホンダ,S660,JW5,2015/4～,S07A,,ディスク,18663,,292546,00C-022-R3A8-qq-e-f1-272k,4996338085443,00C 022 R3A8,CUSCO,カッパーシングルディスク,カッパーシングルディスク,ディスク,3,サイズ:φ180<br>スプライン径:18.0<br>歯数:16,,,23500,1100
ホンダ,インテグラ,DA6/DA8,1991/10～1993/5,B16A,後期,ディスク＋カバー,38831,,292658,317-022-F-qq-e-f1-277k,4996338080219,317 022 F,CUSCO,カッパーシングルディスクセット,カッパーシングルディスク,ディスク＋カバー,2,サイズ:φ220<br>スプライン径:26.0<br>歯数:24<br>圧着力:6940/700(N/kgf),カッパーシングルディスク&クスコクラッチカバー,,53200,0
ホンダ,インテグラ,DA6/DA8,1991/10～1993/5,B16A,後期,ディスク,22375,,292895,00C-022-R315-qq-e-f1-278k,4996338084187,00C 022 R315,CUSCO,カッパーシングルディスク,カッパーシングルディスク,ディスク,3,サイズ:φ220<br>スプライン径:26.0<br>歯数:24,,,28500,1100
ホンダ,インテグラ/インテグラタイプR,DC2/DB8,1993/5～2001/7,BC18C,,ディスク＋カバー,38831,,292659,317-022-F-qq-e-f1-286k,4996338080219,317 022 F,CUSCO,カッパーシングルディスクセット,カッパーシングルディスク,ディスク＋カバー,2,サイズ:φ220<br>スプライン径:26.0<br>歯数:24<br>圧着力:6940/700(N/kgf),カッパーシングルディスク&クスコクラッチカバー,,53200,0
ホンダ,インテグラ/インテグラタイプR,DC2/DB8,1993/5～2001/7,BC18C,,ディスク,22375,,292539,00C-022-R315-qq-e-f1-287k,4996338084187,00C 022 R315,CUSCO,カッパーシングルディスク,カッパーシングルディスク,ディスク,3,サイズ:φ220<br>スプライン径:26.0<br>歯数:24,,,28500,1100
ホンダ,インテグラタイプR,DC5,2001/7～2007/2,K20A,,ディスク＋カバー,39469,,292672,322-022-F-qq-e-f1-295k,4996338080240,322 022 F,CUSCO,カッパーシングルディスクセット,カッパーシングルディスク,ディスク＋カバー,2,サイズ:φ215<br>スプライン径:26.0<br>歯数:24<br>圧着力:7100/725(N/kgf),カッパーシングルディスク&クスコクラッチカバー,,54100,0
ホンダ,インテグラタイプR,DC5,2001/7～2007/2,K20A,,ディスク,21558,,292541,00C-022-R322-qq-e-f1-296k,4996338084699,00C 022 R322,CUSCO,カッパーシングルディスク,カッパーシングルディスク,ディスク,3,サイズ:φ215<br>スプライン径:26.0<br>歯数:24,,,27400,1100
ホンダ,シビック,EG6/EG9,1991/9～1995/9,B16A,,ディスク＋カバー,38831,,292660,317-022-F-qq-e-f1-304k,4996338080219,317 022 F,CUSCO,カッパーシングルディスクセット,カッパーシングルディスク,ディスク＋カバー,2,サイズ:φ220<br>スプライン径:26.0<br>歯数:24<br>圧着力:6940/700(N/kgf),カッパーシングルディスク&クスコクラッチカバー,,53200,0
ホンダ,シビック,EG6/EG9,1991/9～1995/9,B16A,,ディスク,22375,,292896,00C-022-R315-qq-e-f1-305k,4996338084187,00C 022 R315,CUSCO,カッパーシングルディスク,カッパーシングルディスク,ディスク,3,サイズ:φ220<br>スプライン径:26.0<br>歯数:24,,,28500,1100
ホンダ,シビック,EK4,1995/9～2000/9,B16A,,ディスク＋カバー,38831,,292661,317-022-F-qq-e-f1-313k,4996338080219,317 022 F,CUSCO,カッパーシングルディスクセット,カッパーシングルディスク,ディスク＋カバー,2,サイズ:φ220<br>スプライン径:26.0<br>歯数:24<br>圧着力:6940/700(N/kgf),カッパーシングルディスク&クスコクラッチカバー,,53200,0
ホンダ,シビック,EK4,1995/9～2000/9,B16A,,ディスク,22375,,292897,00C-022-R315-qq-e-f1-314k,4996338084187,00C 022 R315,CUSCO,カッパーシングルディスク,カッパーシングルディスク,ディスク,3,サイズ:φ220<br>スプライン径:26.0<br>歯数:24,,,28500,1100
ホンダ,シビック,EK9,1997/8～2000/9,B16A,,ディスク＋カバー,38831,,292662,317-022-F-qq-e-f1-322k,4996338080219,317 022 F,CUSCO,カッパーシングルディスクセット,カッパーシングルディスク,ディスク＋カバー,2,サイズ:φ220<br>スプライン径:26.0<br>歯数:24<br>圧着力:6940/700(N/kgf),カッパーシングルディスク&クスコクラッチカバー,,53200,0
ホンダ,シビック,EK9,1997/8～2000/9,B16A,,ディスク,22375,,292540,00C-022-R315-qq-e-f1-323k,4996338084187,00C 022 R315,CUSCO,カッパーシングルディスク,カッパーシングルディスク,ディスク,3,サイズ:φ220<br>スプライン径:26.0<br>歯数:24,,,28500,1100
ホンダ,シビック,EP3,2001/12～2005/9,K20A,,ディスク＋カバー,39469,,292964,322-022-F-qq-e-f1-331k,4996338080240,322 022 F,CUSCO,カッパーシングルディスクセット,カッパーシングルディスク,ディスク＋カバー,2,サイズ:φ215<br>スプライン径:26.0<br>歯数:24<br>圧着力:7100/725(N/kgf),カッパーシングルディスク&クスコクラッチカバー,,54100,0
ホンダ,シビック,EP3,2001/12～2005/9,K20A,,ディスク,21558,,292898,00C-022-R322-qq-e-f1-332k,4996338084699,00C 022 R322,CUSCO,カッパーシングルディスク,カッパーシングルディスク,ディスク,3,サイズ:φ215<br>スプライン径:26.0<br>歯数:24,,,27400,1100
ホンダ,シビック,FD2,2007/3～2010/8,K20A,,ディスク＋カバー,39469,,292673,322-022-F-qq-e-f1-337k,4996338080240,322 022 F,CUSCO,カッパーシングルディスクセット,カッパーシングルディスク,ディスク＋カバー,2,サイズ:φ215<br>スプライン径:26.0<br>歯数:24<br>圧着力:7100/725(N/kgf),カッパーシングルディスク&クスコクラッチカバー,,54100,0
ホンダ,シビック,FD2,2007/3～2010/8,K20A,,ディスク,21558,,292542,00C-022-R322-qq-e-f1-338k,4996338084699,00C 022 R322,CUSCO,カッパーシングルディスク,カッパーシングルディスク,ディスク,3,サイズ:φ215<br>スプライン径:26.0<br>歯数:24,,,27400,1100
ホンダ,シビック,FK8,2017/9～,K20C,,ディスク＋カバー,46348,,292680,3C4-022-F-qq-e-f1-343k,4996338085580,3C4 022 F,CUSCO,カッパーシングルディスクセット,カッパーシングルディスク,ディスク＋カバー,2,サイズ:φ240<br>スプライン径:26.0<br>歯数:24<br>圧着力:10300/1050(N/kgf),カッパーシングルディスク&クスコクラッチカバー,,63800,0
ホンダ,シビック,FK8,2017/9～,K20C,,ディスク,24824,,292548,00C-022-R3C4-qq-e-f1-344k,4996338085610,00C 022 R3C4,CUSCO,カッパーシングルディスク,カッパーシングルディスク,ディスク,3,サイズ:φ240<br>スプライン径:26.0<br>歯数:24,,,31800,1100
ホンダ,シビックハッチバック,FK7,2007/9～,L15C,,ディスク＋カバー,44930,,292973,3C3-022-F-qq-e-f1-348k,4996338085535,3C3 022 F,CUSCO,カッパーシングルディスクセット,カッパーシングルディスク,ディスク＋カバー,2,サイズ:φ230<br>スプライン径:26.0<br>歯数:24<br>圧着力:7300/744(N/kgf),カッパーシングルディスク&クスコクラッチカバー<br>クラッチディスクは全てダンパーレスタイプです。(純正フライホイールがダンパー内蔵仕様のため),,61800,0
ホンダ,シビックハッチバック,FK7,2007/9～,L15C,,ディスク,24082,,292547,00C-022-R3C3-qq-e-f1-349k,4996338085566,00C 022 R3C3,CUSCO,カッパーシングルディスク,カッパーシングルディスク,ディスク,3,サイズ:φ230<br>スプライン径:26.0<br>歯数:24,クラッチディスクは全てダンパーレスタイプです。(純正フライホイールがダンパー内蔵仕様のため),,30800,1100
ホンダ,フィット,GD3,2004/6～2007/9,L15A,,ディスク＋カバー,38122,,292677,369-022-F-qq-e-f1-353k,4996338080752,369 022 F,CUSCO,カッパーシングルディスクセット,カッパーシングルディスク,ディスク＋カバー,2,サイズ:φ190<br>スプライン径:22.0<br>歯数:20<br>圧着力:5600/570(N/kgf),カッパーシングルディスク&クスコクラッチカバー,,52200,0
ホンダ,フィット,GD3,2004/6～2007/9,L15A,,ディスク,21558,,292543,00C-022-R369-qq-e-f1-354k,4996338084729,00C 022 R369,CUSCO,カッパーシングルディスク,カッパーシングルディスク,ディスク,3,サイズ:φ190<br>スプライン径:22.0<br>歯数:20,,,27400,1100
ホンダ,フィット,GE8,2007/10～2013/9,L15A,5MT車/6MT車,ディスク＋カバー,38122,,292970,386-022-F-qq-e-f1-358k,4996338080820,386 022 F,CUSCO,カッパーシングルディスクセット,カッパーシングルディスク,ディスク＋カバー,2,サイズ:φ190<br>スプライン径:22.0<br>歯数:20<br>圧着力:5600/570(N/kgf),カッパーシングルディスク&クスコクラッチカバー,,52200,0
ホンダ,フィット,GE8,2007/10～2013/9,L15A,5MT車/6MT車,ディスク,21558,,292544,00C-022-R369-qq-e-f1-359k,4996338084729,00C 022 R369,CUSCO,カッパーシングルディスク,カッパーシングルディスク,ディスク,3,サイズ:φ190<br>スプライン径:22.0<br>歯数:20,,,27400,1100
ホンダ,フィット,GK5,2013/9～,,6MT車,ディスク＋カバー,38122,,292971,386-022-F-qq-e-f1-363k,4996338080820,386 022 F,CUSCO,カッパーシングルディスクセット,カッパーシングルディスク,ディスク＋カバー,2,サイズ:φ190<br>スプライン径:22.0<br>歯数:20<br>圧着力:5600/570(N/kgf),カッパーシングルディスク&クスコクラッチカバー,,52200,0
ホンダ,フィット,GK5,2013/9～,,6MT車,ディスク,21558,,292545,00C-022-R369-qq-e-f1-364k,4996338084729,00C 022 R369,CUSCO,カッパーシングルディスク,カッパーシングルディスク,ディスク,3,サイズ:φ190<br>スプライン径:22.0<br>歯数:20,,,27400,1100
マツダ,RX-7,FC3S,1985/9～1991/12,13BT,,ディスク,23933,,292553,00C-022-R420-qq-e-f1-368k,4996338084170,00C 022 R420,CUSCO,カッパーシングルディスク,カッパーシングルディスク,ディスク,3,サイズ:φ240<br>スプライン径:26.2<br>歯数:23,,,30600,1100
マツダ,RX-7,FD3S,1991/12～2002/8,13B-REW,,ディスク＋カバー,44362,,292974,422-022-F-qq-e-f1-371k,4996338080486,422 022 F,CUSCO,カッパーシングルディスクセット,カッパーシングルディスク,ディスク＋カバー,2,サイズ:φ240<br>スプライン径:26.2<br>歯数:23<br>圧着力:9300/950(N/kgf),カッパーシングルディスク&クスコクラッチカバー,,61000,0
マツダ,RX-7,FD3S,1991/12～2002/8,13B-REW,,ディスク,23933,,292554,00C-022-R420-qq-e-f1-372k,4996338084170,00C 022 R420,CUSCO,カッパーシングルディスク,カッパーシングルディスク,ディスク,3,サイズ:φ240<br>スプライン径:26.2<br>歯数:23,,,30600,1100
マツダ,RX-8,SE3P,2003/4～2013/4,13B-MSP,6MT車(5MT車不可),ディスク＋カバー,40817,,292978,460-022-F-qq-e-f1-376k,4996338080516,460 022 F,CUSCO,カッパーシングルディスクセット,カッパーシングルディスク,ディスク＋カバー,2,サイズ:φ236<br>スプライン径:26.247<br>歯数:23<br>圧着力:8900/910(N/kgf),カッパーシングルディスク&クスコクラッチカバー,,56000,0
マツダ,RX-8,SE3P,2003/4～2013/4,13B-MSP,6MT車(5MT車不可),ディスク,21558,,292557,00C-022-R460-qq-e-f1-377k,4996338080615,00C 022 R460,CUSCO,カッパーシングルディスク,カッパーシングルディスク,ディスク,3,サイズ:φ236<br>スプライン径:26.247<br>歯数:23,,,27400,1100
マツダ,デミオ,DE3FS/DE5FS,2007/7～2014/9,Zj-VE/ZY-VE,,ディスク＋カバー,38122,,292977,438-022-F-qq-e-f1-379k,4996338080806,438 022 F,CUSCO,カッパーシングルディスクセット,カッパーシングルディスク,ディスク＋カバー,2,サイズ:φ190<br>スプライン径:22.0<br>歯数:20<br>圧着力:5250/540(N/kgf),カッパーシングルディスク&クスコクラッチカバー,,52200,0
マツダ,デミオ,DE3FS/DE5FS,2007/7～2014/9,Zj-VE/ZY-VE,,ディスク,21558,,292556,00C-022-R438-qq-e-f1-380k,4996338080776,00C 022 R438,CUSCO,カッパーシングルディスク,カッパーシングルディスク,ディスク,3,サイズ:φ190<br>スプライン径:22.0<br>歯数:20,,,27400,1100
マツダ,ロードスター,NA6CE,1989/9～1998/1,B6,,ディスク＋カバー,33938,,292682,404-022-F-qq-e-f1-385k,4996338080448,404 022 F,CUSCO,カッパーシングルディスクセット,カッパーシングルディスク,ディスク＋カバー,2,サイズ:φ200<br>スプライン径:24.3<br>歯数:22<br>圧着力:5200/530(N/kgf),カッパーシングルディスク&クスコクラッチカバー,,46300,0
マツダ,ロードスター,NA6CE,1989/9～1998/1,B6,,ディスク,19109,,292549,00C-022-R404-qq-e-f1-386k,4996338080592,00C 022 R404,CUSCO,カッパーシングルディスク,カッパーシングルディスク,ディスク,3,サイズ:φ200<br>スプライン径:24.3<br>歯数:22,,,24100,1100
マツダ,ロードスター,NA8C,1993/9～1998/1,BP-ZE,,ディスク＋カバー,38831,,292684,407-022-F-qq-e-f1-388k,4996338080462,407 022 F,CUSCO,カッパーシングルディスクセット,カッパーシングルディスク,ディスク＋カバー,2,サイズ:φ220<br>スプライン径:24.3<br>歯数:22<br>圧着力:5900/600(N/kgf),カッパーシングルディスク&クスコクラッチカバー,,53200,0
マツダ,ロードスター,NA8C,1993/9～1998/1,BP-ZE,,ディスク,23933,,292551,00C-022-R407-qq-e-f1-389k,4996338084408,00C 022 R407,CUSCO,カッパーシングルディスク,カッパーシングルディスク,ディスク,3,サイズ:φ220<br>スプライン径:24.3<br>歯数:22,,,30600,1100
マツダ,ロードスター,NB6C,1998/1～2005/8,B6,,ディスク＋カバー,33938,,292683,404-022-F-qq-e-f1-391k,4996338080448,404 022 F,CUSCO,カッパーシングルディスクセット,カッパーシングルディスク,ディスク＋カバー,2,サイズ:φ200<br>スプライン径:24.3<br>歯数:22<br>圧着力:5200/530(N/kgf),カッパーシングルディスク&クスコクラッチカバー,,46300,0
マツダ,ロードスター,NB6C,1998/1～2005/8,B6,,ディスク,19109,,292899,00C-022-R404-qq-e-f1-392k,4996338080592,00C 022 R404,CUSCO,カッパーシングルディスク,カッパーシングルディスク,ディスク,3,サイズ:φ200<br>スプライン径:24.3<br>歯数:22,,,24100,1100
マツダ,ロードスター,NB8C,1998/1～2005/8,BP-ZE,,ディスク＋カバー,38831,,292685,407-022-F-qq-e-f1-394k,4996338080462,407 022 F,CUSCO,カッパーシングルディスクセット,カッパーシングルディスク,ディスク＋カバー,2,サイズ:φ220<br>スプライン径:24.3<br>歯数:22<br>圧着力:5900/600(N/kgf),カッパーシングルディスク&クスコクラッチカバー,,53200,0
マツダ,ロードスター,NB8C,1998/1～2005/8,BP-ZE,,ディスク,23933,,292552,00C-022-R407-qq-e-f1-395k,4996338084408,00C 022 R407,CUSCO,カッパーシングルディスク,カッパーシングルディスク,ディスク,3,サイズ:φ220<br>スプライン径:24.3<br>歯数:22,,,30600,1100
マツダ,ロードスター,NCEC,2005/8～2015/5,LF-VE,5MT車,ディスク,23933,,292900,00C-022-R407-qq-e-f1-399k,4996338084408,00C 022 R407,CUSCO,カッパーシングルディスク,カッパーシングルディスク,ディスク,3,サイズ:φ220<br>スプライン径:24.3<br>歯数:22,,,30600,1100
マツダ,ロードスター,NCEC,2005/8～2015/5,LF-VE,6MT車,ディスク,19109,,292555,00C-022-R428-qq-e-f1-398k,4996338080585,00C 022 R428,CUSCO,カッパーシングルディスク,カッパーシングルディスク,ディスク,3,サイズ:φ215<br>スプライン径:26.247<br>歯数:23,,,24100,1100
マツダ,ロードスター,NCEC,2005/8～2015/5,LF-VE,6MT車(5MT車不可),ディスク＋カバー,34647,,292687,428-022-F-qq-e-f1-397k,4996338080431,428 022 F,CUSCO,カッパーシングルディスクセット,カッパーシングルディスク,ディスク＋カバー,2,サイズ:φ215<br>スプライン径:26.247<br>歯数:23<br>圧着力:6600/670(N/kgf),カッパーシングルディスク&クスコクラッチカバー,,47300,0
マツダ,ロードスター,ND5RC,2015/5～,P5-VP/P5-VPR,NR-A含む,ディスク＋カバー,37838,,292976,429-022-F-qq-e-f1-401k,4996338080974,429 022 F,CUSCO,カッパーシングルディスクセット,カッパーシングルディスク,ディスク＋カバー,2,サイズ:φ200<br>スプライン径:24.3<br>歯数:22<br>圧着力:6050/620(N/kgf),カッパーシングルディスク&クスコクラッチカバー,,51800,0
マツダ,ロードスター,ND5RC,2015/5～,P5-VP/P5-VPR,NR-A含む,ディスク,19109,,292550,00C-022-R404-qq-e-f1-402k,4996338080592,00C 022 R404,CUSCO,カッパーシングルディスク,カッパーシングルディスク,ディスク,3,サイズ:φ200<br>スプライン径:24.3<br>歯数:22,,クスコクラッチカバーとのセット使用に限る,24100,1100
三菱,FTO,DE3A,1994/10～2000/9,6A12,,ディスク＋カバー,38831,,292691,510-022-F-qq-e-f1-407k,4996338080417,510 022 F,CUSCO,カッパーシングルディスクセット,カッパーシングルディスク,ディスク＋カバー,2,サイズ:φ225<br>スプライン径:22.4<br>歯数:20<br>圧着力:8600/880(N/kgf),カッパーシングルディスク&クスコクラッチカバー,,53200,0
三菱,FTO,DE3A,1994/10～2000/9,6A12,,ディスク,23933,,292901,00C-022-R510-qq-e-f1-408k,4996338084156,00C 022 R510,CUSCO,カッパーシングルディスク,カッパーシングルディスク,ディスク,3,サイズ:φ225<br>スプライン径:22.4<br>歯数:20,,,30600,1100
三菱,ギャラン,E38/E39,1987/8～1992/4,4G63T,,ディスク＋カバー,38831,,292692,510-022-F-qq-e-f1-413k,4996338080417,510 022 F,CUSCO,カッパーシングルディスクセット,カッパーシングルディスク,ディスク＋カバー,2,サイズ:φ225<br>スプライン径:22.4<br>歯数:20<br>圧着力:8600/880(N/kgf),カッパーシングルディスク&クスコクラッチカバー,,53200,0
三菱,ギャラン,E38/E39,1987/8～1992/4,4G63T,,ディスク,23933,,292558,00C-022-R510-qq-e-f1-414k,4996338084156,00C 022 R510,CUSCO,カッパーシングルディスク,カッパーシングルディスク,ディスク,3,サイズ:φ225<br>スプライン径:22.4<br>歯数:20,,,30600,1100
三菱,ミラージュ,C53/C73,1987/9～1991/10,4G61T,160ps,ディスク＋カバー,38831,,292979,510-022-F-qq-e-f1-419k,4996338080417,510 022 F,CUSCO,カッパーシングルディスクセット,カッパーシングルディスク,ディスク＋カバー,2,サイズ:φ225<br>スプライン径:22.4<br>歯数:20<br>圧着力:8600/880(N/kgf),カッパーシングルディスク&クスコクラッチカバー,,53200,0
三菱,ミラージュ,C53/C73,1987/9～1991/10,4G61T,160ps,ディスク,23933,,292559,00C-022-R510-qq-e-f1-420k,4996338084156,00C 022 R510,CUSCO,カッパーシングルディスク,カッパーシングルディスク,ディスク,3,サイズ:φ225<br>スプライン径:22.4<br>歯数:20,,,30600,1100
三菱,ミラージュ,CA4A/CB4A/CC4A,1991/10～1995/10,4G92,MIVEC含む,ディスク,21558,,292561,00C-022-R550-qq-e-f1-425k,4996338084682,00C 022 R550,CUSCO,カッパーシングルディスク,カッパーシングルディスク,ディスク,3,サイズ:φ215<br>スプライン径:22.4<br>歯数:20,,純正カバー使用不可,27400,1100
三菱,ミラージュ,CJ4A,1995/10～2000/6,4G92,MIVEC,ディスク,21558,,292903,00C-022-R550-qq-e-f1-428k,4996338084682,00C 022 R550,CUSCO,カッパーシングルディスク,カッパーシングルディスク,ディスク,3,サイズ:φ215<br>スプライン径:22.4<br>歯数:20,,純正カバー使用不可,27400,1100
三菱,ミラージュ・アスティ,CA4A,1994/1～1996/1,4G92,MIVEC,ディスク,21558,,292562,00C-022-R550-qq-e-f1-431k,4996338084682,00C 022 R550,CUSCO,カッパーシングルディスク,カッパーシングルディスク,ディスク,3,サイズ:φ215<br>スプライン径:22.4<br>歯数:20,,純正カバー使用不可,27400,1100
三菱,ミラージュ・アスティ,CJ4A,1996/1～2000/10,4G92,MIVEC,ディスク,21558,,292904,00C-022-R550-qq-e-f1-434k,4996338084682,00C 022 R550,CUSCO,カッパーシングルディスク,カッパーシングルディスク,ディスク,3,サイズ:φ215<br>スプライン径:22.4<br>歯数:20,,,27400,1100
三菱,ランサー,CD5A,1991/10～1995/10,4G93,,ディスク＋カバー,38831,,292980,510-022-F-qq-e-f1-437k,4996338080417,510 022 F,CUSCO,カッパーシングルディスクセット,カッパーシングルディスク,ディスク＋カバー,2,サイズ:φ225<br>スプライン径:22.4<br>歯数:20<br>圧着力:8600/880(N/kgf),カッパーシングルディスク&クスコクラッチカバー,,53200,0
三菱,ランサー,CD5A,1991/10～1995/10,4G93,,ディスク,23933,,292560,00C-022-R510-qq-e-f1-438k,4996338084156,00C 022 R510,CUSCO,カッパーシングルディスク,カッパーシングルディスク,ディスク,3,サイズ:φ225<br>スプライン径:22.4<br>歯数:20,,,30600,1100
三菱,ランサー,CK4A,1994/10～2000/9,4G92,MIVEC,ディスク,21558,,292563,00C-022-R550-qq-e-f1-443k,4996338084682,00C 022 R550,CUSCO,カッパーシングルディスク,カッパーシングルディスク,ディスク,3,サイズ:φ215<br>スプライン径:22.4<br>歯数:20,,純正カバー使用不可,27400,1100
三菱,ランサーエボリューション/II/III,CD9A/CE9A,1992/10～1996/7,4G63T,,ディスク＋カバー,38831,,292693,510-022-F-qq-e-f1-446k,4996338080417,510 022 F,CUSCO,カッパーシングルディスクセット,カッパーシングルディスク,ディスク＋カバー,2,サイズ:φ225<br>スプライン径:22.4<br>歯数:20<br>圧着力:8600/880(N/kgf),カッパーシングルディスク&クスコクラッチカバー,,53200,0
三菱,ランサーエボリューション/II/III,CD9A/CE9A,1992/10～1996/7,4G63T,,ディスク,23933,,292902,00C-022-R510-qq-e-f1-447k,4996338084156,00C 022 R510,CUSCO,カッパーシングルディスク,カッパーシングルディスク,ディスク,3,サイズ:φ225<br>スプライン径:22.4<br>歯数:20,,,30600,1100
三菱,ランサーエボリューションIV/V/VI,CN9A/CP9A,1996/8～2001/1,4G63T,Evo6 トミ・マキネンエディション含む,ディスク＋カバー,42944,,292705,560-022-F-qq-e-f1-451k,4996338080394,560 022 F,CUSCO,カッパーシングルディスクセット,カッパーシングルディスク,ディスク＋カバー,2,サイズ:φ230<br>スプライン径:26.1<br>歯数:23<br>圧着力:10300/1050(N/kgf),カッパーシングルディスク&クスコクラッチカバー,,59000,0
三菱,ランサーエボリューションIV/V/VI,CN9A/CP9A,1996/8～2001/1,4G63T,Evo6 トミ・マキネンエディション含む,ディスク＋カバー,45072,,292710,562-022-F-qq-e-f1-452k,4996338080653,562 022 F,CUSCO,カッパー高圧着セット,カッパーシングルディスク,ディスク＋カバー,2,サイズ:φ230<br>スプライン径:26.1<br>歯数:23<br>圧着力:11800/1200(N/kgf),カッパーシングルディスク&クスコ高圧着クラッチカバー,,62000,0
三菱,ランサーエボリューションIV/V/VI,CN9A/CP9A,1996/8～2001/1,4G63T,Evo6 トミ・マキネンエディション含む,ディスク,22375,,292564,00C-022-R560-qq-e-f1-453k,4996338084163,00C 022 R560,CUSCO,カッパーシングルディスク,カッパーシングルディスク,ディスク,3,サイズ:φ230<br>スプライン径:26.1<br>歯数:23,,,28500,1100
三菱,ランサーエボリューションVII/VIII/IX,CT9A,2001/2～2007/1,4G63T,5MT/6MT,ディスク＋カバー,46418,,292712,565-022-F-qq-e-f1-462k,4996338080370,565 022 F,CUSCO,カッパーシングルディスクセット,カッパーシングルディスク,ディスク＋カバー,2,サイズ:φ240<br>スプライン径:26.1<br>歯数:23<br>圧着力:13400/1360(N/kgf),カッパーシングルディスク&クスコクラッチカバー,,63900,0
三菱,ランサーエボリューションVII/VIII/IX,CT9A,2001/2～2007/1,4G63T,5MT/6MT,ディスク,23933,,292905,00C-022-R565-qq-e-f1-463k,4996338084224,00C 022 R565,CUSCO,カッパーシングルディスク,カッパーシングルディスク,ディスク,3,サイズ:φ240<br>スプライン径:26.1<br>歯数:23,,,30600,1100
三菱,ランサーエボリューションX,CZ4A,2007/10～2015/9,4B11,5MT車,ディスク＋カバー,46418,,292713,565-022-F-qq-e-f1-471k,4996338080370,565 022 F,CUSCO,カッパーシングルディスクセット,カッパーシングルディスク,ディスク＋カバー,2,サイズ:φ240<br>スプライン径:26.1<br>歯数:23<br>圧着力:13400/1360(N/kgf),カッパーシングルディスク&クスコクラッチカバー<br>2008年3月以前の車両はクラッチカバー取付けボルト(三菱純正MU001438×6本)の交換が必要です。,,63900,0
三菱,ランサーエボリューションX,CZ4A,2007/10～2015/9,4B11,5MT車,ディスク,23933,,292565,00C-022-R565-qq-e-f1-472k,4996338084224,00C 022 R565,CUSCO,カッパーシングルディスク,カッパーシングルディスク,ディスク,3,サイズ:φ240<br>スプライン径:26.1<br>歯数:23,,,30600,1100
三菱,ランサーエボリューションワゴン,CT9W,2005/9～2006/10,4G63T,,ディスク＋カバー,46418,,292714,565-022-F-qq-e-f1-477k,4996338080370,565 022 F,CUSCO,カッパーシングルディスクセット,カッパーシングルディスク,ディスク＋カバー,2,サイズ:φ240<br>スプライン径:26.1<br>歯数:23<br>圧着力:13400/1360(N/kgf),カッパーシングルディスク&クスコクラッチカバー,,63900,0
三菱,ランサーエボリューションワゴン,CT9W,2005/9～2006/10,4G63T,,ディスク,23933,,292906,00C-022-R565-qq-e-f1-478k,4996338084224,00C 022 R565,CUSCO,カッパーシングルディスク,カッパーシングルディスク,ディスク,3,サイズ:φ240<br>スプライン径:26.1<br>歯数:23,,,30600,1100
