自動車メーカー,車種,型式,適合詳細,H/S,シートタイプ,販売価格,Camp価格,商品ID,物販コード,取付コード,メーカー品番,メーカー名,商品名,商品名DB,スプリングタイプ,アッパーマウント(F/R),スプリングレート(F/R),仕様,備考,注意事項,定価,SET価格
スバル,BRZ,ZC6,,,,308700,,259664,ZS741SF3R2-qq-e-398k,ZS741SF3R2-qq-e-d-398k,ZS741SF3R2,ENDLESS,ZEAL SUPER FUNCTION,ZEAL SUPER FUNCTION,X COILS R,調整式ピロ/固定式ピロ,ID60-152-10K/ID60-152-10K+FELzS130,全長調整式<br>減衰20段調整<br>オーバーホールOK<br>リザーブタンク追加可能<br>単筒正立式(ストラットタイプは単筒倒立式)<br>アルミシェルケース(ストラットタイプはスチールシェルケース),,,343000,272250
スバル,WRX STI,VAB,,,,313200,,259659,ZS709SF3R-qq-e-393k,ZS709SF3R-qq-e-d-393k,ZS709SF3R,ENDLESS,ZEAL SUPER FUNCTION,ZEAL SUPER FUNCTION,X COILS R,調整式ピロ/固定式ピロ,ID65-152-16K+FELzS150/ID65-152-10K+FELzS100,全長調整式<br>減衰20段調整<br>オーバーホールOK<br>リザーブタンク追加可能<br>単筒正立式(ストラットタイプは単筒倒立式)<br>アルミシェルケース(ストラットタイプはスチールシェルケース),,,348000,279000
スバル,インプレッサ,GC8,,,,292500,,259613,ZS701SF3R-qq-e-347k,ZS701SF3R-qq-e-d-347k,ZS701SF3R,ENDLESS,ZEAL SUPER FUNCTION,ZEAL SUPER FUNCTION,X COILS R,調整式ピロ/調整式ピロ,ID60-178-10K/ID60-203-8K+FELzS130,全長調整式<br>減衰20段調整<br>オーバーホールOK<br>リザーブタンク追加可能<br>単筒正立式(ストラットタイプは単筒倒立式)<br>アルミシェルケース(ストラットタイプはスチールシェルケース),,,325000,261750
スバル,インプレッサ,GDB,アプライドA/B/C/D,,,292500,,259620,ZS703SF3R-qq-e-354k,ZS703SF3R-qq-e-d-354k,ZS703SF3R,ENDLESS,ZEAL SUPER FUNCTION,ZEAL SUPER FUNCTION,X COILS R,調整式ピロ/調整式ピロ,ID60-203-12K/ID60-203-10K,全長調整式<br>減衰20段調整<br>オーバーホールOK<br>リザーブタンク追加可能<br>単筒正立式(ストラットタイプは単筒倒立式)<br>アルミシェルケース(ストラットタイプはスチールシェルケース),,,325000,261750
スバル,インプレッサ,GDB,アプライドE/F/G,,,292500,,259627,ZS705SF3R-qq-e-361k,ZS705SF3R-qq-e-d-361k,ZS705SF3R,ENDLESS,ZEAL SUPER FUNCTION,ZEAL SUPER FUNCTION,X COILS R,調整式ピロ/調整式ピロ,ID60-203-12K/ID60-203-10K,全長調整式<br>減衰20段調整<br>オーバーホールOK<br>リザーブタンク追加可能<br>単筒正立式(ストラットタイプは単筒倒立式)<br>アルミシェルケース(ストラットタイプはスチールシェルケース),,,325000,261750
スバル,インプレッサ,GRB,アプライドA/B,,,292500,,259634,ZS706SF3R-qq-e-368k,ZS706SF3R-qq-e-d-368k,ZS706SF3R,ENDLESS,ZEAL SUPER FUNCTION,ZEAL SUPER FUNCTION,X COILS R,調整式ピロ/固定式ピロ,ID60-178-14K/ID60-178-14K,全長調整式<br>減衰20段調整<br>オーバーホールOK<br>リザーブタンク追加可能<br>単筒正立式(ストラットタイプは単筒倒立式)<br>アルミシェルケース(ストラットタイプはスチールシェルケース),,,325000,261750
スバル,インプレッサ,GRB,アプライドC,,,292500,,259641,ZS707SF3R-qq-e-375k,ZS707SF3R-qq-e-d-375k,ZS707SF3R,ENDLESS,ZEAL SUPER FUNCTION,ZEAL SUPER FUNCTION,X COILS R,調整式ピロ/固定式ピロ,ID60-178-14K/ID60-178-14K,全長調整式<br>減衰20段調整<br>オーバーホールOK<br>リザーブタンク追加可能<br>単筒正立式(ストラットタイプは単筒倒立式)<br>アルミシェルケース(ストラットタイプはスチールシェルケース),,,325000,261750
スバル,インプレッサ,GVB,,,,292500,,259648,ZS708SF3R-qq-e-382k,ZS708SF3R-qq-e-d-382k,ZS708SF3R,ENDLESS,ZEAL SUPER FUNCTION,ZEAL SUPER FUNCTION,X COILS R,調整式ピロ/固定式ピロ,ID60-178-14K/ID60-178-14K,全長調整式<br>減衰20段調整<br>オーバーホールOK<br>リザーブタンク追加可能<br>単筒正立式(ストラットタイプは単筒倒立式)<br>アルミシェルケース(ストラットタイプはスチールシェルケース),,,325000,261750
トヨタ,86,ZN6,,,,308700,,259308,ZS242SF3R2-qq-e-42k,ZS242SF3R2-qq-e-d-42k,ZS242SF3R2,ENDLESS,ZEAL SUPER FUNCTION,ZEAL SUPER FUNCTION,X COILS R,調整式ピロ/固定式ピロ,ID60-152-10K/ID60-152-10K+FELzS130,全長調整式<br>減衰20段調整<br>オーバーホールOK<br>リザーブタンク追加可能<br>単筒正立式(ストラットタイプは単筒倒立式)<br>アルミシェルケース(ストラットタイプはスチールシェルケース),ターンバックル調整式スタビリンクロッドが付属,,343000,272250
トヨタ,MR-S,ZZW30,,,,306000,,259289,ZS281SF3R-qq-e-23k,ZS281SF3R-qq-e-d-23k,ZS281SF3R,ENDLESS,ZEAL SUPER FUNCTION,ZEAL SUPER FUNCTION,X COILS R,調整式ピロ/調整式ピロ,ID60-178-6K/ID60-203-7K,全長調整式<br>減衰20段調整<br>オーバーホールOK<br>リザーブタンク追加可能<br>単筒正立式(ストラットタイプは単筒倒立式)<br>アルミシェルケース(ストラットタイプはスチールシェルケース),,,340000,270000
トヨタ,アリスト,JZS161,,,,292500,,259275,ZS261SF3R-qq-e-9k,ZS261SF3R-qq-e-d-9k,ZS261SF3R,ENDLESS,ZEAL SUPER FUNCTION,ZEAL SUPER FUNCTION,X COILS R,固定式ピロ/固定式ピロ,ID60-178-22K/ID60-203-20K,全長調整式<br>減衰20段調整<br>オーバーホールOK<br>リザーブタンク追加可能<br>単筒正立式(ストラットタイプは単筒倒立式)<br>アルミシェルケース(ストラットタイプはスチールシェルケース),,,325000,258750
トヨタ,アルテッツァ,SXE10,,,,292500,,259282,ZS241SF3R-qq-e-16k,ZS241SF3R-qq-e-d-16k,ZS241SF3R,ENDLESS,ZEAL SUPER FUNCTION,ZEAL SUPER FUNCTION,X COILS R,固定式ピロ/固定式ピロ,ID60-178-20K/ID60-203-18K,全長調整式<br>減衰20段調整<br>オーバーホールOK<br>リザーブタンク追加可能<br>単筒正立式(ストラットタイプは単筒倒立式)<br>アルミシェルケース(ストラットタイプはスチールシェルケース),,,325000,258750
トヨタ,スープラ,JZA80,REAS車対応不可(装着は可能),,,292500,,259298,ZS201SF3R-qq-e-32k,ZS201SF3R-qq-e-d-32k,ZS201SF3R,ENDLESS,ZEAL SUPER FUNCTION,ZEAL SUPER FUNCTION,X COILS R,固定式ピロ/固定式ピロ,ID60-178-21K/ID60-203-16K,全長調整式<br>減衰20段調整<br>オーバーホールOK<br>リザーブタンク追加可能<br>単筒正立式(ストラットタイプは単筒倒立式)<br>アルミシェルケース(ストラットタイプはスチールシェルケース),,,325000,258750
トヨタ,ソアラ,JZZ30,,,,292500,,259303,ZS202SF3R-qq-e-37k,ZS202SF3R-qq-e-d-37k,ZS202SF3R,ENDLESS,ZEAL SUPER FUNCTION,ZEAL SUPER FUNCTION,X COILS R,固定式ピロ/固定式ピロ,ID60-178-22K/ID60-203-18K,全長調整式<br>減衰20段調整<br>オーバーホールOK<br>リザーブタンク追加可能<br>単筒正立式(ストラットタイプは単筒倒立式)<br>アルミシェルケース(ストラットタイプはスチールシェルケース),ターンバックル調整式スタビリンクロッドが付属,,325000,258750
トヨタ,マークII,JZX100,,,,289800,,259317,ZS212SF3R-qq-e-51k,ZS212SF3R-qq-e-d-51k,ZS212SF3R,ENDLESS,ZEAL SUPER FUNCTION,ZEAL SUPER FUNCTION,X COILS R,固定式ピロ/固定式ピロ,ID60-178-18K/ID60-203-14K,全長調整式<br>減衰20段調整<br>オーバーホールOK<br>リザーブタンク追加可能<br>単筒正立式(ストラットタイプは単筒倒立式)<br>アルミシェルケース(ストラットタイプはスチールシェルケース),,,322000,256500
トヨタ,マークII,JZX110,,,,292500,,259324,ZS213SF3R-qq-e-58k,ZS213SF3R-qq-e-d-58k,ZS213SF3R,ENDLESS,ZEAL SUPER FUNCTION,ZEAL SUPER FUNCTION,X COILS R,固定式ピロ/固定式ピロ,ID60-178-22K/ID60-203-18K,全長調整式<br>減衰20段調整<br>オーバーホールOK<br>リザーブタンク追加可能<br>単筒正立式(ストラットタイプは単筒倒立式)<br>アルミシェルケース(ストラットタイプはスチールシェルケース),,,325000,258750
日産,180SX,RPS13,,,,289800,,259474,ZS111SF3R-qq-e-208k,ZS111SF3R-qq-e-d-208k,ZS111SF3R,ENDLESS,ZEAL SUPER FUNCTION,ZEAL SUPER FUNCTION,X COILS R,調整式ピロ/固定式ピロ,ID60-152-10K/ID60-178-8K,全長調整式<br>減衰20段調整<br>オーバーホールOK<br>リザーブタンク追加可能<br>単筒正立式(ストラットタイプは単筒倒立式)<br>アルミシェルケース(ストラットタイプはスチールシェルケース),,,322000,256500
日産,シルビア,S13,,,,289800,,259381,ZS111SF3R-qq-e-115k,ZS111SF3R-qq-e-d-115k,ZS111SF3R,ENDLESS,ZEAL SUPER FUNCTION,ZEAL SUPER FUNCTION,X COILS R,調整式ピロ/固定式ピロ,ID60-152-10K/ID60-178-8K,全長調整式<br>減衰20段調整<br>オーバーホールOK<br>リザーブタンク追加可能<br>単筒正立式(ストラットタイプは単筒倒立式)<br>アルミシェルケース(ストラットタイプはスチールシェルケース),,,322000,256500
日産,シルビア,S14,,,,297000,,259384,ZS112SF3R-qq-e-118k,ZS112SF3R-qq-e-d-118k,ZS112SF3R,ENDLESS,ZEAL SUPER FUNCTION,ZEAL SUPER FUNCTION,X COILS R,調整式ピロ/固定式ピロ,ID60-178-10K/ID60-203-8K+FELzS130,全長調整式<br>減衰20段調整<br>オーバーホールOK<br>リザーブタンク追加可能<br>単筒正立式(ストラットタイプは単筒倒立式)<br>アルミシェルケース(ストラットタイプはスチールシェルケース),リアは減衰調整用ケーブルが付属,,330000,262500
日産,シルビア,S15,,,,297000,,259391,ZS113SF3R-qq-e-125k,ZS113SF3R-qq-e-d-125k,ZS113SF3R,ENDLESS,ZEAL SUPER FUNCTION,ZEAL SUPER FUNCTION,X COILS R,調整式ピロ/固定式ピロ,ID60-178-10K/ID60-203-8K+FELzS130,全長調整式<br>減衰20段調整<br>オーバーホールOK<br>リザーブタンク追加可能<br>単筒正立式(ストラットタイプは単筒倒立式)<br>アルミシェルケース(ストラットタイプはスチールシェルケース),リアは減衰調整用ケーブルが付属,,330000,262500
日産,スカイライン,CPV35,,,,301500,,259430,ZS107SF3R-qq-e-164k,ZS107SF3R-qq-e-d-164k,ZS107SF3R,ENDLESS,ZEAL SUPER FUNCTION,ZEAL SUPER FUNCTION,X COILS R,固定式ピロ/固定式ピロ,ID60-178-16K/専用-18K,全長調整式<br>減衰20段調整<br>オーバーホールOK<br>リザーブタンク追加可能<br>単筒正立式(ストラットタイプは単筒倒立式)<br>アルミシェルケース(ストラットタイプはスチールシェルケース),,リアスプリングは専用品(スプリングレートの変更及びご指定はX COILS及びXCOILS Rの専用スプリングの中からお選びください),335000,266250
日産,スカイライン,ECR33,,,,294300,,259404,ZS104SF3R-qq-e-138k,ZS104SF3R-qq-e-d-138k,ZS104SF3R,ENDLESS,ZEAL SUPER FUNCTION,ZEAL SUPER FUNCTION,X COILS R,固定式ピロ/固定式ピロ,ID60-178-14K/ID60-203-12K+FELzS130,全長調整式<br>減衰20段調整<br>オーバーホールOK<br>リザーブタンク追加可能<br>単筒正立式(ストラットタイプは単筒倒立式)<br>アルミシェルケース(ストラットタイプはスチールシェルケース),リアは減衰調整用ケーブルが付属,,327000,260250
日産,スカイライン,ER34,,,,294300,,259418,ZS106SF3R-qq-e-152k,ZS106SF3R-qq-e-d-152k,ZS106SF3R,ENDLESS,ZEAL SUPER FUNCTION,ZEAL SUPER FUNCTION,X COILS R,固定式ピロ/固定式ピロ,ID60-178-14K/ID60-203-12K+FELzS130,全長調整式<br>減衰20段調整<br>オーバーホールOK<br>リザーブタンク追加可能<br>単筒正立式(ストラットタイプは単筒倒立式)<br>アルミシェルケース(ストラットタイプはスチールシェルケース),リアは減衰調整用ケーブルが付属,,327000,260250
日産,スカイライン,HCR32,,,,288000,,259394,ZS102SF3R-qq-e-128k,ZS102SF3R-qq-e-d-128k,ZS102SF3R,ENDLESS,ZEAL SUPER FUNCTION,ZEAL SUPER FUNCTION,X COILS R,固定式ピロ/固定式ピロ,ID60-178-14K/ID60-203-12K,全長調整式<br>減衰20段調整<br>オーバーホールOK<br>リザーブタンク追加可能<br>単筒正立式(ストラットタイプは単筒倒立式)<br>アルミシェルケース(ストラットタイプはスチールシェルケース),,寒冷地仕様車は、リアショックアブソーバー下側の取り付け形状が「コ」の字タイプですので、オーダー時にご指定ください,320000,255000
日産,スカイライン,NV36,,,,306000,,259440,ZS109SF3R-qq-e-174k,ZS109SF3R-qq-e-d-174k,ZS109SF3R,ENDLESS,ZEAL SUPER FUNCTION,ZEAL SUPER FUNCTION,X COILS R,固定式ピロ/固定式ピロ,ID60-178-16K/専用-18K,全長調整式<br>減衰20段調整<br>オーバーホールOK<br>リザーブタンク追加可能<br>単筒正立式(ストラットタイプは単筒倒立式)<br>アルミシェルケース(ストラットタイプはスチールシェルケース),,リアスプリングは専用品(スプリングレートの変更及びご指定はX COILS及びXCOILS Rの専用スプリングの中からお選びください),340000,270000
日産,スカイライン,V36/PV36,,,,306000,,259435,ZS108SF3R-qq-e-169k,ZS108SF3R-qq-e-d-169k,ZS108SF3R,ENDLESS,ZEAL SUPER FUNCTION,ZEAL SUPER FUNCTION,X COILS R,固定式ピロ/固定式ピロ,ID60-178-16K/専用-18K,全長調整式<br>減衰20段調整<br>オーバーホールOK<br>リザーブタンク追加可能<br>単筒正立式(ストラットタイプは単筒倒立式)<br>アルミシェルケース(ストラットタイプはスチールシェルケース),,リアスプリングは専用品(スプリングレートの変更及びご指定はX COILS及びXCOILS Rの専用スプリングの中からお選びください),340000,270000
日産,スカイラインGT-R,BCNR33,,,,294300,,259411,ZS103SF3R-qq-e-145k,ZS103SF3R-qq-e-d-145k,ZS103SF3R,ENDLESS,ZEAL SUPER FUNCTION,ZEAL SUPER FUNCTION,X COILS R,固定式ピロ/固定式ピロ,ID60-178-14K/ID60-203-12K+FELzS130,全長調整式<br>減衰20段調整<br>オーバーホールOK<br>リザーブタンク追加可能<br>単筒正立式(ストラットタイプは単筒倒立式)<br>アルミシェルケース(ストラットタイプはスチールシェルケース),リアは減衰調整用ケーブルが付属,,327000,260250
日産,スカイラインGT-R,BNR32,,,,288000,,259401,ZS101SF3R-qq-e-135k,ZS101SF3R-qq-e-d-135k,ZS101SF3R,ENDLESS,ZEAL SUPER FUNCTION,ZEAL SUPER FUNCTION,X COILS R,固定式ピロ/固定式ピロ,ID60-178-14K/ID60-203-12K,全長調整式<br>減衰20段調整<br>オーバーホールOK<br>リザーブタンク追加可能<br>単筒正立式(ストラットタイプは単筒倒立式)<br>アルミシェルケース(ストラットタイプはスチールシェルケース),,,320000,255000
日産,スカイラインGT-R,BNR34,,,,294300,,259425,ZS105SF3R-qq-e-159k,ZS105SF3R-qq-e-d-159k,ZS105SF3R,ENDLESS,ZEAL SUPER FUNCTION,ZEAL SUPER FUNCTION,X COILS R,固定式ピロ/固定式ピロ,ID60-178-14K/ID60-203-12K+FELzS130,全長調整式<br>減衰20段調整<br>オーバーホールOK<br>リザーブタンク追加可能<br>単筒正立式(ストラットタイプは単筒倒立式)<br>アルミシェルケース(ストラットタイプはスチールシェルケース),リアは減衰調整用ケーブルが付属,,327000,260250
日産,フェアレディZ,Z32,,,,288000,,259449,ZS121SF3R-qq-e-183k,ZS121SF3R-qq-e-d-183k,ZS121SF3R,ENDLESS,ZEAL SUPER FUNCTION,ZEAL SUPER FUNCTION,X COILS R,固定式ピロ/固定式ピロ,ID60-178-14K/ID60-203-12K,全長調整式<br>減衰20段調整<br>オーバーホールOK<br>リザーブタンク追加可能<br>単筒正立式(ストラットタイプは単筒倒立式)<br>アルミシェルケース(ストラットタイプはスチールシェルケース),,,320000,255000
日産,フェアレディZ,Z33,,,,301500,,259454,ZS122SF3R-qq-e-188k,ZS122SF3R-qq-e-d-188k,ZS122SF3R,ENDLESS,ZEAL SUPER FUNCTION,ZEAL SUPER FUNCTION,X COILS R,固定式ピロ/固定式ピロ,ID60-178-16K/専用-18K,全長調整式<br>減衰20段調整<br>オーバーホールOK<br>リザーブタンク追加可能<br>単筒正立式(ストラットタイプは単筒倒立式)<br>アルミシェルケース(ストラットタイプはスチールシェルケース),,リアスプリングは専用品(スプリングレートの変更及びご指定はX COILS及びXCOILS Rの専用スプリングの中からお選びください),335000,266250
日産,フェアレディZ,Z34,,,,317700,,259459,ZS123SF3R-qq-e-193k,ZS123SF3R-qq-e-d-193k,ZS123SF3R,ENDLESS,ZEAL SUPER FUNCTION,ZEAL SUPER FUNCTION,X COILS R,固定式ピロ/固定式ピロ,ID60-178-16K/専用-18K,全長調整式<br>減衰20段調整<br>オーバーホールOK<br>リザーブタンク追加可能<br>単筒正立式(ストラットタイプは単筒倒立式)<br>アルミシェルケース(ストラットタイプはスチールシェルケース),リアは専用減衰力調整ケーブルが付属,リアスプリングは専用品(スプリングレートの変更及びご指定はX COILS及びXCOILS Rの専用スプリングの中からお選びください),353000,279750
ホンダ,NSX,NA1,,,,292500,,259505,ZS561SF3R-qq-e-239k,ZS561SF3R-qq-e-d-239k,ZS561SF3R,ENDLESS,ZEAL SUPER FUNCTION,ZEAL SUPER FUNCTION,X COILS R,固定式ピロ/固定式ピロ,ID60-178-16K/ID60-178-18K,全長調整式<br>減衰20段調整<br>オーバーホールOK<br>リザーブタンク追加可能<br>単筒正立式(ストラットタイプは単筒倒立式)<br>アルミシェルケース(ストラットタイプはスチールシェルケース),,,325000,263750
ホンダ,S2000,AP1,,,,292500,,259498,ZS571SF3R-qq-e-232k,ZS571SF3R-qq-e-d-232k,ZS571SF3R,ENDLESS,ZEAL SUPER FUNCTION,ZEAL SUPER FUNCTION,X COILS R,固定式ピロ/固定式ピロ,ID60-152-16K/ID60-152-16K,全長調整式<br>減衰20段調整<br>オーバーホールOK<br>リザーブタンク追加可能<br>単筒正立式(ストラットタイプは単筒倒立式)<br>アルミシェルケース(ストラットタイプはスチールシェルケース),,,325000,258750
ホンダ,アコード,CL7,オートレベライザー装着車対応不可(車両への取付は可、レベライザーの装着は不可),,,280800,,259485,ZS523SF3R-qq-e-219k,ZS523SF3R-qq-e-d-219k,ZS523SF3R,ENDLESS,ZEAL SUPER FUNCTION,ZEAL SUPER FUNCTION,X COILS R,固定式ピロ/固定式ピロ,ID60-178-20K/ID60-206-16K,全長調整式<br>減衰20段調整<br>オーバーホールOK<br>リザーブタンク追加可能<br>単筒正立式(ストラットタイプは単筒倒立式)<br>アルミシェルケース(ストラットタイプはスチールシェルケース),,,312000,249000
ホンダ,インテグラ,DC2/DB8,,,,277200,,259488,ZS511SF3R-qq-e-222k,ZS511SF3R-qq-e-d-222k,ZS511SF3R,ENDLESS,ZEAL SUPER FUNCTION,ZEAL SUPER FUNCTION,X COILS R,固定式ピロ/固定式ピロ,ID60-152-20K/ID60-152-16K,全長調整式<br>減衰20段調整<br>オーバーホールOK<br>リザーブタンク追加可能<br>単筒正立式(ストラットタイプは単筒倒立式)<br>アルミシェルケース(ストラットタイプはスチールシェルケース),,,308000,246000
ホンダ,インテグラ,DC5,,,,295200,,259491,ZS512SF3R-qq-e-225k,ZS512SF3R-qq-e-d-225k,ZS512SF3R,ENDLESS,ZEAL SUPER FUNCTION,ZEAL SUPER FUNCTION,X COILS R,調整式ピロ/-,ID60-152-14K/ID65-152-20K,全長調整式<br>減衰20段調整<br>オーバーホールOK<br>リザーブタンク追加可能<br>単筒正立式(ストラットタイプは単筒倒立式)<br>アルミシェルケース(ストラットタイプはスチールシェルケース),リアアッパーマウント:純正アッパーマウント組込済み,,328000,261000
ホンダ,シビック,EF9,,,,277200,,259512,ZS501SF3R-qq-e-246k,ZS501SF3R-qq-e-d-246k,ZS501SF3R,ENDLESS,ZEAL SUPER FUNCTION,ZEAL SUPER FUNCTION,X COILS R,固定式ピロ/固定式ピロ,ID60-152-20K/ID60-152-16K,全長調整式<br>減衰20段調整<br>オーバーホールOK<br>リザーブタンク追加可能<br>単筒正立式(ストラットタイプは単筒倒立式)<br>アルミシェルケース(ストラットタイプはスチールシェルケース),,,308000,246000
ホンダ,シビック,EG6/EG9,,,,277200,,259515,ZS502SF3R-qq-e-249k,ZS502SF3R-qq-e-d-249k,ZS502SF3R,ENDLESS,ZEAL SUPER FUNCTION,ZEAL SUPER FUNCTION,X COILS R,固定式ピロ/固定式ピロ,ID60-152-20K/ID60-152-16K,全長調整式<br>減衰20段調整<br>オーバーホールOK<br>リザーブタンク追加可能<br>単筒正立式(ストラットタイプは単筒倒立式)<br>アルミシェルケース(ストラットタイプはスチールシェルケース),,,308000,246000
ホンダ,シビック,EK4/EK9,,,,277200,,259518,ZS503SF3R-qq-e-252k,ZS503SF3R-qq-e-d-252k,ZS503SF3R,ENDLESS,ZEAL SUPER FUNCTION,ZEAL SUPER FUNCTION,X COILS R,固定式ピロ/固定式ピロ,ID60-152-20K/ID60-152-16K,全長調整式<br>減衰20段調整<br>オーバーホールOK<br>リザーブタンク追加可能<br>単筒正立式(ストラットタイプは単筒倒立式)<br>アルミシェルケース(ストラットタイプはスチールシェルケース),,,308000,246000
ホンダ,シビック,EP3,,,,295200,,259521,ZS504SF3R-qq-e-255k,ZS504SF3R-qq-e-d-255k,ZS504SF3R,ENDLESS,ZEAL SUPER FUNCTION,ZEAL SUPER FUNCTION,X COILS R,調整式ピロ/-,ID60-152-14K/ID65-152-20K,全長調整式<br>減衰20段調整<br>オーバーホールOK<br>リザーブタンク追加可能<br>単筒正立式(ストラットタイプは単筒倒立式)<br>アルミシェルケース(ストラットタイプはスチールシェルケース),リアアッパーマウント:純正アッパーマウント組込済み,,328000,261000
ホンダ,シビック,FD2,,,,295200,,259528,ZS505SF3R-qq-e-262k,ZS505SF3R-qq-e-d-262k,ZS505SF3R,ENDLESS,ZEAL SUPER FUNCTION,ZEAL SUPER FUNCTION,X COILS R,調整式ピロ/-,ID60-152-16K/ID65-125-20K,全長調整式<br>減衰20段調整<br>オーバーホールOK<br>リザーブタンク追加可能<br>単筒正立式(ストラットタイプは単筒倒立式)<br>アルミシェルケース(ストラットタイプはスチールシェルケース),リアアッパーマウント:専用純正ブッシュが付属,,328000,261000
マツダ,RX-7,FC3S,,,,288000,,259543,ZS301SF3R-qq-e-277k,ZS301SF3R-qq-e-d-277k,ZS301SF3R,ENDLESS,ZEAL SUPER FUNCTION,ZEAL SUPER FUNCTION,X COILS R,調整式ピロ/固定式ピロ,ID60-178-10K/ID60-203-8K,全長調整式<br>減衰20段調整<br>オーバーホールOK<br>リザーブタンク追加可能<br>単筒正立式(ストラットタイプは単筒倒立式)<br>アルミシェルケース(ストラットタイプはスチールシェルケース),,,320000,255000
マツダ,RX-7,FD3S,,,,289800,,259550,ZS302SF3R-qq-e-284k,ZS302SF3R-qq-e-d-284k,ZS302SF3R,ENDLESS,ZEAL SUPER FUNCTION,ZEAL SUPER FUNCTION,X COILS R,固定式ピロ/固定式ピロ,ID60-178-16K/ID60-178-16K,全長調整式<br>減衰20段調整<br>オーバーホールOK<br>リザーブタンク追加可能<br>単筒正立式(ストラットタイプは単筒倒立式)<br>アルミシェルケース(ストラットタイプはスチールシェルケース),,,322000,256500
マツダ,RX-8,SE3P,,,,304200,,259557,ZS303SF3R-qq-e-291k,ZS303SF3R-qq-e-d-291k,ZS303SF3R,ENDLESS,ZEAL SUPER FUNCTION,ZEAL SUPER FUNCTION,X COILS R,固定式ピロ/-,ID60-178-14K/ID70-178-12K,全長調整式<br>減衰20段調整<br>オーバーホールOK<br>リザーブタンク追加可能<br>単筒正立式(ストラットタイプは単筒倒立式)<br>アルミシェルケース(ストラットタイプはスチールシェルケース),リアアッパーマウント:純正アッパーマウント組込済み<br>リアは専用減衰力調整ケーブルが付属,,338000,268500
マツダ,デミオ,DJ5FS/DJLFS,,,,310500,,259579,ZS342SF3R-qq-e-313k,ZS342SF3R-qq-e-d-313k,ZS342SF3R,ENDLESS,ZEAL SUPER FUNCTION,ZEAL SUPER FUNCTION,X COILS R,調整式ピロ/-,ID65-152-10K+FELzS100/ID65-152-6K,全長調整式<br>減衰20段調整<br>オーバーホールOK<br>リザーブタンク追加可能<br>単筒正立式(ストラットタイプは単筒倒立式)<br>アルミシェルケース(ストラットタイプはスチールシェルケース),リアアッパーマウント:純正を再使用,,345000,273750
マツダ,ロードスター,NA/NB,,,,268200,,259560,ZS311SF3R-qq-e-294k,ZS311SF3R-qq-e-d-294k,ZS311SF3R,ENDLESS,ZEAL SUPER FUNCTION,ZEAL SUPER FUNCTION,X COILS R,固定式ピロ/アルミリジット,ID60-152-14K/ID60-152-12K,全長調整式<br>減衰20段調整<br>オーバーホールOK<br>リザーブタンク追加可能<br>単筒正立式(ストラットタイプは単筒倒立式)<br>アルミシェルケース(ストラットタイプはスチールシェルケース),,,298000,238500
マツダ,ロードスター,NCEC,,,,304200,,259567,ZS312SF3R-qq-e-301k,ZS312SF3R-qq-e-d-301k,ZS312SF3R,ENDLESS,ZEAL SUPER FUNCTION,ZEAL SUPER FUNCTION,X COILS R,固定式ピロ/-,ID60-178-14K/ID70-178-12K,全長調整式<br>減衰20段調整<br>オーバーホールOK<br>リザーブタンク追加可能<br>単筒正立式(ストラットタイプは単筒倒立式)<br>アルミシェルケース(ストラットタイプはスチールシェルケース),リアアッパーマウント:純正アッパーマウント組込済み<br>リアは専用減衰力調整ケーブルが付属,フロント純正タワーバー装着不可(純正タワーバー装着には調整ダイヤル突出部の穴空け加工が必要),338000,268500
マツダ,ロードスター,ND5RC,,,,313200,,259574,ZS313SF3R-qq-e-308k,ZS313SF3R-qq-e-d-308k,ZS313SF3R,ENDLESS,ZEAL SUPER FUNCTION,ZEAL SUPER FUNCTION,X COILS R,固定式ピロ/固定式ピロ,ID65-152-12K+FELzS100/ID65-152-8K+FELzS100,全長調整式<br>減衰20段調整<br>オーバーホールOK<br>リザーブタンク追加可能<br>単筒正立式(ストラットタイプは単筒倒立式)<br>アルミシェルケース(ストラットタイプはスチールシェルケース),,,348000,276000
三菱,ランサーエボリューション/II/III,CD9A/CE9A,,,,289800,,259586,ZS601SF3R-qq-e-320k,ZS601SF3R-qq-e-d-320k,ZS601SF3R,ENDLESS,ZEAL SUPER FUNCTION,ZEAL SUPER FUNCTION,X COILS R,調整式ピロ/固定式ピロ,ID60-203-14K/ID60-203-14K,全長調整式<br>減衰20段調整<br>オーバーホールOK<br>リザーブタンク追加可能<br>単筒正立式(ストラットタイプは単筒倒立式)<br>アルミシェルケース(ストラットタイプはスチールシェルケース),,,322000,256500
三菱,ランサーエボリューションIV/V/VI,CN9A/CP9A,,,,292500,,259589,ZS602SF3R-qq-e-323k,ZS602SF3R-qq-e-d-323k,ZS602SF3R,ENDLESS,ZEAL SUPER FUNCTION,ZEAL SUPER FUNCTION,X COILS R,調整式ピロ/固定式ピロ,ID60-203-14K/ID60-203-14K,全長調整式<br>減衰20段調整<br>オーバーホールOK<br>リザーブタンク追加可能<br>単筒正立式(ストラットタイプは単筒倒立式)<br>アルミシェルケース(ストラットタイプはスチールシェルケース),,,325000,258750
三菱,ランサーエボリューションVII/VIII,CT9A,,,,292500,,259596,ZS603SF3R-qq-e-330k,ZS603SF3R-qq-e-d-330k,ZS603SF3R,ENDLESS,ZEAL SUPER FUNCTION,ZEAL SUPER FUNCTION,X COILS R,調整式ピロ/固定式ピロ,ID60-203-14K/ID60-203-10K,全長調整式<br>減衰20段調整<br>オーバーホールOK<br>リザーブタンク追加可能<br>単筒正立式(ストラットタイプは単筒倒立式)<br>アルミシェルケース(ストラットタイプはスチールシェルケース),,,325000,258750
三菱,ランサーエボリューションVIII MR/IX,CT9A,,,,299700,,259603,ZS604SF3R-qq-e-337k,ZS604SF3R-qq-e-d-337k,ZS604SF3R,ENDLESS,ZEAL SUPER FUNCTION,ZEAL SUPER FUNCTION,X COILS R,調整式ピロ/固定式ピロ,ID60-203-12K/ID60-178-14K+FELzS70,全長調整式<br>減衰20段調整<br>オーバーホールOK<br>リザーブタンク追加可能<br>単筒正立式(ストラットタイプは単筒倒立式)<br>アルミシェルケース(ストラットタイプはスチールシェルケース),,,333000,264750
三菱,ランサーエボリューションX,CZ4A,,,,297000,,259610,ZS605SF3R-qq-e-344k,ZS605SF3R-qq-e-d-344k,ZS605SF3R,ENDLESS,ZEAL SUPER FUNCTION,ZEAL SUPER FUNCTION,X COILS R,調整式ピロ/固定式ピロ,ID60-178-14K/ID60-178-12K+FELzS130,全長調整式<br>減衰20段調整<br>オーバーホールOK<br>リザーブタンク追加可能<br>単筒正立式(ストラットタイプは単筒倒立式)<br>アルミシェルケース(ストラットタイプはスチールシェルケース),,,330000,262500
レクサス,IS F,USE20,,,,292500,,259372,ZS013SF3R-qq-e-106k,ZS013SF3R-qq-e-d-106k,ZS013SF3R,ENDLESS,ZEAL SUPER FUNCTION,ZEAL SUPER FUNCTION,X COILS R,固定式ピロ/固定式ピロ,ID60-178-20K/ID60-203-16K,全長調整式<br>減衰20段調整<br>オーバーホールOK<br>リザーブタンク追加可能<br>単筒正立式(ストラットタイプは単筒倒立式)<br>アルミシェルケース(ストラットタイプはスチールシェルケース),リアは専用減衰力調整ケーブルが付属,,325000,258750
