自動車メーカー,車種,型式,年式,適合詳細,タイプ,販売価格,C_販売価格,商品ID,物販コード,取付コード,メーカー名,商品名,アッパーマウント(F/R),減衰力(F/R),スプリング kgf/mm(F/R),仕様,備考,注意事項,定価,送料,SET価格,C_SET価格,,規格1,パターン数,管理用コード,管理用コード
スバル,BRZ,ZC6,,4WD取付不可,,80025,75594,243219,FK-LIMITED-qq-e-h-74,FK-LIMITED-qq-e-d-h-74,FINAL KONNEXION,LIMITED II,ピロ調整/リジット固定,倒立式/正立式,8/8,フルタップ全長調整式<br>単筒正立、単筒倒立式(車種により)<br>減衰力20段調整機能付<br>ピロアッパーマウント調整式(車種により)<br>リジットアッパーマウント(車種により)<br>スラストベアリングアッパーシート採用(車種により)<br>オーバーホール可能<br>車高調レンチ、製品証明書、オリジナルステッカー付属,,ポップアップフード付き車のローダウンやインチアップなどによるフードの不具合につきましては一切の責任を負いかねます(社外の「ポップアップフードキャンセラー」などのご使用をお勧めします)<br>リジットマウントタイプはゴム製品の為、摩擦により消耗致します<br>消耗を防ぐ為に必ず最低地上高を保ち、定期的にアッパー各部のボルト・ナット(センタートップナット)を増し締めして下さい<br>尚、リジットブッシュは定期的に確認し交換を行って下さい<br>プリロードのかけ過ぎにより異音がでますので取扱に十分に注意してご使用ください<br>強度計算書は付属しておりません<br>その他注意事項については、必ずメーカーHPにてご確認の上ご注文ください,84800,2000,93400,88900,,,,,
スバル,レヴォーグ,VM4/VMG,,4WD取付不可,,80025,75594,243289,FK-LIMITED-qq-e-h-13k,FK-LIMITED-qq-e-d-h-13k,FINAL KONNEXION,LIMITED II,リジット固定/リジット固定,正立式/正立式,8/5,フルタップ全長調整式<br>単筒正立、単筒倒立式(車種により)<br>減衰力20段調整機能付<br>ピロアッパーマウント調整式(車種により)<br>リジットアッパーマウント(車種により)<br>スラストベアリングアッパーシート採用(車種により)<br>オーバーホール可能<br>車高調レンチ、製品証明書、オリジナルステッカー付属,,ポップアップフード付き車のローダウンやインチアップなどによるフードの不具合につきましては一切の責任を負いかねます(社外の「ポップアップフードキャンセラー」などのご使用をお勧めします)<br>リジットマウントタイプはゴム製品の為、摩擦により消耗致します<br>消耗を防ぐ為に必ず最低地上高を保ち、定期的にアッパー各部のボルト・ナット(センタートップナット)を増し締めして下さい<br>尚、リジットブッシュは定期的に確認し交換を行って下さい<br>プリロードのかけ過ぎにより異音がでますので取扱に十分に注意してご使用ください<br>強度計算書は付属しておりません<br>その他注意事項については、必ずメーカーHPにてご確認の上ご注文ください,84800,2000,96400,91900,,,,,
スバル,レガシィ,BH5/BE5,,4WD,,80025,75594,242682,FK-LIMITED-qq-e-h-76,FK-LIMITED-qq-e-d-h-76,FINAL KONNEXION,LIMITED II,ピロ調整/リジット固定,倒立式/正立式,7/6,フルタップ全長調整式<br>単筒正立、単筒倒立式(車種により)<br>減衰力20段調整機能付<br>ピロアッパーマウント調整式(車種により)<br>リジットアッパーマウント(車種により)<br>スラストベアリングアッパーシート採用(車種により)<br>オーバーホール可能<br>車高調レンチ、製品証明書、オリジナルステッカー付属,,ポップアップフード付き車のローダウンやインチアップなどによるフードの不具合につきましては一切の責任を負いかねます(社外の「ポップアップフードキャンセラー」などのご使用をお勧めします)<br>リジットマウントタイプはゴム製品の為、摩擦により消耗致します<br>消耗を防ぐ為に必ず最低地上高を保ち、定期的にアッパー各部のボルト・ナット(センタートップナット)を増し締めして下さい<br>尚、リジットブッシュは定期的に確認し交換を行って下さい<br>プリロードのかけ過ぎにより異音がでますので取扱に十分に注意してご使用ください<br>強度計算書は付属しておりません<br>その他注意事項については、必ずメーカーHPにてご確認の上ご注文ください,84800,2000,96400,91900,,,,,
スバル,レガシィB4,BP5/BL5,,4WD,,80025,75594,243220,FK-LIMITED-qq-e-h-75,FK-LIMITED-qq-e-d-h-75,FINAL KONNEXION,LIMITED II,ピロ調整/リジット固定,倒立式/正立式,7/7,フルタップ全長調整式<br>単筒正立、単筒倒立式(車種により)<br>減衰力20段調整機能付<br>ピロアッパーマウント調整式(車種により)<br>リジットアッパーマウント(車種により)<br>スラストベアリングアッパーシート採用(車種により)<br>オーバーホール可能<br>車高調レンチ、製品証明書、オリジナルステッカー付属,,ポップアップフード付き車のローダウンやインチアップなどによるフードの不具合につきましては一切の責任を負いかねます(社外の「ポップアップフードキャンセラー」などのご使用をお勧めします)<br>リジットマウントタイプはゴム製品の為、摩擦により消耗致します<br>消耗を防ぐ為に必ず最低地上高を保ち、定期的にアッパー各部のボルト・ナット(センタートップナット)を増し締めして下さい<br>尚、リジットブッシュは定期的に確認し交換を行って下さい<br>プリロードのかけ過ぎにより異音がでますので取扱に十分に注意してご使用ください<br>強度計算書は付属しておりません<br>その他注意事項については、必ずメーカーHPにてご確認の上ご注文ください,84800,2000,96400,91900,,,,,
トヨタ,86,ZN6,,4WD取付不可,,80025,75594,243287,FK-LIMITED-qq-e-h-1,FK-LIMITED-qq-e-d-h-1,FINAL KONNEXION,LIMITED II,ピロ調整/リジット固定,倒立式/正立式,8/8,フルタップ全長調整式<br>単筒正立、単筒倒立式(車種により)<br>減衰力20段調整機能付<br>ピロアッパーマウント調整式(車種により)<br>リジットアッパーマウント(車種により)<br>スラストベアリングアッパーシート採用(車種により)<br>オーバーホール可能<br>車高調レンチ、製品証明書、オリジナルステッカー付属,,ポップアップフード付き車のローダウンやインチアップなどによるフードの不具合につきましては一切の責任を負いかねます(社外の「ポップアップフードキャンセラー」などのご使用をお勧めします)<br>リジットマウントタイプはゴム製品の為、摩擦により消耗致します<br>消耗を防ぐ為に必ず最低地上高を保ち、定期的にアッパー各部のボルト・ナット(センタートップナット)を増し締めして下さい<br>尚、リジットブッシュは定期的に確認し交換を行って下さい<br>プリロードのかけ過ぎにより異音がでますので取扱に十分に注意してご使用ください<br>強度計算書は付属しておりません<br>その他注意事項については、必ずメーカーHPにてご確認の上ご注文ください,84800,2000,93400,88900,,,,,
トヨタ,C-HR,ZYX10/NGX50,,ZYX10:2WD<br>NGX50:4WD,,78253,73821,243291,FK-LIMITED-qq-e-h-1k,FK-LIMITED-qq-e-d-h-1k,FINAL KONNEXION,LIMITED II,リジット固定/別体式,倒立式/正立式,7/5(特別形状),フルタップ全長調整式<br>単筒正立、単筒倒立式(車種により)<br>減衰力20段調整機能付<br>ピロアッパーマウント調整式(車種により)<br>リジットアッパーマウント(車種により)<br>スラストベアリングアッパーシート採用(車種により)<br>オーバーホール可能<br>車高調レンチ、製品証明書、オリジナルステッカー付属,,ポップアップフード付き車のローダウンやインチアップなどによるフードの不具合につきましては一切の責任を負いかねます(社外の「ポップアップフードキャンセラー」などのご使用をお勧めします)<br>リジットマウントタイプはゴム製品の為、摩擦により消耗致します<br>消耗を防ぐ為に必ず最低地上高を保ち、定期的にアッパー各部のボルト・ナット(センタートップナット)を増し締めして下さい<br>尚、リジットブッシュは定期的に確認し交換を行って下さい<br>プリロードのかけ過ぎにより異音がでますので取扱に十分に注意してご使用ください<br>強度計算書は付属しておりません<br>その他注意事項については、必ずメーカーHPにてご確認の上ご注文ください,82800,2000,91600,87100,,,,,
トヨタ,アクア,NHP10,,4WD取付不可,,75594,71162,243025,FK-LIMITED-qq-e-h-2k,FK-LIMITED-qq-e-d-h-2k,FINAL KONNEXION,LIMITED II,マウントレス/別体式,正立式/正立式,6/3(特別形状),フルタップ全長調整式<br>単筒正立、単筒倒立式(車種により)<br>減衰力20段調整機能付<br>ピロアッパーマウント調整式(車種により)<br>リジットアッパーマウント(車種により)<br>スラストベアリングアッパーシート採用(車種により)<br>オーバーホール可能<br>車高調レンチ、製品証明書、オリジナルステッカー付属,,ポップアップフード付き車のローダウンやインチアップなどによるフードの不具合につきましては一切の責任を負いかねます(社外の「ポップアップフードキャンセラー」などのご使用をお勧めします)<br>プリロードのかけ過ぎにより異音がでますので取扱に十分に注意してご使用ください<br>強度計算書は付属しておりません<br>その他注意事項については、必ずメーカーHPにてご確認の上ご注文ください,79800,2000,88900,84400,,,,,
トヨタ,アリスト,JZS14,,4WD取付不可,,75594,71162,243209,FK-LIMITED-qq-e-h-3,FK-LIMITED-qq-e-d-h-3,FINAL KONNEXION,LIMITED II,リジット固定/リジット固定,正立式/正立式,16/10,フルタップ全長調整式<br>単筒正立、単筒倒立式(車種により)<br>減衰力20段調整機能付<br>ピロアッパーマウント調整式(車種により)<br>リジットアッパーマウント(車種により)<br>スラストベアリングアッパーシート採用(車種により)<br>オーバーホール可能<br>車高調レンチ、製品証明書、オリジナルステッカー付属,,ポップアップフード付き車のローダウンやインチアップなどによるフードの不具合につきましては一切の責任を負いかねます(社外の「ポップアップフードキャンセラー」などのご使用をお勧めします)<br>リジットマウントタイプはゴム製品の為、摩擦により消耗致します<br>消耗を防ぐ為に必ず最低地上高を保ち、定期的にアッパー各部のボルト・ナット(センタートップナット)を増し締めして下さい<br>尚、リジットブッシュは定期的に確認し交換を行って下さい<br>プリロードのかけ過ぎにより異音がでますので取扱に十分に注意してご使用ください<br>強度計算書は付属しておりません<br>その他注意事項については、必ずメーカーHPにてご確認の上ご注文ください,79800,2000,88900,84400,,,,,
トヨタ,アリスト,JZS160,,4WD取付不可,,75594,71162,242837,FK-LIMITED-qq-e-h-4,FK-LIMITED-qq-e-d-h-4,FINAL KONNEXION,LIMITED II,リジット固定/リジット固定,正立式/正立式,14/8,フルタップ全長調整式<br>単筒正立、単筒倒立式(車種により)<br>減衰力20段調整機能付<br>ピロアッパーマウント調整式(車種により)<br>リジットアッパーマウント(車種により)<br>スラストベアリングアッパーシート採用(車種により)<br>オーバーホール可能<br>車高調レンチ、製品証明書、オリジナルステッカー付属,,ポップアップフード付き車のローダウンやインチアップなどによるフードの不具合につきましては一切の責任を負いかねます(社外の「ポップアップフードキャンセラー」などのご使用をお勧めします)<br>リジットマウントタイプはゴム製品の為、摩擦により消耗致します<br>消耗を防ぐ為に必ず最低地上高を保ち、定期的にアッパー各部のボルト・ナット(センタートップナット)を増し締めして下さい<br>尚、リジットブッシュは定期的に確認し交換を行って下さい<br>プリロードのかけ過ぎにより異音がでますので取扱に十分に注意してご使用ください<br>強度計算書は付属しておりません<br>その他注意事項については、必ずメーカーHPにてご確認の上ご注文ください,79800,2000,88900,84400,,,,,
トヨタ,アルテッツァ,SXE10/GXE10,,4WD取付不可,,75594,71162,242672,FK-LIMITED-qq-e-h-2,FK-LIMITED-qq-e-d-h-2,FINAL KONNEXION,LIMITED II,リジット固定/リジット固定,正立式/正立式,14/10,フルタップ全長調整式<br>単筒正立、単筒倒立式(車種により)<br>減衰力20段調整機能付<br>ピロアッパーマウント調整式(車種により)<br>リジットアッパーマウント(車種により)<br>スラストベアリングアッパーシート採用(車種により)<br>オーバーホール可能<br>車高調レンチ、製品証明書、オリジナルステッカー付属,,ポップアップフード付き車のローダウンやインチアップなどによるフードの不具合につきましては一切の責任を負いかねます(社外の「ポップアップフードキャンセラー」などのご使用をお勧めします)<br>リジットマウントタイプはゴム製品の為、摩擦により消耗致します<br>消耗を防ぐ為に必ず最低地上高を保ち、定期的にアッパー各部のボルト・ナット(センタートップナット)を増し締めして下さい<br>尚、リジットブッシュは定期的に確認し交換を行って下さい<br>プリロードのかけ過ぎにより異音がでますので取扱に十分に注意してご使用ください<br>強度計算書は付属しておりません<br>その他注意事項については、必ずメーカーHPにてご確認の上ご注文ください,79800,2000,88900,84400,,,,,
トヨタ,アルファード,ANH10W/ANH15W/MNH10W/MNH15W,,4WD取付不可,,80025,75594,243210,FK-LIMITED-qq-e-h-37,FK-LIMITED-qq-e-d-h-37,FINAL KONNEXION,LIMITED II,ピロ固定/別体式,倒立式/正立式,7/6.5(特別形状),フルタップ全長調整式<br>単筒正立、単筒倒立式(車種により)<br>減衰力20段調整機能付<br>ピロアッパーマウント調整式(車種により)<br>リジットアッパーマウント(車種により)<br>スラストベアリングアッパーシート採用(車種により)<br>オーバーホール可能<br>車高調レンチ、製品証明書、オリジナルステッカー付属,リアショック純正ゴム使用<br>純正ダストブーツをカットして使用<br>M/ANH10Wはリアの車高が上がりにくくなります(調整幅:約-5～-11cm),ポップアップフード付き車のローダウンやインチアップなどによるフードの不具合につきましては一切の責任を負いかねます(社外の「ポップアップフードキャンセラー」などのご使用をお勧めします)<br>プリロードのかけ過ぎにより異音がでますので取扱に十分に注意してご使用ください<br>強度計算書は付属しておりません<br>その他注意事項については、必ずメーカーHPにてご確認の上ご注文ください,84800,2000,93400,88900,,,,,
トヨタ,アルファード/ヴェルファイア,AGH30W/GGH30W/AYH30W,,4WD取付不可,,78253,73821,242676,FK-LIMITED-qq-e-h-43,FK-LIMITED-qq-e-d-h-43,FINAL KONNEXION,LIMITED II,リジット固定/別体式,正立式/正立式,10/10.5(特別形状),フルタップ全長調整式<br>単筒正立、単筒倒立式(車種により)<br>減衰力20段調整機能付<br>ピロアッパーマウント調整式(車種により)<br>リジットアッパーマウント(車種により)<br>スラストベアリングアッパーシート採用(車種により)<br>オーバーホール可能<br>車高調レンチ、製品証明書、オリジナルステッカー付属,,ポップアップフード付き車のローダウンやインチアップなどによるフードの不具合につきましては一切の責任を負いかねます(社外の「ポップアップフードキャンセラー」などのご使用をお勧めします)<br>リジットマウントタイプはゴム製品の為、摩擦により消耗致します<br>消耗を防ぐ為に必ず最低地上高を保ち、定期的にアッパー各部のボルト・ナット(センタートップナット)を増し締めして下さい<br>尚、リジットブッシュは定期的に確認し交換を行って下さい<br>プリロードのかけ過ぎにより異音がでますので取扱に十分に注意してご使用ください<br>強度計算書は付属しておりません<br>その他注意事項については、必ずメーカーHPにてご確認の上ご注文ください,82800,2000,91600,87100,,,,,
トヨタ,アルファード/ヴェルファイア,ANH20W/GGH20W,,4WD取付不可,,80025,75594,243212,FK-LIMITED-qq-e-h-41,FK-LIMITED-qq-e-d-h-41,FINAL KONNEXION,LIMITED II,ピロ調整/別体式,倒立式/正立式,8/10(特別形状),フルタップ全長調整式<br>単筒正立、単筒倒立式(車種により)<br>減衰力20段調整機能付<br>ピロアッパーマウント調整式(車種により)<br>リジットアッパーマウント(車種により)<br>スラストベアリングアッパーシート採用(車種により)<br>オーバーホール可能<br>車高調レンチ、製品証明書、オリジナルステッカー付属,,ポップアップフード付き車のローダウンやインチアップなどによるフードの不具合につきましては一切の責任を負いかねます(社外の「ポップアップフードキャンセラー」などのご使用をお勧めします)<br>プリロードのかけ過ぎにより異音がでますので取扱に十分に注意してご使用ください<br>強度計算書は付属しておりません<br>その他注意事項については、必ずメーカーHPにてご確認の上ご注文ください,84800,2000,93400,88900,,,,,
トヨタ,アルファード/ヴェルファイア,ANH20W/GGH20W,,4WD取付不可,,78253,73821,243213,FK-LIMITED-qq-e-h-42,FK-LIMITED-qq-e-d-h-42,FINAL KONNEXION,LIMITED II,リジット固定/別体式,正立式/正立式,8/10(特別形状),フルタップ全長調整式<br>単筒正立、単筒倒立式(車種により)<br>減衰力20段調整機能付<br>ピロアッパーマウント調整式(車種により)<br>リジットアッパーマウント(車種により)<br>スラストベアリングアッパーシート採用(車種により)<br>オーバーホール可能<br>車高調レンチ、製品証明書、オリジナルステッカー付属,,ポップアップフード付き車のローダウンやインチアップなどによるフードの不具合につきましては一切の責任を負いかねます(社外の「ポップアップフードキャンセラー」などのご使用をお勧めします)<br>リジットマウントタイプはゴム製品の為、摩擦により消耗致します<br>消耗を防ぐ為に必ず最低地上高を保ち、定期的にアッパー各部のボルト・ナット(センタートップナット)を増し締めして下さい<br>尚、リジットブッシュは定期的に確認し交換を行って下さい<br>プリロードのかけ過ぎにより異音がでますので取扱に十分に注意してご使用ください<br>強度計算書は付属しておりません<br>その他注意事項については、必ずメーカーHPにてご確認の上ご注文ください,82800,2000,91600,87100,,,,,
トヨタ,ヴェロッサ,JZX110,,4WD取付不可,,75594,71162,243294,FK-LIMITED-qq-e-h-29,FK-LIMITED-qq-e-d-h-29,FINAL KONNEXION,LIMITED II,リジット固定/リジット固定,正立式/正立式,14/10,フルタップ全長調整式<br>単筒正立、単筒倒立式(車種により)<br>減衰力20段調整機能付<br>ピロアッパーマウント調整式(車種により)<br>リジットアッパーマウント(車種により)<br>スラストベアリングアッパーシート採用(車種により)<br>オーバーホール可能<br>車高調レンチ、製品証明書、オリジナルステッカー付属,,ポップアップフード付き車のローダウンやインチアップなどによるフードの不具合につきましては一切の責任を負いかねます(社外の「ポップアップフードキャンセラー」などのご使用をお勧めします)<br>リジットマウントタイプはゴム製品の為、摩擦により消耗致します<br>消耗を防ぐ為に必ず最低地上高を保ち、定期的にアッパー各部のボルト・ナット(センタートップナット)を増し締めして下さい<br>尚、リジットブッシュは定期的に確認し交換を行って下さい<br>プリロードのかけ過ぎにより異音がでますので取扱に十分に注意してご使用ください<br>強度計算書は付属しておりません<br>その他注意事項については、必ずメーカーHPにてご確認の上ご注文ください,79800,2000,88900,84400,,,,,
トヨタ,エスティマ,ACR30W,,4WD取付不可,,80025,75594,243029,FK-LIMITED-qq-e-h-34,FK-LIMITED-qq-e-d-h-34,FINAL KONNEXION,LIMITED II,ピロ固定/別体式,倒立式/正立式,7/6.5(特別形状),フルタップ全長調整式<br>単筒正立、単筒倒立式(車種により)<br>減衰力20段調整機能付<br>ピロアッパーマウント調整式(車種により)<br>リジットアッパーマウント(車種により)<br>スラストベアリングアッパーシート採用(車種により)<br>オーバーホール可能<br>車高調レンチ、製品証明書、オリジナルステッカー付属,リアショック純正ゴム使用<br>純正ダストブーツをカットして使用<br>リアの車高が上がりにくくなります(調整幅:約-5～-11cm),ポップアップフード付き車のローダウンやインチアップなどによるフードの不具合につきましては一切の責任を負いかねます(社外の「ポップアップフードキャンセラー」などのご使用をお勧めします)<br>プリロードのかけ過ぎにより異音がでますので取扱に十分に注意してご使用ください<br>強度計算書は付属しておりません<br>その他注意事項については、必ずメーカーHPにてご確認の上ご注文ください,84800,2000,93400,88900
トヨタ,エスティマ,ACR50W/GSR50W,,4WD取付不可,,80025,75594,242674,FK-LIMITED-qq-e-h-35,FK-LIMITED-qq-e-d-h-35,FINAL KONNEXION,LIMITED II,ピロ調整/別体式,倒立式/正立式,8/10(特別形状),フルタップ全長調整式<br>単筒正立、単筒倒立式(車種により)<br>減衰力20段調整機能付<br>ピロアッパーマウント調整式(車種により)<br>リジットアッパーマウント(車種により)<br>スラストベアリングアッパーシート採用(車種により)<br>オーバーホール可能<br>車高調レンチ、製品証明書、オリジナルステッカー付属,リアショック純正ゴム使用<br>純正ダストブーツをカットして使用,ポップアップフード付き車のローダウンやインチアップなどによるフードの不具合につきましては一切の責任を負いかねます(社外の「ポップアップフードキャンセラー」などのご使用をお勧めします)<br>プリロードのかけ過ぎにより異音がでますので取扱に十分に注意してご使用ください<br>強度計算書は付属しておりません<br>その他注意事項については、必ずメーカーHPにてご確認の上ご注文ください,84800,2000,93400,88900
トヨタ,エスティマ,ACR50W/GSR50W,,4WD取付不可,,78253,73821,242675,FK-LIMITED-qq-e-h-36,FK-LIMITED-qq-e-d-h-36,FINAL KONNEXION,LIMITED II,リジット固定/別体式,正立式/正立式,8/10(特別形状),フルタップ全長調整式<br>単筒正立、単筒倒立式(車種により)<br>減衰力20段調整機能付<br>ピロアッパーマウント調整式(車種により)<br>リジットアッパーマウント(車種により)<br>スラストベアリングアッパーシート採用(車種により)<br>オーバーホール可能<br>車高調レンチ、製品証明書、オリジナルステッカー付属,リアショック純正ゴム使用<br>純正ダストブーツをカットして使用,ポップアップフード付き車のローダウンやインチアップなどによるフードの不具合につきましては一切の責任を負いかねます(社外の「ポップアップフードキャンセラー」などのご使用をお勧めします)<br>リジットマウントタイプはゴム製品の為、摩擦により消耗致します<br>消耗を防ぐ為に必ず最低地上高を保ち、定期的にアッパー各部のボルト・ナット(センタートップナット)を増し締めして下さい<br>尚、リジットブッシュは定期的に確認し交換を行って下さい<br>プリロードのかけ過ぎにより異音がでますので取扱に十分に注意してご使用ください<br>強度計算書は付属しておりません<br>その他注意事項については、必ずメーカーHPにてご確認の上ご注文ください,82800,2000,91600,87100
トヨタ,クラウン,GRS180/GRS182,,4WD取付不可,,75594,71162,243019,FK-LIMITED-qq-e-h-11,FK-LIMITED-qq-e-d-h-11,FINAL KONNEXION,LIMITED II,リジット固定/リジット固定,正立式/正立式,12/10,フルタップ全長調整式<br>単筒正立、単筒倒立式(車種により)<br>減衰力20段調整機能付<br>ピロアッパーマウント調整式(車種により)<br>リジットアッパーマウント(車種により)<br>スラストベアリングアッパーシート採用(車種により)<br>オーバーホール可能<br>車高調レンチ、製品証明書、オリジナルステッカー付属,,ポップアップフード付き車のローダウンやインチアップなどによるフードの不具合につきましては一切の責任を負いかねます(社外の「ポップアップフードキャンセラー」などのご使用をお勧めします)<br>リジットマウントタイプはゴム製品の為、摩擦により消耗致します<br>消耗を防ぐ為に必ず最低地上高を保ち、定期的にアッパー各部のボルト・ナット(センタートップナット)を増し締めして下さい<br>尚、リジットブッシュは定期的に確認し交換を行って下さい<br>プリロードのかけ過ぎにより異音がでますので取扱に十分に注意してご使用ください<br>強度計算書は付属しておりません<br>その他注意事項については、必ずメーカーHPにてご確認の上ご注文ください,79800,2000,88900,84400
トヨタ,クラウン,GRS181/GRS183,,4WD,,78253,73821,242670,FK-LIMITED-qq-e-h-12,FK-LIMITED-qq-e-d-h-12,FINAL KONNEXION,LIMITED II,リジット固定/リジット固定,正立式/正立式,12/10,フルタップ全長調整式<br>単筒正立、単筒倒立式(車種により)<br>減衰力20段調整機能付<br>ピロアッパーマウント調整式(車種により)<br>リジットアッパーマウント(車種により)<br>スラストベアリングアッパーシート採用(車種により)<br>オーバーホール可能<br>車高調レンチ、製品証明書、オリジナルステッカー付属,,ポップアップフード付き車のローダウンやインチアップなどによるフードの不具合につきましては一切の責任を負いかねます(社外の「ポップアップフードキャンセラー」などのご使用をお勧めします)<br>リジットマウントタイプはゴム製品の為、摩擦により消耗致します<br>消耗を防ぐ為に必ず最低地上高を保ち、定期的にアッパー各部のボルト・ナット(センタートップナット)を増し締めして下さい<br>尚、リジットブッシュは定期的に確認し交換を行って下さい<br>プリロードのかけ過ぎにより異音がでますので取扱に十分に注意してご使用ください<br>強度計算書は付属しておりません<br>その他注意事項については、必ずメーカーHPにてご確認の上ご注文ください,82800,2000,91600,87100
トヨタ,クラウン,GRS200/GRS204,,4WD取付不可,,75594,71162,242671,FK-LIMITED-qq-e-h-13,FK-LIMITED-qq-e-d-h-13,FINAL KONNEXION,LIMITED II,リジット固定/リジット固定,正立式/正立式,12/10,フルタップ全長調整式<br>単筒正立、単筒倒立式(車種により)<br>減衰力20段調整機能付<br>ピロアッパーマウント調整式(車種により)<br>リジットアッパーマウント(車種により)<br>スラストベアリングアッパーシート採用(車種により)<br>オーバーホール可能<br>車高調レンチ、製品証明書、オリジナルステッカー付属,,ポップアップフード付き車のローダウンやインチアップなどによるフードの不具合につきましては一切の責任を負いかねます(社外の「ポップアップフードキャンセラー」などのご使用をお勧めします)<br>リジットマウントタイプはゴム製品の為、摩擦により消耗致します<br>消耗を防ぐ為に必ず最低地上高を保ち、定期的にアッパー各部のボルト・ナット(センタートップナット)を増し締めして下さい<br>尚、リジットブッシュは定期的に確認し交換を行って下さい<br>プリロードのかけ過ぎにより異音がでますので取扱に十分に注意してご使用ください<br>強度計算書は付属しておりません<br>その他注意事項については、必ずメーカーHPにてご確認の上ご注文ください,79800,2000,88900,84400
トヨタ,クラウン,GRS201/GRS203,,4WD,,78253,73821,243020,FK-LIMITED-qq-e-h-14,FK-LIMITED-qq-e-d-h-14,FINAL KONNEXION,LIMITED II,リジット固定/リジット固定,正立式/正立式,12/10,フルタップ全長調整式<br>単筒正立、単筒倒立式(車種により)<br>減衰力20段調整機能付<br>ピロアッパーマウント調整式(車種により)<br>リジットアッパーマウント(車種により)<br>スラストベアリングアッパーシート採用(車種により)<br>オーバーホール可能<br>車高調レンチ、製品証明書、オリジナルステッカー付属,,ポップアップフード付き車のローダウンやインチアップなどによるフードの不具合につきましては一切の責任を負いかねます(社外の「ポップアップフードキャンセラー」などのご使用をお勧めします)<br>リジットマウントタイプはゴム製品の為、摩擦により消耗致します<br>消耗を防ぐ為に必ず最低地上高を保ち、定期的にアッパー各部のボルト・ナット(センタートップナット)を増し締めして下さい<br>尚、リジットブッシュは定期的に確認し交換を行って下さい<br>プリロードのかけ過ぎにより異音がでますので取扱に十分に注意してご使用ください<br>強度計算書は付属しておりません<br>その他注意事項については、必ずメーカーHPにてご確認の上ご注文ください,82800,2000,91600,87100
トヨタ,クラウン,GRS210/GRS214,,4WD取付不可,,75594,71162,243204,FK-LIMITED-qq-e-h-16,FK-LIMITED-qq-e-d-h-16,FINAL KONNEXION,LIMITED II,リジット固定/リジット固定,正立式/正立式,12/10,フルタップ全長調整式<br>単筒正立、単筒倒立式(車種により)<br>減衰力20段調整機能付<br>ピロアッパーマウント調整式(車種により)<br>リジットアッパーマウント(車種により)<br>スラストベアリングアッパーシート採用(車種により)<br>オーバーホール可能<br>車高調レンチ、製品証明書、オリジナルステッカー付属,,ポップアップフード付き車のローダウンやインチアップなどによるフードの不具合につきましては一切の責任を負いかねます(社外の「ポップアップフードキャンセラー」などのご使用をお勧めします)<br>リジットマウントタイプはゴム製品の為、摩擦により消耗致します<br>消耗を防ぐ為に必ず最低地上高を保ち、定期的にアッパー各部のボルト・ナット(センタートップナット)を増し締めして下さい<br>尚、リジットブッシュは定期的に確認し交換を行って下さい<br>プリロードのかけ過ぎにより異音がでますので取扱に十分に注意してご使用ください<br>強度計算書は付属しておりません<br>その他注意事項については、必ずメーカーHPにてご確認の上ご注文ください,79800,2000,88900,84400
トヨタ,クラウン,GRS211,,4WD,,78253,73821,243290,FK-LIMITED-qq-e-h-17,FK-LIMITED-qq-e-d-h-17,FINAL KONNEXION,LIMITED II,リジット固定/リジット固定,正立式/正立式,12/10,フルタップ全長調整式<br>単筒正立、単筒倒立式(車種により)<br>減衰力20段調整機能付<br>ピロアッパーマウント調整式(車種により)<br>リジットアッパーマウント(車種により)<br>スラストベアリングアッパーシート採用(車種により)<br>オーバーホール可能<br>車高調レンチ、製品証明書、オリジナルステッカー付属,,ポップアップフード付き車のローダウンやインチアップなどによるフードの不具合につきましては一切の責任を負いかねます(社外の「ポップアップフードキャンセラー」などのご使用をお勧めします)<br>リジットマウントタイプはゴム製品の為、摩擦により消耗致します<br>消耗を防ぐ為に必ず最低地上高を保ち、定期的にアッパー各部のボルト・ナット(センタートップナット)を増し締めして下さい<br>尚、リジットブッシュは定期的に確認し交換を行って下さい<br>プリロードのかけ過ぎにより異音がでますので取扱に十分に注意してご使用ください<br>強度計算書は付属しておりません<br>その他注意事項については、必ずメーカーHPにてご確認の上ご注文ください,82800,2000,91600,87100
トヨタ,クラウン,JZS15,,4WD取付不可,,75594,71162,242847,FK-LIMITED-qq-e-h-8,FK-LIMITED-qq-e-d-h-8,FINAL KONNEXION,LIMITED II,リジット固定/リジット固定,正立式/正立式,12/8,フルタップ全長調整式<br>単筒正立、単筒倒立式(車種により)<br>減衰力20段調整機能付<br>ピロアッパーマウント調整式(車種により)<br>リジットアッパーマウント(車種により)<br>スラストベアリングアッパーシート採用(車種により)<br>オーバーホール可能<br>車高調レンチ、製品証明書、オリジナルステッカー付属,,ポップアップフード付き車のローダウンやインチアップなどによるフードの不具合につきましては一切の責任を負いかねます(社外の「ポップアップフードキャンセラー」などのご使用をお勧めします)<br>リジットマウントタイプはゴム製品の為、摩擦により消耗致します<br>消耗を防ぐ為に必ず最低地上高を保ち、定期的にアッパー各部のボルト・ナット(センタートップナット)を増し締めして下さい<br>尚、リジットブッシュは定期的に確認し交換を行って下さい<br>プリロードのかけ過ぎにより異音がでますので取扱に十分に注意してご使用ください<br>強度計算書は付属しておりません<br>その他注意事項については、必ずメーカーHPにてご確認の上ご注文ください,79800,2000,88900,84400
トヨタ,クラウン,JZS17,,4WD取付不可,,75594,71162,242688,FK-LIMITED-qq-e-h-9,FK-LIMITED-qq-e-d-h-9,FINAL KONNEXION,LIMITED II,リジット固定/リジット固定,正立式/正立式,14/10,フルタップ全長調整式<br>単筒正立、単筒倒立式(車種により)<br>減衰力20段調整機能付<br>ピロアッパーマウント調整式(車種により)<br>リジットアッパーマウント(車種により)<br>スラストベアリングアッパーシート採用(車種により)<br>オーバーホール可能<br>車高調レンチ、製品証明書、オリジナルステッカー付属,,ポップアップフード付き車のローダウンやインチアップなどによるフードの不具合につきましては一切の責任を負いかねます(社外の「ポップアップフードキャンセラー」などのご使用をお勧めします)<br>リジットマウントタイプはゴム製品の為、摩擦により消耗致します<br>消耗を防ぐ為に必ず最低地上高を保ち、定期的にアッパー各部のボルト・ナット(センタートップナット)を増し締めして下さい<br>尚、リジットブッシュは定期的に確認し交換を行って下さい<br>プリロードのかけ過ぎにより異音がでますので取扱に十分に注意してご使用ください<br>強度計算書は付属しておりません<br>その他注意事項については、必ずメーカーHPにてご確認の上ご注文ください,79800,2000,88900,84400
トヨタ,クラウンエステート,JZS171W,,4WD取付不可,,75594,71162,243018,FK-LIMITED-qq-e-h-10,FK-LIMITED-qq-e-d-h-10,FINAL KONNEXION,LIMITED II,リジット固定/リジット固定,正立式/正立式,14/10,フルタップ全長調整式<br>単筒正立、単筒倒立式(車種により)<br>減衰力20段調整機能付<br>ピロアッパーマウント調整式(車種により)<br>リジットアッパーマウント(車種により)<br>スラストベアリングアッパーシート採用(車種により)<br>オーバーホール可能<br>車高調レンチ、製品証明書、オリジナルステッカー付属,,ポップアップフード付き車のローダウンやインチアップなどによるフードの不具合につきましては一切の責任を負いかねます(社外の「ポップアップフードキャンセラー」などのご使用をお勧めします)<br>リジットマウントタイプはゴム製品の為、摩擦により消耗致します<br>消耗を防ぐ為に必ず最低地上高を保ち、定期的にアッパー各部のボルト・ナット(センタートップナット)を増し締めして下さい<br>尚、リジットブッシュは定期的に確認し交換を行って下さい<br>プリロードのかけ過ぎにより異音がでますので取扱に十分に注意してご使用ください<br>強度計算書は付属しておりません<br>その他注意事項については、必ずメーカーHPにてご確認の上ご注文ください,79800,2000,88900,84400
トヨタ,クラウンハイブリッド,AWS210,,4WD取付不可,,75594,71162,243023,FK-LIMITED-qq-e-h-18,FK-LIMITED-qq-e-d-h-18,FINAL KONNEXION,LIMITED II,リジット固定/リジット固定,正立式/正立式,12/10,フルタップ全長調整式<br>単筒正立、単筒倒立式(車種により)<br>減衰力20段調整機能付<br>ピロアッパーマウント調整式(車種により)<br>リジットアッパーマウント(車種により)<br>スラストベアリングアッパーシート採用(車種により)<br>オーバーホール可能<br>車高調レンチ、製品証明書、オリジナルステッカー付属,,ポップアップフード付き車のローダウンやインチアップなどによるフードの不具合につきましては一切の責任を負いかねます(社外の「ポップアップフードキャンセラー」などのご使用をお勧めします)<br>リジットマウントタイプはゴム製品の為、摩擦により消耗致します<br>消耗を防ぐ為に必ず最低地上高を保ち、定期的にアッパー各部のボルト・ナット(センタートップナット)を増し締めして下さい<br>尚、リジットブッシュは定期的に確認し交換を行って下さい<br>プリロードのかけ過ぎにより異音がでますので取扱に十分に注意してご使用ください<br>強度計算書は付属しておりません<br>その他注意事項については、必ずメーカーHPにてご確認の上ご注文ください,79800,2000,88900,84400
トヨタ,クラウンハイブリッド,GWS204,,4WD取付不可,,75594,71162,242834,FK-LIMITED-qq-e-h-19,FK-LIMITED-qq-e-d-h-19,FINAL KONNEXION,LIMITED II,リジット固定/リジット固定,正立式/正立式,12/10,フルタップ全長調整式<br>単筒正立、単筒倒立式(車種により)<br>減衰力20段調整機能付<br>ピロアッパーマウント調整式(車種により)<br>リジットアッパーマウント(車種により)<br>スラストベアリングアッパーシート採用(車種により)<br>オーバーホール可能<br>車高調レンチ、製品証明書、オリジナルステッカー付属,,ポップアップフード付き車のローダウンやインチアップなどによるフードの不具合につきましては一切の責任を負いかねます(社外の「ポップアップフードキャンセラー」などのご使用をお勧めします)<br>リジットマウントタイプはゴム製品の為、摩擦により消耗致します<br>消耗を防ぐ為に必ず最低地上高を保ち、定期的にアッパー各部のボルト・ナット(センタートップナット)を増し締めして下さい<br>尚、リジットブッシュは定期的に確認し交換を行って下さい<br>プリロードのかけ過ぎにより異音がでますので取扱に十分に注意してご使用ください<br>強度計算書は付属しておりません<br>その他注意事項については、必ずメーカーHPにてご確認の上ご注文ください,79800,2000,88900,84400
トヨタ,スープラ,JZA80,,4WD取付不可,,75594,71162,243207,FK-LIMITED-qq-e-h-24,FK-LIMITED-qq-e-d-h-24,FINAL KONNEXION,LIMITED II,リジット固定/リジット固定,正立式/正立式,16/10,フルタップ全長調整式<br>単筒正立、単筒倒立式(車種により)<br>減衰力20段調整機能付<br>ピロアッパーマウント調整式(車種により)<br>リジットアッパーマウント(車種により)<br>スラストベアリングアッパーシート採用(車種により)<br>オーバーホール可能<br>車高調レンチ、製品証明書、オリジナルステッカー付属,,ポップアップフード付き車のローダウンやインチアップなどによるフードの不具合につきましては一切の責任を負いかねます(社外の「ポップアップフードキャンセラー」などのご使用をお勧めします)<br>リジットマウントタイプはゴム製品の為、摩擦により消耗致します<br>消耗を防ぐ為に必ず最低地上高を保ち、定期的にアッパー各部のボルト・ナット(センタートップナット)を増し締めして下さい<br>尚、リジットブッシュは定期的に確認し交換を行って下さい<br>プリロードのかけ過ぎにより異音がでますので取扱に十分に注意してご使用ください<br>強度計算書は付属しておりません<br>その他注意事項については、必ずメーカーHPにてご確認の上ご注文ください,79800,2000,88900,84400
トヨタ,セルシオ,UCF10,,4WD取付不可,,75594,71162,242679,FK-LIMITED-qq-e-h-5,FK-LIMITED-qq-e-d-h-5,FINAL KONNEXION,LIMITED II,リジット固定/リジット固定,正立式/正立式,14/10,フルタップ全長調整式<br>単筒正立、単筒倒立式(車種により)<br>減衰力20段調整機能付<br>ピロアッパーマウント調整式(車種により)<br>リジットアッパーマウント(車種により)<br>スラストベアリングアッパーシート採用(車種により)<br>オーバーホール可能<br>車高調レンチ、製品証明書、オリジナルステッカー付属,,ポップアップフード付き車のローダウンやインチアップなどによるフードの不具合につきましては一切の責任を負いかねます(社外の「ポップアップフードキャンセラー」などのご使用をお勧めします)<br>リジットマウントタイプはゴム製品の為、摩擦により消耗致します<br>消耗を防ぐ為に必ず最低地上高を保ち、定期的にアッパー各部のボルト・ナット(センタートップナット)を増し締めして下さい<br>尚、リジットブッシュは定期的に確認し交換を行って下さい<br>プリロードのかけ過ぎにより異音がでますので取扱に十分に注意してご使用ください<br>強度計算書は付属しておりません<br>その他注意事項については、必ずメーカーHPにてご確認の上ご注文ください,79800,2000,88900,84400
トヨタ,セルシオ,UCF20,,4WD取付不可,,75594,71162,242842,FK-LIMITED-qq-e-h-6,FK-LIMITED-qq-e-d-h-6,FINAL KONNEXION,LIMITED II,リジット固定/リジット固定,正立式/正立式,14/10,フルタップ全長調整式<br>単筒正立、単筒倒立式(車種により)<br>減衰力20段調整機能付<br>ピロアッパーマウント調整式(車種により)<br>リジットアッパーマウント(車種により)<br>スラストベアリングアッパーシート採用(車種により)<br>オーバーホール可能<br>車高調レンチ、製品証明書、オリジナルステッカー付属,,ポップアップフード付き車のローダウンやインチアップなどによるフードの不具合につきましては一切の責任を負いかねます(社外の「ポップアップフードキャンセラー」などのご使用をお勧めします)<br>リジットマウントタイプはゴム製品の為、摩擦により消耗致します<br>消耗を防ぐ為に必ず最低地上高を保ち、定期的にアッパー各部のボルト・ナット(センタートップナット)を増し締めして下さい<br>尚、リジットブッシュは定期的に確認し交換を行って下さい<br>プリロードのかけ過ぎにより異音がでますので取扱に十分に注意してご使用ください<br>強度計算書は付属しておりません<br>その他注意事項については、必ずメーカーHPにてご確認の上ご注文ください,79800,2000,88900,84400
トヨタ,セルシオ,UCF30,,4WD取付不可,,75594,71162,243037,FK-LIMITED-qq-e-h-7,FK-LIMITED-qq-e-d-h-7,FINAL KONNEXION,LIMITED II,リジット固定/リジット固定,正立式/正立式,14/10,フルタップ全長調整式<br>単筒正立、単筒倒立式(車種により)<br>減衰力20段調整機能付<br>ピロアッパーマウント調整式(車種により)<br>リジットアッパーマウント(車種により)<br>スラストベアリングアッパーシート採用(車種により)<br>オーバーホール可能<br>車高調レンチ、製品証明書、オリジナルステッカー付属,,ポップアップフード付き車のローダウンやインチアップなどによるフードの不具合につきましては一切の責任を負いかねます(社外の「ポップアップフードキャンセラー」などのご使用をお勧めします)<br>リジットマウントタイプはゴム製品の為、摩擦により消耗致します<br>消耗を防ぐ為に必ず最低地上高を保ち、定期的にアッパー各部のボルト・ナット(センタートップナット)を増し締めして下さい<br>尚、リジットブッシュは定期的に確認し交換を行って下さい<br>プリロードのかけ過ぎにより異音がでますので取扱に十分に注意してご使用ください<br>強度計算書は付属しておりません<br>その他注意事項については、必ずメーカーHPにてご確認の上ご注文ください,79800,2000,88900,84400
トヨタ,ソアラ,JZZ30,,4WD取付不可,,75594,71162,243292,FK-LIMITED-qq-e-h-25,FK-LIMITED-qq-e-d-h-25,FINAL KONNEXION,LIMITED II,リジット固定/リジット固定,正立式/正立式,16/10,フルタップ全長調整式<br>単筒正立、単筒倒立式(車種により)<br>減衰力20段調整機能付<br>ピロアッパーマウント調整式(車種により)<br>リジットアッパーマウント(車種により)<br>スラストベアリングアッパーシート採用(車種により)<br>オーバーホール可能<br>車高調レンチ、製品証明書、オリジナルステッカー付属,,ポップアップフード付き車のローダウンやインチアップなどによるフードの不具合につきましては一切の責任を負いかねます(社外の「ポップアップフードキャンセラー」などのご使用をお勧めします)<br>リジットマウントタイプはゴム製品の為、摩擦により消耗致します<br>消耗を防ぐ為に必ず最低地上高を保ち、定期的にアッパー各部のボルト・ナット(センタートップナット)を増し締めして下さい<br>尚、リジットブッシュは定期的に確認し交換を行って下さい<br>プリロードのかけ過ぎにより異音がでますので取扱に十分に注意してご使用ください<br>強度計算書は付属しておりません<br>その他注意事項については、必ずメーカーHPにてご確認の上ご注文ください,79800,2000,88900,84400
トヨタ,ノア/ヴォクシー,AZR60G/AZR60W/ZRR70W,,4WD取付不可,,78253,73821,242677,FK-LIMITED-qq-e-h-44,FK-LIMITED-qq-e-d-h-44,FINAL KONNEXION,LIMITED II,リジット固定/別体式,正立式/正立式,8/10(特別形状),フルタップ全長調整式<br>単筒正立、単筒倒立式(車種により)<br>減衰力20段調整機能付<br>ピロアッパーマウント調整式(車種により)<br>リジットアッパーマウント(車種により)<br>スラストベアリングアッパーシート採用(車種により)<br>オーバーホール可能<br>車高調レンチ、製品証明書、オリジナルステッカー付属,リアショック純正ゴム使用<br>純正ダストブーツをカットして使用,ポップアップフード付き車のローダウンやインチアップなどによるフードの不具合につきましては一切の責任を負いかねます(社外の「ポップアップフードキャンセラー」などのご使用をお勧めします)<br>リジットマウントタイプはゴム製品の為、摩擦により消耗致します<br>消耗を防ぐ為に必ず最低地上高を保ち、定期的にアッパー各部のボルト・ナット(センタートップナット)を増し締めして下さい<br>尚、リジットブッシュは定期的に確認し交換を行って下さい<br>プリロードのかけ過ぎにより異音がでますので取扱に十分に注意してご使用ください<br>強度計算書は付属しておりません<br>その他注意事項については、必ずメーカーHPにてご確認の上ご注文ください,82800,2000,91600,87100
トヨタ,ノア/ヴォクシー/エスクァイア,ZRR80W/ZRR85W,,4WD取付不可,,78253,73821,243295,FK-LIMITED-qq-e-h-45,FK-LIMITED-qq-e-d-h-45,FINAL KONNEXION,LIMITED II,リジット固定/別体式,正立式/正立式,8/10(特別形状),フルタップ全長調整式<br>単筒正立、単筒倒立式(車種により)<br>減衰力20段調整機能付<br>ピロアッパーマウント調整式(車種により)<br>リジットアッパーマウント(車種により)<br>スラストベアリングアッパーシート採用(車種により)<br>オーバーホール可能<br>車高調レンチ、製品証明書、オリジナルステッカー付属,ダウン量F:-10～-130mm<br>ダウン量R:-10～-60mm,ポップアップフード付き車のローダウンやインチアップなどによるフードの不具合につきましては一切の責任を負いかねます(社外の「ポップアップフードキャンセラー」などのご使用をお勧めします)<br>リジットマウントタイプはゴム製品の為、摩擦により消耗致します<br>消耗を防ぐ為に必ず最低地上高を保ち、定期的にアッパー各部のボルト・ナット(センタートップナット)を増し締めして下さい<br>尚、リジットブッシュは定期的に確認し交換を行って下さい<br>プリロードのかけ過ぎにより異音がでますので取扱に十分に注意してご使用ください<br>強度計算書は付属しておりません<br>その他注意事項については、必ずメーカーHPにてご確認の上ご注文ください,82800,2000,91600,87100
トヨタ,ノア/ヴォクシー/エスクァイア,ZWR80W,,4WD取付不可,,78253,73821,242678,FK-LIMITED-qq-e-h-46,FK-LIMITED-qq-e-d-h-46,FINAL KONNEXION,LIMITED II,リジット固定/別体式,正立式/正立式,8/10(特別形状),フルタップ全長調整式<br>単筒正立、単筒倒立式(車種により)<br>減衰力20段調整機能付<br>ピロアッパーマウント調整式(車種により)<br>リジットアッパーマウント(車種により)<br>スラストベアリングアッパーシート採用(車種により)<br>オーバーホール可能<br>車高調レンチ、製品証明書、オリジナルステッカー付属,ダウン量F:-10～-130mm<br>ダウン量R:-10～-60mm,ポップアップフード付き車のローダウンやインチアップなどによるフードの不具合につきましては一切の責任を負いかねます(社外の「ポップアップフードキャンセラー」などのご使用をお勧めします)<br>リジットマウントタイプはゴム製品の為、摩擦により消耗致します<br>消耗を防ぐ為に必ず最低地上高を保ち、定期的にアッパー各部のボルト・ナット(センタートップナット)を増し締めして下さい<br>尚、リジットブッシュは定期的に確認し交換を行って下さい<br>プリロードのかけ過ぎにより異音がでますので取扱に十分に注意してご使用ください<br>強度計算書は付属しておりません<br>その他注意事項については、必ずメーカーHPにてご確認の上ご注文ください,82800,2000,91600,87100
トヨタ,ハイエース,200系,,2WD/4WD,,78253,73821,243215,FK-LIMITED-qq-e-h-50,出さない,FINAL KONNEXION,LIMITED II,マウントレス/-,正立式/正立式,10/4,フルタップ全長調整式<br>単筒正立、単筒倒立式(車種により)<br>減衰力20段調整機能付<br>ピロアッパーマウント調整式(車種により)<br>リジットアッパーマウント(車種により)<br>スラストベアリングアッパーシート採用(車種により)<br>オーバーホール可能<br>車高調レンチ、製品証明書、オリジナルステッカー付属,2インチのローダウン車用(ノーマルの車輛には取付不可)<br>4WDはフロントスプリングを外して使用<br>ダストブーツ・ブロック等は付属なし,ポップアップフード付き車のローダウンやインチアップなどによるフードの不具合につきましては一切の責任を負いかねます(社外の「ポップアップフードキャンセラー」などのご使用をお勧めします)<br>プリロードのかけ過ぎにより異音がでますので取扱に十分に注意してご使用ください<br>強度計算書は付属しておりません<br>その他注意事項については、必ずメーカーHPにてご確認の上ご注文ください,82800,2000,出さない,出さない
トヨタ,ハイエース,GDH211K,,2WD<br>4型後期,,78253,73821,243216,FK-LIMITED-qq-e-h-5k,FK-LIMITED-qq-e-d-h-5k,FINAL KONNEXION,LIMITED II,マウントレス/-,正立式/正立式,バネレス/4,フルタップ全長調整式<br>単筒正立、単筒倒立式(車種により)<br>減衰力20段調整機能付<br>ピロアッパーマウント調整式(車種により)<br>リジットアッパーマウント(車種により)<br>スラストベアリングアッパーシート採用(車種により)<br>オーバーホール可能<br>車高調レンチ、製品証明書、オリジナルステッカー付属,2インチのローダウン車用(ノーマルの車輛には取付不可)<br>ダストブーツ・ブロック等は付属なし,ポップアップフード付き車のローダウンやインチアップなどによるフードの不具合につきましては一切の責任を負いかねます(社外の「ポップアップフードキャンセラー」などのご使用をお勧めします)<br>プリロードのかけ過ぎにより異音がでますので取扱に十分に注意してご使用ください<br>強度計算書は付属しておりません<br>その他注意事項については、必ずメーカーHPにてご確認の上ご注文ください,82800,2000,116400,111900
トヨタ,ハリアー,ZSU60W/ZSU65W,,2WD/4WD,,78253,73821,243211,FK-LIMITED-qq-e-h-3k,FK-LIMITED-qq-e-d-h-3k,FINAL KONNEXION,LIMITED II,リジット固定/別体式,正立式/正立式,7/8.5(特別形状),フルタップ全長調整式<br>単筒正立、単筒倒立式(車種により)<br>減衰力20段調整機能付<br>ピロアッパーマウント調整式(車種により)<br>リジットアッパーマウント(車種により)<br>スラストベアリングアッパーシート採用(車種により)<br>オーバーホール可能<br>車高調レンチ、製品証明書、オリジナルステッカー付属,,ポップアップフード付き車のローダウンやインチアップなどによるフードの不具合につきましては一切の責任を負いかねます(社外の「ポップアップフードキャンセラー」などのご使用をお勧めします)<br>リジットマウントタイプはゴム製品の為、摩擦により消耗致します<br>消耗を防ぐ為に必ず最低地上高を保ち、定期的にアッパー各部のボルト・ナット(センタートップナット)を増し締めして下さい<br>尚、リジットブッシュは定期的に確認し交換を行って下さい<br>プリロードのかけ過ぎにより異音がでますので取扱に十分に注意してご使用ください<br>強度計算書は付属しておりません<br>その他注意事項については、必ずメーカーHPにてご確認の上ご注文ください,82800,2000,91600,87100
トヨタ,プリウス,ZVW30,,4WD取付不可,,78253,73821,243030,FK-LIMITED-qq-e-h-47,FK-LIMITED-qq-e-d-h-47,FINAL KONNEXION,LIMITED II,リジット固定/別体式,正立式/正立式,7/3.5(特別形状),フルタップ全長調整式<br>単筒正立、単筒倒立式(車種により)<br>減衰力20段調整機能付<br>ピロアッパーマウント調整式(車種により)<br>リジットアッパーマウント(車種により)<br>スラストベアリングアッパーシート採用(車種により)<br>オーバーホール可能<br>車高調レンチ、製品証明書、オリジナルステッカー付属,ダウン量F:0～-70mm<br>ダウン量R:-30～-80mm,ポップアップフード付き車のローダウンやインチアップなどによるフードの不具合につきましては一切の責任を負いかねます(社外の「ポップアップフードキャンセラー」などのご使用をお勧めします)<br>リジットマウントタイプはゴム製品の為、摩擦により消耗致します<br>消耗を防ぐ為に必ず最低地上高を保ち、定期的にアッパー各部のボルト・ナット(センタートップナット)を増し締めして下さい<br>尚、リジットブッシュは定期的に確認し交換を行って下さい<br>プリロードのかけ過ぎにより異音がでますので取扱に十分に注意してご使用ください<br>強度計算書は付属しておりません<br>その他注意事項については、必ずメーカーHPにてご確認の上ご注文ください,82800,2000,91600,87100
トヨタ,プリウス,ZVW50/ZVW51,,4WD取付不可,,78253,73821,243032,FK-LIMITED-qq-e-h-49,FK-LIMITED-qq-e-d-h-49,FINAL KONNEXION,LIMITED II,リジット固定/別体式,正立式/正立式,7/5(特別形状),フルタップ全長調整式<br>単筒正立、単筒倒立式(車種により)<br>減衰力20段調整機能付<br>ピロアッパーマウント調整式(車種により)<br>リジットアッパーマウント(車種により)<br>スラストベアリングアッパーシート採用(車種により)<br>オーバーホール可能<br>車高調レンチ、製品証明書、オリジナルステッカー付属,ダウン量F:+10～100mm<br>ダウン量R:-5～-65mm<br>フロント減衰力調整ダイヤル(上部)がボディカバーに干渉する場合は加工が必要,ポップアップフード付き車のローダウンやインチアップなどによるフードの不具合につきましては一切の責任を負いかねます(社外の「ポップアップフードキャンセラー」などのご使用をお勧めします)<br>リジットマウントタイプはゴム製品の為、摩擦により消耗致します<br>消耗を防ぐ為に必ず最低地上高を保ち、定期的にアッパー各部のボルト・ナット(センタートップナット)を増し締めして下さい<br>尚、リジットブッシュは定期的に確認し交換を行って下さい<br>プリロードのかけ過ぎにより異音がでますので取扱に十分に注意してご使用ください<br>強度計算書は付属しておりません<br>その他注意事項については、必ずメーカーHPにてご確認の上ご注文ください,82800,2000,91600,87100
トヨタ,プリウスPHV,ZVW35,,4WD取付不可,,78253,73821,243031,FK-LIMITED-qq-e-h-48,FK-LIMITED-qq-e-d-h-48,FINAL KONNEXION,LIMITED II,リジット固定/別体式,正立式/正立式,7/3.5(特別形状),フルタップ全長調整式<br>単筒正立、単筒倒立式(車種により)<br>減衰力20段調整機能付<br>ピロアッパーマウント調整式(車種により)<br>リジットアッパーマウント(車種により)<br>スラストベアリングアッパーシート採用(車種により)<br>オーバーホール可能<br>車高調レンチ、製品証明書、オリジナルステッカー付属,,ポップアップフード付き車のローダウンやインチアップなどによるフードの不具合につきましては一切の責任を負いかねます(社外の「ポップアップフードキャンセラー」などのご使用をお勧めします)<br>リジットマウントタイプはゴム製品の為、摩擦により消耗致します<br>消耗を防ぐ為に必ず最低地上高を保ち、定期的にアッパー各部のボルト・ナット(センタートップナット)を増し締めして下さい<br>尚、リジットブッシュは定期的に確認し交換を行って下さい<br>プリロードのかけ過ぎにより異音がでますので取扱に十分に注意してご使用ください<br>強度計算書は付属しておりません<br>その他注意事項については、必ずメーカーHPにてご確認の上ご注文ください,82800,2000,91600,87100
トヨタ,プリウスPHV,ZVW52,,4WD取付不可,,78253,73821,243214,FK-LIMITED-qq-e-h-4k,FK-LIMITED-qq-e-d-h-4k,FINAL KONNEXION,LIMITED II,リジット固定/別体式,正立式/正立式,7/6,フルタップ全長調整式<br>単筒正立、単筒倒立式(車種により)<br>減衰力20段調整機能付<br>ピロアッパーマウント調整式(車種により)<br>リジットアッパーマウント(車種により)<br>スラストベアリングアッパーシート採用(車種により)<br>オーバーホール可能<br>車高調レンチ、製品証明書、オリジナルステッカー付属,ダウン量F:0～-80mm<br>ダウン量R:+5～-55mm<br>フロント減衰力調整ダイヤル(上部)がボディカバーに干渉する場合は加工が必要,ポップアップフード付き車のローダウンやインチアップなどによるフードの不具合につきましては一切の責任を負いかねます(社外の「ポップアップフードキャンセラー」などのご使用をお勧めします)<br>リジットマウントタイプはゴム製品の為、摩擦により消耗致します<br>消耗を防ぐ為に必ず最低地上高を保ち、定期的にアッパー各部のボルト・ナット(センタートップナット)を増し締めして下さい<br>尚、リジットブッシュは定期的に確認し交換を行って下さい<br>プリロードのかけ過ぎにより異音がでますので取扱に十分に注意してご使用ください<br>強度計算書は付属しておりません<br>その他注意事項については、必ずメーカーHPにてご確認の上ご注文ください,82800,2000,91600,87100
トヨタ,プロボックス/サクシード,NCP58G/NCP51V,,4WD取付不可,,78253,73821,243217,FK-LIMITED-qq-e-h-6k,FK-LIMITED-qq-e-d-h-6k,FINAL KONNEXION,LIMITED II,リジット固定/別体式,倒立式/正立式,7/5,フルタップ全長調整式<br>単筒正立、単筒倒立式(車種により)<br>減衰力20段調整機能付<br>ピロアッパーマウント調整式(車種により)<br>リジットアッパーマウント(車種により)<br>スラストベアリングアッパーシート採用(車種により)<br>オーバーホール可能<br>車高調レンチ、製品証明書、オリジナルステッカー付属,,ポップアップフード付き車のローダウンやインチアップなどによるフードの不具合につきましては一切の責任を負いかねます(社外の「ポップアップフードキャンセラー」などのご使用をお勧めします)<br>リジットマウントタイプはゴム製品の為、摩擦により消耗致します<br>消耗を防ぐ為に必ず最低地上高を保ち、定期的にアッパー各部のボルト・ナット(センタートップナット)を増し締めして下さい<br>尚、リジットブッシュは定期的に確認し交換を行って下さい<br>プリロードのかけ過ぎにより異音がでますので取扱に十分に注意してご使用ください<br>強度計算書は付属しておりません<br>その他注意事項については、必ずメーカーHPにてご確認の上ご注文ください,82800,2000,91600,87100
トヨタ,プロボックス/サクシード,NHP160V/NCP160V/NSP160V,,4WD取付不可,,78253,73821,243222,FK-LIMITED-qq-e-h-7k,FK-LIMITED-qq-e-d-h-7k,FINAL KONNEXION,LIMITED II,マウントレス/別体式,正立式/正立式,6/7,フルタップ全長調整式<br>単筒正立、単筒倒立式(車種により)<br>減衰力20段調整機能付<br>ピロアッパーマウント調整式(車種により)<br>リジットアッパーマウント(車種により)<br>スラストベアリングアッパーシート採用(車種により)<br>オーバーホール可能<br>車高調レンチ、製品証明書、オリジナルステッカー付属,,ポップアップフード付き車のローダウンやインチアップなどによるフードの不具合につきましては一切の責任を負いかねます(社外の「ポップアップフードキャンセラー」などのご使用をお勧めします)<br>プリロードのかけ過ぎにより異音がでますので取扱に十分に注意してご使用ください<br>強度計算書は付属しておりません<br>その他注意事項については、必ずメーカーHPにてご確認の上ご注文ください,82800,2000,91600,87100
トヨタ,マークII,JZX110,,4WD取付不可,,75594,71162,243293,FK-LIMITED-qq-e-h-28,FK-LIMITED-qq-e-d-h-28,FINAL KONNEXION,LIMITED II,リジット固定/リジット固定,正立式/正立式,14/10,フルタップ全長調整式<br>単筒正立、単筒倒立式(車種により)<br>減衰力20段調整機能付<br>ピロアッパーマウント調整式(車種により)<br>リジットアッパーマウント(車種により)<br>スラストベアリングアッパーシート採用(車種により)<br>オーバーホール可能<br>車高調レンチ、製品証明書、オリジナルステッカー付属,,ポップアップフード付き車のローダウンやインチアップなどによるフードの不具合につきましては一切の責任を負いかねます(社外の「ポップアップフードキャンセラー」などのご使用をお勧めします)<br>リジットマウントタイプはゴム製品の為、摩擦により消耗致します<br>消耗を防ぐ為に必ず最低地上高を保ち、定期的にアッパー各部のボルト・ナット(センタートップナット)を増し締めして下さい<br>尚、リジットブッシュは定期的に確認し交換を行って下さい<br>プリロードのかけ過ぎにより異音がでますので取扱に十分に注意してご使用ください<br>強度計算書は付属しておりません<br>その他注意事項については、必ずメーカーHPにてご確認の上ご注文ください,79800,2000,88900,84400
トヨタ,マークII/チェイサー/クレスタ,JZX100,,4WD取付不可,,75594,71162,242835,FK-LIMITED-qq-e-h-27,FK-LIMITED-qq-e-d-h-27,FINAL KONNEXION,LIMITED II,リジット固定/リジット固定,正立式/正立式,12/8,フルタップ全長調整式<br>単筒正立、単筒倒立式(車種により)<br>減衰力20段調整機能付<br>ピロアッパーマウント調整式(車種により)<br>リジットアッパーマウント(車種により)<br>スラストベアリングアッパーシート採用(車種により)<br>オーバーホール可能<br>車高調レンチ、製品証明書、オリジナルステッカー付属,,ポップアップフード付き車のローダウンやインチアップなどによるフードの不具合につきましては一切の責任を負いかねます(社外の「ポップアップフードキャンセラー」などのご使用をお勧めします)<br>リジットマウントタイプはゴム製品の為、摩擦により消耗致します<br>消耗を防ぐ為に必ず最低地上高を保ち、定期的にアッパー各部のボルト・ナット(センタートップナット)を増し締めして下さい<br>尚、リジットブッシュは定期的に確認し交換を行って下さい<br>プリロードのかけ過ぎにより異音がでますので取扱に十分に注意してご使用ください<br>強度計算書は付属しておりません<br>その他注意事項については、必ずメーカーHPにてご確認の上ご注文ください,79800,2000,88900,84400,,,,,
トヨタ,マークII/チェイサー/クレスタ,JZX90,,4WD取付不可,,75594,71162,243208,FK-LIMITED-qq-e-h-26,FK-LIMITED-qq-e-d-h-26,FINAL KONNEXION,LIMITED II,リジット固定/リジット固定,正立式/正立式,12/8,フルタップ全長調整式<br>単筒正立、単筒倒立式(車種により)<br>減衰力20段調整機能付<br>ピロアッパーマウント調整式(車種により)<br>リジットアッパーマウント(車種により)<br>スラストベアリングアッパーシート採用(車種により)<br>オーバーホール可能<br>車高調レンチ、製品証明書、オリジナルステッカー付属,,ポップアップフード付き車のローダウンやインチアップなどによるフードの不具合につきましては一切の責任を負いかねます(社外の「ポップアップフードキャンセラー」などのご使用をお勧めします)<br>リジットマウントタイプはゴム製品の為、摩擦により消耗致します<br>消耗を防ぐ為に必ず最低地上高を保ち、定期的にアッパー各部のボルト・ナット(センタートップナット)を増し締めして下さい<br>尚、リジットブッシュは定期的に確認し交換を行って下さい<br>プリロードのかけ過ぎにより異音がでますので取扱に十分に注意してご使用ください<br>強度計算書は付属しておりません<br>その他注意事項については、必ずメーカーHPにてご確認の上ご注文ください,79800,2000,88900,84400,,,,,
トヨタ,マークX,GRX120,,4WD取付不可,,75594,71162,243026,FK-LIMITED-qq-e-h-30,FK-LIMITED-qq-e-d-h-30,FINAL KONNEXION,LIMITED II,リジット固定/リジット固定,正立式/正立式,12/10,フルタップ全長調整式<br>単筒正立、単筒倒立式(車種により)<br>減衰力20段調整機能付<br>ピロアッパーマウント調整式(車種により)<br>リジットアッパーマウント(車種により)<br>スラストベアリングアッパーシート採用(車種により)<br>オーバーホール可能<br>車高調レンチ、製品証明書、オリジナルステッカー付属,,ポップアップフード付き車のローダウンやインチアップなどによるフードの不具合につきましては一切の責任を負いかねます(社外の「ポップアップフードキャンセラー」などのご使用をお勧めします)<br>リジットマウントタイプはゴム製品の為、摩擦により消耗致します<br>消耗を防ぐ為に必ず最低地上高を保ち、定期的にアッパー各部のボルト・ナット(センタートップナット)を増し締めして下さい<br>尚、リジットブッシュは定期的に確認し交換を行って下さい<br>プリロードのかけ過ぎにより異音がでますので取扱に十分に注意してご使用ください<br>強度計算書は付属しておりません<br>その他注意事項については、必ずメーカーHPにてご確認の上ご注文ください,79800,2000,88900,84400,,,,,
トヨタ,マークX,GRX125,,4WD,,78253,73821,243027,FK-LIMITED-qq-e-h-31,FK-LIMITED-qq-e-d-h-31,FINAL KONNEXION,LIMITED II,リジット固定/リジット固定,正立式/正立式,12/10,フルタップ全長調整式<br>単筒正立、単筒倒立式(車種により)<br>減衰力20段調整機能付<br>ピロアッパーマウント調整式(車種により)<br>リジットアッパーマウント(車種により)<br>スラストベアリングアッパーシート採用(車種により)<br>オーバーホール可能<br>車高調レンチ、製品証明書、オリジナルステッカー付属,,ポップアップフード付き車のローダウンやインチアップなどによるフードの不具合につきましては一切の責任を負いかねます(社外の「ポップアップフードキャンセラー」などのご使用をお勧めします)<br>リジットマウントタイプはゴム製品の為、摩擦により消耗致します<br>消耗を防ぐ為に必ず最低地上高を保ち、定期的にアッパー各部のボルト・ナット(センタートップナット)を増し締めして下さい<br>尚、リジットブッシュは定期的に確認し交換を行って下さい<br>プリロードのかけ過ぎにより異音がでますので取扱に十分に注意してご使用ください<br>強度計算書は付属しておりません<br>その他注意事項については、必ずメーカーHPにてご確認の上ご注文ください,82800,2000,91600,87100,,,,,
トヨタ,マークX,GRX130,,4WD取付不可,,75594,71162,243028,FK-LIMITED-qq-e-h-32,FK-LIMITED-qq-e-d-h-32,FINAL KONNEXION,LIMITED II,リジット固定/リジット固定,正立式/正立式,12/10,フルタップ全長調整式<br>単筒正立、単筒倒立式(車種により)<br>減衰力20段調整機能付<br>ピロアッパーマウント調整式(車種により)<br>リジットアッパーマウント(車種により)<br>スラストベアリングアッパーシート採用(車種により)<br>オーバーホール可能<br>車高調レンチ、製品証明書、オリジナルステッカー付属,,ポップアップフード付き車のローダウンやインチアップなどによるフードの不具合につきましては一切の責任を負いかねます(社外の「ポップアップフードキャンセラー」などのご使用をお勧めします)<br>リジットマウントタイプはゴム製品の為、摩擦により消耗致します<br>消耗を防ぐ為に必ず最低地上高を保ち、定期的にアッパー各部のボルト・ナット(センタートップナット)を増し締めして下さい<br>尚、リジットブッシュは定期的に確認し交換を行って下さい<br>プリロードのかけ過ぎにより異音がでますので取扱に十分に注意してご使用ください<br>強度計算書は付属しておりません<br>その他注意事項については、必ずメーカーHPにてご確認の上ご注文ください,79800,2000,88900,84400,,,,,
トヨタ,マークX,GRX135,,4WD,,78253,73821,242836,FK-LIMITED-qq-e-h-33,FK-LIMITED-qq-e-d-h-33,FINAL KONNEXION,LIMITED II,リジット固定/リジット固定,正立式/正立式,12/10,フルタップ全長調整式<br>単筒正立、単筒倒立式(車種により)<br>減衰力20段調整機能付<br>ピロアッパーマウント調整式(車種により)<br>リジットアッパーマウント(車種により)<br>スラストベアリングアッパーシート採用(車種により)<br>オーバーホール可能<br>車高調レンチ、製品証明書、オリジナルステッカー付属,,ポップアップフード付き車のローダウンやインチアップなどによるフードの不具合につきましては一切の責任を負いかねます(社外の「ポップアップフードキャンセラー」などのご使用をお勧めします)<br>リジットマウントタイプはゴム製品の為、摩擦により消耗致します<br>消耗を防ぐ為に必ず最低地上高を保ち、定期的にアッパー各部のボルト・ナット(センタートップナット)を増し締めして下さい<br>尚、リジットブッシュは定期的に確認し交換を行って下さい<br>プリロードのかけ過ぎにより異音がでますので取扱に十分に注意してご使用ください<br>強度計算書は付属しておりません<br>その他注意事項については、必ずメーカーHPにてご確認の上ご注文ください,82800,2000,91600,87100,,,,,
トヨタ,マジェスタ,JZS14,,4WD取付不可,,75594,71162,243024,FK-LIMITED-qq-e-h-20,FK-LIMITED-qq-e-d-h-20,FINAL KONNEXION,LIMITED II,リジット固定/リジット固定,正立式/正立式,16/10,フルタップ全長調整式<br>単筒正立、単筒倒立式(車種により)<br>減衰力20段調整機能付<br>ピロアッパーマウント調整式(車種により)<br>リジットアッパーマウント(車種により)<br>スラストベアリングアッパーシート採用(車種により)<br>オーバーホール可能<br>車高調レンチ、製品証明書、オリジナルステッカー付属,エアサス車は車検非対応(構造変更書類はお出ししていません),ポップアップフード付き車のローダウンやインチアップなどによるフードの不具合につきましては一切の責任を負いかねます(社外の「ポップアップフードキャンセラー」などのご使用をお勧めします)<br>リジットマウントタイプはゴム製品の為、摩擦により消耗致します<br>消耗を防ぐ為に必ず最低地上高を保ち、定期的にアッパー各部のボルト・ナット(センタートップナット)を増し締めして下さい<br>尚、リジットブッシュは定期的に確認し交換を行って下さい<br>プリロードのかけ過ぎにより異音がでますので取扱に十分に注意してご使用ください<br>強度計算書は付属しておりません<br>その他注意事項については、必ずメーカーHPにてご確認の上ご注文ください,79800,2000,88900,84400,,,,,
トヨタ,マジェスタ,JZS15/UZS15,,4WD取付不可,,75594,71162,242673,FK-LIMITED-qq-e-h-21,FK-LIMITED-qq-e-d-h-21,FINAL KONNEXION,LIMITED II,リジット固定/リジット固定,正立式/正立式,16/10,フルタップ全長調整式<br>単筒正立、単筒倒立式(車種により)<br>減衰力20段調整機能付<br>ピロアッパーマウント調整式(車種により)<br>リジットアッパーマウント(車種により)<br>スラストベアリングアッパーシート採用(車種により)<br>オーバーホール可能<br>車高調レンチ、製品証明書、オリジナルステッカー付属,エアサス車は車検非対応(構造変更書類はお出ししていません),ポップアップフード付き車のローダウンやインチアップなどによるフードの不具合につきましては一切の責任を負いかねます(社外の「ポップアップフードキャンセラー」などのご使用をお勧めします)<br>リジットマウントタイプはゴム製品の為、摩擦により消耗致します<br>消耗を防ぐ為に必ず最低地上高を保ち、定期的にアッパー各部のボルト・ナット(センタートップナット)を増し締めして下さい<br>尚、リジットブッシュは定期的に確認し交換を行って下さい<br>プリロードのかけ過ぎにより異音がでますので取扱に十分に注意してご使用ください<br>強度計算書は付属しておりません<br>その他注意事項については、必ずメーカーHPにてご確認の上ご注文ください,79800,2000,88900,84400,,,,,
トヨタ,マジェスタ,JZS17/UZS17,,4WD取付不可,,75594,71162,243205,FK-LIMITED-qq-e-h-22,FK-LIMITED-qq-e-d-h-22,FINAL KONNEXION,LIMITED II,リジット固定/リジット固定,正立式/正立式,14/8,フルタップ全長調整式<br>単筒正立、単筒倒立式(車種により)<br>減衰力20段調整機能付<br>ピロアッパーマウント調整式(車種により)<br>リジットアッパーマウント(車種により)<br>スラストベアリングアッパーシート採用(車種により)<br>オーバーホール可能<br>車高調レンチ、製品証明書、オリジナルステッカー付属,エアサス車は車検非対応(構造変更書類はお出ししていません),ポップアップフード付き車のローダウンやインチアップなどによるフードの不具合につきましては一切の責任を負いかねます(社外の「ポップアップフードキャンセラー」などのご使用をお勧めします)<br>リジットマウントタイプはゴム製品の為、摩擦により消耗致します<br>消耗を防ぐ為に必ず最低地上高を保ち、定期的にアッパー各部のボルト・ナット(センタートップナット)を増し締めして下さい<br>尚、リジットブッシュは定期的に確認し交換を行って下さい<br>プリロードのかけ過ぎにより異音がでますので取扱に十分に注意してご使用ください<br>強度計算書は付属しておりません<br>その他注意事項については、必ずメーカーHPにてご確認の上ご注文ください,79800,2000,88900,84400,,,,,
トヨタ,マジェスタ,UZS18,,4WD取付不可,,75594,71162,243206,FK-LIMITED-qq-e-h-23,FK-LIMITED-qq-e-d-h-23,FINAL KONNEXION,LIMITED II,リジット固定/リジット固定,正立式/正立式,14/10,フルタップ全長調整式<br>単筒正立、単筒倒立式(車種により)<br>減衰力20段調整機能付<br>ピロアッパーマウント調整式(車種により)<br>リジットアッパーマウント(車種により)<br>スラストベアリングアッパーシート採用(車種により)<br>オーバーホール可能<br>車高調レンチ、製品証明書、オリジナルステッカー付属,エアサス車は車検非対応(構造変更書類はお出ししていません),ポップアップフード付き車のローダウンやインチアップなどによるフードの不具合につきましては一切の責任を負いかねます(社外の「ポップアップフードキャンセラー」などのご使用をお勧めします)<br>リジットマウントタイプはゴム製品の為、摩擦により消耗致します<br>消耗を防ぐ為に必ず最低地上高を保ち、定期的にアッパー各部のボルト・ナット(センタートップナット)を増し締めして下さい<br>尚、リジットブッシュは定期的に確認し交換を行って下さい<br>プリロードのかけ過ぎにより異音がでますので取扱に十分に注意してご使用ください<br>強度計算書は付属しておりません<br>その他注意事項については、必ずメーカーHPにてご確認の上ご注文ください,79800,2000,88900,84400,,,,,
トヨタ,ルーミー/タンク,M900A,,4WD取付不可,,78253,73821,243039,FK-LIMITED-qq-e-h-8k,FK-LIMITED-qq-e-d-h-8k,FINAL KONNEXION,LIMITED II,リジット固定/別体式,正立式/正立式,6/3.5,フルタップ全長調整式<br>単筒正立、単筒倒立式(車種により)<br>減衰力20段調整機能付<br>ピロアッパーマウント調整式(車種により)<br>リジットアッパーマウント(車種により)<br>スラストベアリングアッパーシート採用(車種により)<br>オーバーホール可能<br>車高調レンチ、製品証明書、オリジナルステッカー付属,,ポップアップフード付き車のローダウンやインチアップなどによるフードの不具合につきましては一切の責任を負いかねます(社外の「ポップアップフードキャンセラー」などのご使用をお勧めします)<br>リジットマウントタイプはゴム製品の為、摩擦により消耗致します<br>消耗を防ぐ為に必ず最低地上高を保ち、定期的にアッパー各部のボルト・ナット(センタートップナット)を増し締めして下さい<br>尚、リジットブッシュは定期的に確認し交換を行って下さい<br>プリロードのかけ過ぎにより異音がでますので取扱に十分に注意してご使用ください<br>強度計算書は付属しておりません<br>その他注意事項については、必ずメーカーHPにてご確認の上ご注文ください,82800,2000,91600,87100,,,,,
日産,180SX,RPS13,,4WD取付不可,,80025,75594,243036,FK-LIMITED-qq-e-h-65,FK-LIMITED-qq-e-d-h-65,FINAL KONNEXION,LIMITED II,ピロ調整/リジット固定,倒立式/正立式,8/6,フルタップ全長調整式<br>単筒正立、単筒倒立式(車種により)<br>減衰力20段調整機能付<br>ピロアッパーマウント調整式(車種により)<br>リジットアッパーマウント(車種により)<br>スラストベアリングアッパーシート採用(車種により)<br>オーバーホール可能<br>車高調レンチ、製品証明書、オリジナルステッカー付属,,ポップアップフード付き車のローダウンやインチアップなどによるフードの不具合につきましては一切の責任を負いかねます(社外の「ポップアップフードキャンセラー」などのご使用をお勧めします)<br>リジットマウントタイプはゴム製品の為、摩擦により消耗致します<br>消耗を防ぐ為に必ず最低地上高を保ち、定期的にアッパー各部のボルト・ナット(センタートップナット)を増し締めして下さい<br>尚、リジットブッシュは定期的に確認し交換を行って下さい<br>プリロードのかけ過ぎにより異音がでますので取扱に十分に注意してご使用ください<br>強度計算書は付属しておりません<br>その他注意事項については、必ずメーカーHPにてご確認の上ご注文ください,84800,2000,93400,88900,,,,,
日産,シルビア,S13,,4WD取付不可,,80025,75594,242843,FK-LIMITED-qq-e-h-62,FK-LIMITED-qq-e-d-h-62,FINAL KONNEXION,LIMITED II,ピロ調整/リジット固定,倒立式/正立式,8/6,フルタップ全長調整式<br>単筒正立、単筒倒立式(車種により)<br>減衰力20段調整機能付<br>ピロアッパーマウント調整式(車種により)<br>リジットアッパーマウント(車種により)<br>スラストベアリングアッパーシート採用(車種により)<br>オーバーホール可能<br>車高調レンチ、製品証明書、オリジナルステッカー付属,,ポップアップフード付き車のローダウンやインチアップなどによるフードの不具合につきましては一切の責任を負いかねます(社外の「ポップアップフードキャンセラー」などのご使用をお勧めします)<br>リジットマウントタイプはゴム製品の為、摩擦により消耗致します<br>消耗を防ぐ為に必ず最低地上高を保ち、定期的にアッパー各部のボルト・ナット(センタートップナット)を増し締めして下さい<br>尚、リジットブッシュは定期的に確認し交換を行って下さい<br>プリロードのかけ過ぎにより異音がでますので取扱に十分に注意してご使用ください<br>強度計算書は付属しておりません<br>その他注意事項については、必ずメーカーHPにてご確認の上ご注文ください,84800,2000,93400,88900,,,,,
日産,シルビア,S14,,4WD取付不可,,80025,75594,243035,FK-LIMITED-qq-e-h-63,FK-LIMITED-qq-e-d-h-63,FINAL KONNEXION,LIMITED II,ピロ調整/リジット固定,倒立式/正立式,8/6,フルタップ全長調整式<br>単筒正立、単筒倒立式(車種により)<br>減衰力20段調整機能付<br>ピロアッパーマウント調整式(車種により)<br>リジットアッパーマウント(車種により)<br>スラストベアリングアッパーシート採用(車種により)<br>オーバーホール可能<br>車高調レンチ、製品証明書、オリジナルステッカー付属,,ポップアップフード付き車のローダウンやインチアップなどによるフードの不具合につきましては一切の責任を負いかねます(社外の「ポップアップフードキャンセラー」などのご使用をお勧めします)<br>リジットマウントタイプはゴム製品の為、摩擦により消耗致します<br>消耗を防ぐ為に必ず最低地上高を保ち、定期的にアッパー各部のボルト・ナット(センタートップナット)を増し締めして下さい<br>尚、リジットブッシュは定期的に確認し交換を行って下さい<br>プリロードのかけ過ぎにより異音がでますので取扱に十分に注意してご使用ください<br>強度計算書は付属しておりません<br>その他注意事項については、必ずメーカーHPにてご確認の上ご注文ください,84800,2000,93400,88900,,,,,
日産,シルビア,S15,,4WD取付不可,,80025,75594,242844,FK-LIMITED-qq-e-h-64,FK-LIMITED-qq-e-d-h-64,FINAL KONNEXION,LIMITED II,ピロ調整/リジット固定,倒立式/正立式,8/6,フルタップ全長調整式<br>単筒正立、単筒倒立式(車種により)<br>減衰力20段調整機能付<br>ピロアッパーマウント調整式(車種により)<br>リジットアッパーマウント(車種により)<br>スラストベアリングアッパーシート採用(車種により)<br>オーバーホール可能<br>車高調レンチ、製品証明書、オリジナルステッカー付属,,ポップアップフード付き車のローダウンやインチアップなどによるフードの不具合につきましては一切の責任を負いかねます(社外の「ポップアップフードキャンセラー」などのご使用をお勧めします)<br>リジットマウントタイプはゴム製品の為、摩擦により消耗致します<br>消耗を防ぐ為に必ず最低地上高を保ち、定期的にアッパー各部のボルト・ナット(センタートップナット)を増し締めして下さい<br>尚、リジットブッシュは定期的に確認し交換を行って下さい<br>プリロードのかけ過ぎにより異音がでますので取扱に十分に注意してご使用ください<br>強度計算書は付属しておりません<br>その他注意事項については、必ずメーカーHPにてご確認の上ご注文ください,84800,2000,93400,88900,,,,,
日産,スカイライン,BCNR33,,4WD取付不可,,75594,71162,242540,FK-LIMITED-qq-e-h-58m/FK-LIMITED-qq-e-h-58k,FK-LIMITED-qq-e-d-h-58m/FK-LIMITED-qq-e-d-h-58k,FINAL KONNEXION,LIMITED II,リジット固定/リジット固定,正立式/正立式,10/8,フルタップ全長調整式<br>単筒正立、単筒倒立式(車種により)<br>減衰力20段調整機能付<br>ピロアッパーマウント調整式(車種により)<br>リジットアッパーマウント(車種により)<br>スラストベアリングアッパーシート採用(車種により)<br>オーバーホール可能<br>車高調レンチ、製品証明書、オリジナルステッカー付属,リアブラケット丸型・コの字型をご指定下さい,ポップアップフード付き車のローダウンやインチアップなどによるフードの不具合につきましては一切の責任を負いかねます(社外の「ポップアップフードキャンセラー」などのご使用をお勧めします)<br>リジットマウントタイプはゴム製品の為、摩擦により消耗致します<br>消耗を防ぐ為に必ず最低地上高を保ち、定期的にアッパー各部のボルト・ナット(センタートップナット)を増し締めして下さい<br>尚、リジットブッシュは定期的に確認し交換を行って下さい<br>プリロードのかけ過ぎにより異音がでますので取扱に十分に注意してご使用ください<br>強度計算書は付属しておりません<br>その他注意事項については、必ずメーカーHPにてご確認の上ご注文ください,79800,2000,88900,84400,,リアブラケット,2,FK-LIMITED-qq-e-h-58,FK-LIMITED-qq-e-d-h-58
日産,スカイライン,BNR32,,4WD取付不可,,75594,71162,242841,FK-LIMITED-qq-e-h-56,FK-LIMITED-qq-e-d-h-56,FINAL KONNEXION,LIMITED II,リジット固定/リジット固定,正立式/正立式,10/8,フルタップ全長調整式<br>単筒正立、単筒倒立式(車種により)<br>減衰力20段調整機能付<br>ピロアッパーマウント調整式(車種により)<br>リジットアッパーマウント(車種により)<br>スラストベアリングアッパーシート採用(車種により)<br>オーバーホール可能<br>車高調レンチ、製品証明書、オリジナルステッカー付属,リアブラケット形状を確認して下さい,ポップアップフード付き車のローダウンやインチアップなどによるフードの不具合につきましては一切の責任を負いかねます(社外の「ポップアップフードキャンセラー」などのご使用をお勧めします)<br>リジットマウントタイプはゴム製品の為、摩擦により消耗致します<br>消耗を防ぐ為に必ず最低地上高を保ち、定期的にアッパー各部のボルト・ナット(センタートップナット)を増し締めして下さい<br>尚、リジットブッシュは定期的に確認し交換を行って下さい<br>プリロードのかけ過ぎにより異音がでますので取扱に十分に注意してご使用ください<br>強度計算書は付属しておりません<br>その他注意事項については、必ずメーカーHPにてご確認の上ご注文ください,79800,2000,88900,84400,,,,,
日産,スカイライン,BNR34,,4WD取付不可,,75594,71162,242492,FK-LIMITED-qq-e-h-60m/FK-LIMITED-qq-e-h-60k,FK-LIMITED-qq-e-d-h-60m/FK-LIMITED-qq-e-d-h-60k,FINAL KONNEXION,LIMITED II,リジット固定/リジット固定,正立式/正立式,10/8,フルタップ全長調整式<br>単筒正立、単筒倒立式(車種により)<br>減衰力20段調整機能付<br>ピロアッパーマウント調整式(車種により)<br>リジットアッパーマウント(車種により)<br>スラストベアリングアッパーシート採用(車種により)<br>オーバーホール可能<br>車高調レンチ、製品証明書、オリジナルステッカー付属,リアブラケット丸型・コの字型をご指定下さい,ポップアップフード付き車のローダウンやインチアップなどによるフードの不具合につきましては一切の責任を負いかねます(社外の「ポップアップフードキャンセラー」などのご使用をお勧めします)<br>リジットマウントタイプはゴム製品の為、摩擦により消耗致します<br>消耗を防ぐ為に必ず最低地上高を保ち、定期的にアッパー各部のボルト・ナット(センタートップナット)を増し締めして下さい<br>尚、リジットブッシュは定期的に確認し交換を行って下さい<br>プリロードのかけ過ぎにより異音がでますので取扱に十分に注意してご使用ください<br>強度計算書は付属しておりません<br>その他注意事項については、必ずメーカーHPにてご確認の上ご注文ください,79800,2000,88900,84400,,リアブラケット,2,FK-LIMITED-qq-e-h-60,FK-LIMITED-qq-e-d-h-60
日産,スカイライン,ECR33,,4WD取付不可,,75594,71162,242519,FK-LIMITED-qq-e-h-57m/FK-LIMITED-qq-e-h-57k,FK-LIMITED-qq-e-d-h-57m/FK-LIMITED-qq-e-d-h-57k,FINAL KONNEXION,LIMITED II,リジット固定/リジット固定,正立式/正立式,8/6,フルタップ全長調整式<br>単筒正立、単筒倒立式(車種により)<br>減衰力20段調整機能付<br>ピロアッパーマウント調整式(車種により)<br>リジットアッパーマウント(車種により)<br>スラストベアリングアッパーシート採用(車種により)<br>オーバーホール可能<br>車高調レンチ、製品証明書、オリジナルステッカー付属,リアブラケット丸型・コの字型をご指定下さい,ポップアップフード付き車のローダウンやインチアップなどによるフードの不具合につきましては一切の責任を負いかねます(社外の「ポップアップフードキャンセラー」などのご使用をお勧めします)<br>リジットマウントタイプはゴム製品の為、摩擦により消耗致します<br>消耗を防ぐ為に必ず最低地上高を保ち、定期的にアッパー各部のボルト・ナット(センタートップナット)を増し締めして下さい<br>尚、リジットブッシュは定期的に確認し交換を行って下さい<br>プリロードのかけ過ぎにより異音がでますので取扱に十分に注意してご使用ください<br>強度計算書は付属しておりません<br>その他注意事項については、必ずメーカーHPにてご確認の上ご注文ください,79800,2000,88900,84400,,リアブラケット,2,FK-LIMITED-qq-e-h-57,FK-LIMITED-qq-e-d-h-57
日産,スカイライン,HCR32,,4WD取付不可,,75594,71162,242680,FK-LIMITED-qq-e-h-55,FK-LIMITED-qq-e-d-h-55,FINAL KONNEXION,LIMITED II,リジット固定/リジット固定,正立式/正立式,8/6,フルタップ全長調整式<br>単筒正立、単筒倒立式(車種により)<br>減衰力20段調整機能付<br>ピロアッパーマウント調整式(車種により)<br>リジットアッパーマウント(車種により)<br>スラストベアリングアッパーシート採用(車種により)<br>オーバーホール可能<br>車高調レンチ、製品証明書、オリジナルステッカー付属,リアブラケット形状を確認して下さい,ポップアップフード付き車のローダウンやインチアップなどによるフードの不具合につきましては一切の責任を負いかねます(社外の「ポップアップフードキャンセラー」などのご使用をお勧めします)<br>リジットマウントタイプはゴム製品の為、摩擦により消耗致します<br>消耗を防ぐ為に必ず最低地上高を保ち、定期的にアッパー各部のボルト・ナット(センタートップナット)を増し締めして下さい<br>尚、リジットブッシュは定期的に確認し交換を行って下さい<br>プリロードのかけ過ぎにより異音がでますので取扱に十分に注意してご使用ください<br>強度計算書は付属しておりません<br>その他注意事項については、必ずメーカーHPにてご確認の上ご注文ください,79800,2000,88900,84400,,,,,
日産,スカイライン,R34,,4WD取付不可,,75594,71162,242520,FK-LIMITED-qq-e-h-59m/FK-LIMITED-qq-e-h-59k,FK-LIMITED-qq-e-d-h-59m/FK-LIMITED-qq-e-d-h-59k,FINAL KONNEXION,LIMITED II,リジット固定/リジット固定,正立式/正立式,8/6,フルタップ全長調整式<br>単筒正立、単筒倒立式(車種により)<br>減衰力20段調整機能付<br>ピロアッパーマウント調整式(車種により)<br>リジットアッパーマウント(車種により)<br>スラストベアリングアッパーシート採用(車種により)<br>オーバーホール可能<br>車高調レンチ、製品証明書、オリジナルステッカー付属,リアブラケット丸型・コの字型をご指定下さい,ポップアップフード付き車のローダウンやインチアップなどによるフードの不具合につきましては一切の責任を負いかねます(社外の「ポップアップフードキャンセラー」などのご使用をお勧めします)<br>リジットマウントタイプはゴム製品の為、摩擦により消耗致します<br>消耗を防ぐ為に必ず最低地上高を保ち、定期的にアッパー各部のボルト・ナット(センタートップナット)を増し締めして下さい<br>尚、リジットブッシュは定期的に確認し交換を行って下さい<br>プリロードのかけ過ぎにより異音がでますので取扱に十分に注意してご使用ください<br>強度計算書は付属しておりません<br>その他注意事項については、必ずメーカーHPにてご確認の上ご注文ください,79800,2000,88900,84400,,リアブラケット,2,FK-LIMITED-qq-e-h-59,FK-LIMITED-qq-e-d-h-59
日産,スカイライン,V35,,2DR/4DR<br>4WD取付不可,,80025,75594,243034,FK-LIMITED-qq-e-h-61,FK-LIMITED-qq-e-d-h-61,FINAL KONNEXION,LIMITED II,リジット固定/別体式,正立式/正立式,12/9(特別形状),フルタップ全長調整式<br>単筒正立、単筒倒立式(車種により)<br>減衰力20段調整機能付<br>ピロアッパーマウント調整式(車種により)<br>リジットアッパーマウント(車種により)<br>スラストベアリングアッパーシート採用(車種により)<br>オーバーホール可能<br>車高調レンチ、製品証明書、オリジナルステッカー付属,リアブラケット形状を確認して下さい,ポップアップフード付き車のローダウンやインチアップなどによるフードの不具合につきましては一切の責任を負いかねます(社外の「ポップアップフードキャンセラー」などのご使用をお勧めします)<br>リジットマウントタイプはゴム製品の為、摩擦により消耗致します<br>消耗を防ぐ為に必ず最低地上高を保ち、定期的にアッパー各部のボルト・ナット(センタートップナット)を増し締めして下さい<br>尚、リジットブッシュは定期的に確認し交換を行って下さい<br>プリロードのかけ過ぎにより異音がでますので取扱に十分に注意してご使用ください<br>強度計算書は付属しておりません<br>その他注意事項については、必ずメーカーHPにてご確認の上ご注文ください,84800,2000,93400,88900,,,,,
日産,ステージア,WGC34,,2WD,,80025,75594,242523,FK-LIMITED-qq-e-h-70m/FK-LIMITED-qq-e-h-70k,FK-LIMITED-qq-e-d-h-70m/FK-LIMITED-qq-e-d-h-70k,FINAL KONNEXION,LIMITED II,ピロ調整/リジット固定,倒立式/正立式,8/6,フルタップ全長調整式<br>単筒正立、単筒倒立式(車種により)<br>減衰力20段調整機能付<br>ピロアッパーマウント調整式(車種により)<br>リジットアッパーマウント(車種により)<br>スラストベアリングアッパーシート採用(車種により)<br>オーバーホール可能<br>車高調レンチ、製品証明書、オリジナルステッカー付属,リアブラケット丸型・コの字型をご指定下さい,ポップアップフード付き車のローダウンやインチアップなどによるフードの不具合につきましては一切の責任を負いかねます(社外の「ポップアップフードキャンセラー」などのご使用をお勧めします)<br>リジットマウントタイプはゴム製品の為、摩擦により消耗致します<br>消耗を防ぐ為に必ず最低地上高を保ち、定期的にアッパー各部のボルト・ナット(センタートップナット)を増し締めして下さい<br>尚、リジットブッシュは定期的に確認し交換を行って下さい<br>プリロードのかけ過ぎにより異音がでますので取扱に十分に注意してご使用ください<br>強度計算書は付属しておりません<br>その他注意事項については、必ずメーカーHPにてご確認の上ご注文ください,84800,2000,93400,88900,,リアブラケット,2,FK-LIMITED-qq-e-h-70,FK-LIMITED-qq-e-d-h-70
日産,ステージア,WGNC34,,4WD,,75594,71162,242493,FK-LIMITED-qq-e-h-71m/FK-LIMITED-qq-e-h-71k,FK-LIMITED-qq-e-d-h-71m/FK-LIMITED-qq-e-d-h-71k,FINAL KONNEXION,LIMITED II,リジット固定/リジット固定,正立式/正立式,8/6,フルタップ全長調整式<br>単筒正立、単筒倒立式(車種により)<br>減衰力20段調整機能付<br>ピロアッパーマウント調整式(車種により)<br>リジットアッパーマウント(車種により)<br>スラストベアリングアッパーシート採用(車種により)<br>オーバーホール可能<br>車高調レンチ、製品証明書、オリジナルステッカー付属,リアブラケット丸型・コの字型をご指定下さい,ポップアップフード付き車のローダウンやインチアップなどによるフードの不具合につきましては一切の責任を負いかねます(社外の「ポップアップフードキャンセラー」などのご使用をお勧めします)<br>リジットマウントタイプはゴム製品の為、摩擦により消耗致します<br>消耗を防ぐ為に必ず最低地上高を保ち、定期的にアッパー各部のボルト・ナット(センタートップナット)を増し締めして下さい<br>尚、リジットブッシュは定期的に確認し交換を行って下さい<br>プリロードのかけ過ぎにより異音がでますので取扱に十分に注意してご使用ください<br>強度計算書は付属しておりません<br>その他注意事項については、必ずメーカーHPにてご確認の上ご注文ください,79800,2000,88900,84400,,リアブラケット,2,FK-LIMITED-qq-e-h-71,FK-LIMITED-qq-e-d-h-71
日産,セフィーロ,A31,,4WD取付不可,,80025,75594,242845,FK-LIMITED-qq-e-h-69,FK-LIMITED-qq-e-d-h-69,FINAL KONNEXION,LIMITED II,ピロ調整/リジット固定,倒立式/正立式,8/6,フルタップ全長調整式<br>単筒正立、単筒倒立式(車種により)<br>減衰力20段調整機能付<br>ピロアッパーマウント調整式(車種により)<br>リジットアッパーマウント(車種により)<br>スラストベアリングアッパーシート採用(車種により)<br>オーバーホール可能<br>車高調レンチ、製品証明書、オリジナルステッカー付属,,ポップアップフード付き車のローダウンやインチアップなどによるフードの不具合につきましては一切の責任を負いかねます(社外の「ポップアップフードキャンセラー」などのご使用をお勧めします)<br>リジットマウントタイプはゴム製品の為、摩擦により消耗致します<br>消耗を防ぐ為に必ず最低地上高を保ち、定期的にアッパー各部のボルト・ナット(センタートップナット)を増し締めして下さい<br>尚、リジットブッシュは定期的に確認し交換を行って下さい<br>プリロードのかけ過ぎにより異音がでますので取扱に十分に注意してご使用ください<br>強度計算書は付属しておりません<br>その他注意事項については、必ずメーカーHPにてご確認の上ご注文ください,84800,2000,93400,88900,,,,,
日産,セレナ,C25/C26,,4WD取付不可,,78253,73821,243288,FK-LIMITED-qq-e-h-11k,FK-LIMITED-qq-e-d-h-11k,FINAL KONNEXION,LIMITED II,リジット固定/別体式,正立式/正立式,10/10,フルタップ全長調整式<br>単筒正立、単筒倒立式(車種により)<br>減衰力20段調整機能付<br>ピロアッパーマウント調整式(車種により)<br>リジットアッパーマウント(車種により)<br>スラストベアリングアッパーシート採用(車種により)<br>オーバーホール可能<br>車高調レンチ、製品証明書、オリジナルステッカー付属,,ポップアップフード付き車のローダウンやインチアップなどによるフードの不具合につきましては一切の責任を負いかねます(社外の「ポップアップフードキャンセラー」などのご使用をお勧めします)<br>リジットマウントタイプはゴム製品の為、摩擦により消耗致します<br>消耗を防ぐ為に必ず最低地上高を保ち、定期的にアッパー各部のボルト・ナット(センタートップナット)を増し締めして下さい<br>尚、リジットブッシュは定期的に確認し交換を行って下さい<br>プリロードのかけ過ぎにより異音がでますので取扱に十分に注意してご使用ください<br>強度計算書は付属しておりません<br>その他注意事項については、必ずメーカーHPにてご確認の上ご注文ください,82800,2000,91600,87100,,,,,
日産,セレナ,C27,,4WD取付不可,,78253,73821,243203,FK-LIMITED-qq-e-h-12k,FK-LIMITED-qq-e-d-h-12k,FINAL KONNEXION,LIMITED II,リジット固定/別体式,正立式/正立式,10/10,フルタップ全長調整式<br>単筒正立、単筒倒立式(車種により)<br>減衰力20段調整機能付<br>ピロアッパーマウント調整式(車種により)<br>リジットアッパーマウント(車種により)<br>スラストベアリングアッパーシート採用(車種により)<br>オーバーホール可能<br>車高調レンチ、製品証明書、オリジナルステッカー付属,,ポップアップフード付き車のローダウンやインチアップなどによるフードの不具合につきましては一切の責任を負いかねます(社外の「ポップアップフードキャンセラー」などのご使用をお勧めします)<br>リジットマウントタイプはゴム製品の為、摩擦により消耗致します<br>消耗を防ぐ為に必ず最低地上高を保ち、定期的にアッパー各部のボルト・ナット(センタートップナット)を増し締めして下さい<br>尚、リジットブッシュは定期的に確認し交換を行って下さい<br>プリロードのかけ過ぎにより異音がでますので取扱に十分に注意してご使用ください<br>強度計算書は付属しておりません<br>その他注意事項については、必ずメーカーHPにてご確認の上ご注文ください,82800,2000,91600,87100,,,,,
日産,フーガ,Y50,,4WD取付不可,,80025,75594,243218,FK-LIMITED-qq-e-h-73,FK-LIMITED-qq-e-d-h-73,FINAL KONNEXION,LIMITED II,リジット固定/別体式,正立式/正立式,12/9(特別形状),フルタップ全長調整式<br>単筒正立、単筒倒立式(車種により)<br>減衰力20段調整機能付<br>ピロアッパーマウント調整式(車種により)<br>リジットアッパーマウント(車種により)<br>スラストベアリングアッパーシート採用(車種により)<br>オーバーホール可能<br>車高調レンチ、製品証明書、オリジナルステッカー付属,,ポップアップフード付き車のローダウンやインチアップなどによるフードの不具合につきましては一切の責任を負いかねます(社外の「ポップアップフードキャンセラー」などのご使用をお勧めします)<br>リジットマウントタイプはゴム製品の為、摩擦により消耗致します<br>消耗を防ぐ為に必ず最低地上高を保ち、定期的にアッパー各部のボルト・ナット(センタートップナット)を増し締めして下さい<br>尚、リジットブッシュは定期的に確認し交換を行って下さい<br>プリロードのかけ過ぎにより異音がでますので取扱に十分に注意してご使用ください<br>強度計算書は付属しておりません<br>その他注意事項については、必ずメーカーHPにてご確認の上ご注文ください,84800,2000,93400,88900,,,,,
日産,フェアレディZ,Z33,,4WD取付不可,,80025,75594,242681,FK-LIMITED-qq-e-h-72,FK-LIMITED-qq-e-d-h-72,FINAL KONNEXION,LIMITED II,リジット固定/別体式,正立式/正立式,12/9(特別形状),フルタップ全長調整式<br>単筒正立、単筒倒立式(車種により)<br>減衰力20段調整機能付<br>ピロアッパーマウント調整式(車種により)<br>リジットアッパーマウント(車種により)<br>スラストベアリングアッパーシート採用(車種により)<br>オーバーホール可能<br>車高調レンチ、製品証明書、オリジナルステッカー付属,,ポップアップフード付き車のローダウンやインチアップなどによるフードの不具合につきましては一切の責任を負いかねます(社外の「ポップアップフードキャンセラー」などのご使用をお勧めします)<br>リジットマウントタイプはゴム製品の為、摩擦により消耗致します<br>消耗を防ぐ為に必ず最低地上高を保ち、定期的にアッパー各部のボルト・ナット(センタートップナット)を増し締めして下さい<br>尚、リジットブッシュは定期的に確認し交換を行って下さい<br>プリロードのかけ過ぎにより異音がでますので取扱に十分に注意してご使用ください<br>強度計算書は付属しておりません<br>その他注意事項については、必ずメーカーHPにてご確認の上ご注文ください,84800,2000,93400,88900,,,,,
日産,ローレル,C33,,4WD取付不可,,80025,75594,242539,FK-LIMITED-qq-e-h-10km/FK-LIMITED-qq-e-h-10kk,FK-LIMITED-qq-e-d-h-10km/FK-LIMITED-qq-e-d-h-10kk,FINAL KONNEXION,LIMITED II,ピロ調整/リジット固定,倒立式/正立式,8/6,フルタップ全長調整式<br>単筒正立、単筒倒立式(車種により)<br>減衰力20段調整機能付<br>ピロアッパーマウント調整式(車種により)<br>リジットアッパーマウント(車種により)<br>スラストベアリングアッパーシート採用(車種により)<br>オーバーホール可能<br>車高調レンチ、製品証明書、オリジナルステッカー付属,リアブラケット丸型・コの字型をご指定下さい,ポップアップフード付き車のローダウンやインチアップなどによるフードの不具合につきましては一切の責任を負いかねます(社外の「ポップアップフードキャンセラー」などのご使用をお勧めします)<br>リジットマウントタイプはゴム製品の為、摩擦により消耗致します<br>消耗を防ぐ為に必ず最低地上高を保ち、定期的にアッパー各部のボルト・ナット(センタートップナット)を増し締めして下さい<br>尚、リジットブッシュは定期的に確認し交換を行って下さい<br>プリロードのかけ過ぎにより異音がでますので取扱に十分に注意してご使用ください<br>強度計算書は付属しておりません<br>その他注意事項については、必ずメーカーHPにてご確認の上ご注文ください,84800,2000,93400,88900,,リアブラケット,2,FK-LIMITED-qq-e-h-10k,FK-LIMITED-qq-e-d-h-10k
日産,ローレル,C34,,4WD取付不可,,80025,75594,242465,FK-LIMITED-qq-e-h-66m/FK-LIMITED-qq-e-h-66k,FK-LIMITED-qq-e-d-h-66m/FK-LIMITED-qq-e-d-h-66k,FINAL KONNEXION,LIMITED II,ピロ調整/リジット固定,倒立式/正立式,8/6,フルタップ全長調整式<br>単筒正立、単筒倒立式(車種により)<br>減衰力20段調整機能付<br>ピロアッパーマウント調整式(車種により)<br>リジットアッパーマウント(車種により)<br>スラストベアリングアッパーシート採用(車種により)<br>オーバーホール可能<br>車高調レンチ、製品証明書、オリジナルステッカー付属,リアブラケット丸型・コの字型をご指定下さい,ポップアップフード付き車のローダウンやインチアップなどによるフードの不具合につきましては一切の責任を負いかねます(社外の「ポップアップフードキャンセラー」などのご使用をお勧めします)<br>リジットマウントタイプはゴム製品の為、摩擦により消耗致します<br>消耗を防ぐ為に必ず最低地上高を保ち、定期的にアッパー各部のボルト・ナット(センタートップナット)を増し締めして下さい<br>尚、リジットブッシュは定期的に確認し交換を行って下さい<br>プリロードのかけ過ぎにより異音がでますので取扱に十分に注意してご使用ください<br>強度計算書は付属しておりません<br>その他注意事項については、必ずメーカーHPにてご確認の上ご注文ください,84800,2000,93400,88900,,リアブラケット,2,FK-LIMITED-qq-e-h-66,FK-LIMITED-qq-e-d-h-66
日産,ローレル,C35,,2WD,,80025,75594,242521,FK-LIMITED-qq-e-h-67m/FK-LIMITED-qq-e-h-67k,FK-LIMITED-qq-e-d-h-67m/FK-LIMITED-qq-e-d-h-67k,FINAL KONNEXION,LIMITED II,ピロ調整/リジット固定,倒立式/正立式,8/6,フルタップ全長調整式<br>単筒正立、単筒倒立式(車種により)<br>減衰力20段調整機能付<br>ピロアッパーマウント調整式(車種により)<br>リジットアッパーマウント(車種により)<br>スラストベアリングアッパーシート採用(車種により)<br>オーバーホール可能<br>車高調レンチ、製品証明書、オリジナルステッカー付属,リアブラケット丸型・コの字型をご指定下さい,ポップアップフード付き車のローダウンやインチアップなどによるフードの不具合につきましては一切の責任を負いかねます(社外の「ポップアップフードキャンセラー」などのご使用をお勧めします)<br>リジットマウントタイプはゴム製品の為、摩擦により消耗致します<br>消耗を防ぐ為に必ず最低地上高を保ち、定期的にアッパー各部のボルト・ナット(センタートップナット)を増し締めして下さい<br>尚、リジットブッシュは定期的に確認し交換を行って下さい<br>プリロードのかけ過ぎにより異音がでますので取扱に十分に注意してご使用ください<br>強度計算書は付属しておりません<br>その他注意事項については、必ずメーカーHPにてご確認の上ご注文ください,84800,2000,93400,88900,,リアブラケット,2,FK-LIMITED-qq-e-h-67,FK-LIMITED-qq-e-d-h-67
日産,ローレル,C35,,4WD,,75594,71162,242522,FK-LIMITED-qq-e-h-68m/FK-LIMITED-qq-e-h-68k,FK-LIMITED-qq-e-d-h-68m/FK-LIMITED-qq-e-d-h-68k,FINAL KONNEXION,LIMITED II,リジット固定/リジット固定,正立式/正立式,8/6,フルタップ全長調整式<br>単筒正立、単筒倒立式(車種により)<br>減衰力20段調整機能付<br>ピロアッパーマウント調整式(車種により)<br>リジットアッパーマウント(車種により)<br>スラストベアリングアッパーシート採用(車種により)<br>オーバーホール可能<br>車高調レンチ、製品証明書、オリジナルステッカー付属,リアブラケット丸型・コの字型をご指定下さい,ポップアップフード付き車のローダウンやインチアップなどによるフードの不具合につきましては一切の責任を負いかねます(社外の「ポップアップフードキャンセラー」などのご使用をお勧めします)<br>リジットマウントタイプはゴム製品の為、摩擦により消耗致します<br>消耗を防ぐ為に必ず最低地上高を保ち、定期的にアッパー各部のボルト・ナット(センタートップナット)を増し締めして下さい<br>尚、リジットブッシュは定期的に確認し交換を行って下さい<br>プリロードのかけ過ぎにより異音がでますので取扱に十分に注意してご使用ください<br>強度計算書は付属しておりません<br>その他注意事項については、必ずメーカーHPにてご確認の上ご注文ください,79800,2000,88900,84400,,リアブラケット,2,FK-LIMITED-qq-e-h-68,FK-LIMITED-qq-e-d-h-68
ホンダ,S2000,AP1,,4WD取付不可,,75594,71162,243038,FK-LIMITED-qq-e-h-77,FK-LIMITED-qq-e-d-h-77,FINAL KONNEXION,LIMITED II,リジット固定/リジット固定,正立式/正立式,10/8,フルタップ全長調整式<br>単筒正立、単筒倒立式(車種により)<br>減衰力20段調整機能付<br>ピロアッパーマウント調整式(車種により)<br>リジットアッパーマウント(車種により)<br>スラストベアリングアッパーシート採用(車種により)<br>オーバーホール可能<br>車高調レンチ、製品証明書、オリジナルステッカー付属,,ポップアップフード付き車のローダウンやインチアップなどによるフードの不具合につきましては一切の責任を負いかねます(社外の「ポップアップフードキャンセラー」などのご使用をお勧めします)<br>リジットマウントタイプはゴム製品の為、摩擦により消耗致します<br>消耗を防ぐ為に必ず最低地上高を保ち、定期的にアッパー各部のボルト・ナット(センタートップナット)を増し締めして下さい<br>尚、リジットブッシュは定期的に確認し交換を行って下さい<br>プリロードのかけ過ぎにより異音がでますので取扱に十分に注意してご使用ください<br>強度計算書は付属しておりません<br>その他注意事項については、必ずメーカーHPにてご確認の上ご注文ください,79800,2000,88900,84400,,,,,
ホンダ,アコード,CL7,,4WD取付不可,,75594,71162,243221,FK-LIMITED-qq-e-h-78,FK-LIMITED-qq-e-d-h-78,FINAL KONNEXION,LIMITED II,リジット固定/リジット固定,正立式/正立式,10/5,フルタップ全長調整式<br>単筒正立、単筒倒立式(車種により)<br>減衰力20段調整機能付<br>ピロアッパーマウント調整式(車種により)<br>リジットアッパーマウント(車種により)<br>スラストベアリングアッパーシート採用(車種により)<br>オーバーホール可能<br>車高調レンチ、製品証明書、オリジナルステッカー付属,,ポップアップフード付き車のローダウンやインチアップなどによるフードの不具合につきましては一切の責任を負いかねます(社外の「ポップアップフードキャンセラー」などのご使用をお勧めします)<br>リジットマウントタイプはゴム製品の為、摩擦により消耗致します<br>消耗を防ぐ為に必ず最低地上高を保ち、定期的にアッパー各部のボルト・ナット(センタートップナット)を増し締めして下さい<br>尚、リジットブッシュは定期的に確認し交換を行って下さい<br>プリロードのかけ過ぎにより異音がでますので取扱に十分に注意してご使用ください<br>強度計算書は付属しておりません<br>その他注意事項については、必ずメーカーHPにてご確認の上ご注文ください,79800,2000,88900,84400,,,,,
ホンダ,インテグラ,DC2,,4WD取付不可,,75594,71162,243223,FK-LIMITED-qq-e-h-83,FK-LIMITED-qq-e-d-h-83,FINAL KONNEXION,LIMITED II,リジット固定/リジット固定,正立式/正立式,10/6,フルタップ全長調整式<br>単筒正立、単筒倒立式(車種により)<br>減衰力20段調整機能付<br>ピロアッパーマウント調整式(車種により)<br>リジットアッパーマウント(車種により)<br>スラストベアリングアッパーシート採用(車種により)<br>オーバーホール可能<br>車高調レンチ、製品証明書、オリジナルステッカー付属,,ポップアップフード付き車のローダウンやインチアップなどによるフードの不具合につきましては一切の責任を負いかねます(社外の「ポップアップフードキャンセラー」などのご使用をお勧めします)<br>リジットマウントタイプはゴム製品の為、摩擦により消耗致します<br>消耗を防ぐ為に必ず最低地上高を保ち、定期的にアッパー各部のボルト・ナット(センタートップナット)を増し締めして下さい<br>尚、リジットブッシュは定期的に確認し交換を行って下さい<br>プリロードのかけ過ぎにより異音がでますので取扱に十分に注意してご使用ください<br>強度計算書は付属しておりません<br>その他注意事項については、必ずメーカーHPにてご確認の上ご注文ください,79800,2000,88900,84400,,,,,
ホンダ,オデッセイ,RB1/RB2/RB3/RB4,,4WD取付不可,,75594,71162,242848,FK-LIMITED-qq-e-h-84,FK-LIMITED-qq-e-d-h-84,FINAL KONNEXION,LIMITED II,リジット固定/リジット固定,正立式/正立式,10/12,フルタップ全長調整式<br>単筒正立、単筒倒立式(車種により)<br>減衰力20段調整機能付<br>ピロアッパーマウント調整式(車種により)<br>リジットアッパーマウント(車種により)<br>スラストベアリングアッパーシート採用(車種により)<br>オーバーホール可能<br>車高調レンチ、製品証明書、オリジナルステッカー付属,AFS車は汎用ブラケットが必要,ポップアップフード付き車のローダウンやインチアップなどによるフードの不具合につきましては一切の責任を負いかねます(社外の「ポップアップフードキャンセラー」などのご使用をお勧めします)<br>リジットマウントタイプはゴム製品の為、摩擦により消耗致します<br>消耗を防ぐ為に必ず最低地上高を保ち、定期的にアッパー各部のボルト・ナット(センタートップナット)を増し締めして下さい<br>尚、リジットブッシュは定期的に確認し交換を行って下さい<br>プリロードのかけ過ぎにより異音がでますので取扱に十分に注意してご使用ください<br>強度計算書は付属しておりません<br>その他注意事項については、必ずメーカーHPにてご確認の上ご注文ください,79800,2000,88900,84400,,,,,
ホンダ,オデッセイ,RC1,,4WD取付不可,,78253,73821,243021,FK-LIMITED-qq-e-h-14k,FK-LIMITED-qq-e-d-h-14k,FINAL KONNEXION,LIMITED II,リジット固定/別体式,正立式/正立式,7/6.5(特別形状),フルタップ全長調整式<br>単筒正立、単筒倒立式(車種により)<br>減衰力20段調整機能付<br>ピロアッパーマウント調整式(車種により)<br>リジットアッパーマウント(車種により)<br>スラストベアリングアッパーシート採用(車種により)<br>オーバーホール可能<br>車高調レンチ、製品証明書、オリジナルステッカー付属,,ポップアップフード付き車のローダウンやインチアップなどによるフードの不具合につきましては一切の責任を負いかねます(社外の「ポップアップフードキャンセラー」などのご使用をお勧めします)<br>リジットマウントタイプはゴム製品の為、摩擦により消耗致します<br>消耗を防ぐ為に必ず最低地上高を保ち、定期的にアッパー各部のボルト・ナット(センタートップナット)を増し締めして下さい<br>尚、リジットブッシュは定期的に確認し交換を行って下さい<br>プリロードのかけ過ぎにより異音がでますので取扱に十分に注意してご使用ください<br>強度計算書は付属しておりません<br>その他注意事項については、必ずメーカーHPにてご確認の上ご注文ください,82800,2000,91600,87100,,,,,
ホンダ,シビック,EG6,,4WD取付不可,,75594,71162,242683,FK-LIMITED-qq-e-h-81,FK-LIMITED-qq-e-d-h-81,FINAL KONNEXION,LIMITED II,リジット固定/リジット固定,正立式/正立式,10/6,フルタップ全長調整式<br>単筒正立、単筒倒立式(車種により)<br>減衰力20段調整機能付<br>ピロアッパーマウント調整式(車種により)<br>リジットアッパーマウント(車種により)<br>スラストベアリングアッパーシート採用(車種により)<br>オーバーホール可能<br>車高調レンチ、製品証明書、オリジナルステッカー付属,,ポップアップフード付き車のローダウンやインチアップなどによるフードの不具合につきましては一切の責任を負いかねます(社外の「ポップアップフードキャンセラー」などのご使用をお勧めします)<br>リジットマウントタイプはゴム製品の為、摩擦により消耗致します<br>消耗を防ぐ為に必ず最低地上高を保ち、定期的にアッパー各部のボルト・ナット(センタートップナット)を増し締めして下さい<br>尚、リジットブッシュは定期的に確認し交換を行って下さい<br>プリロードのかけ過ぎにより異音がでますので取扱に十分に注意してご使用ください<br>強度計算書は付属しておりません<br>その他注意事項については、必ずメーカーHPにてご確認の上ご注文ください,79800,2000,88900,84400,,,,,
ホンダ,シビック,EK9,,4WD取付不可,,75594,71162,242684,FK-LIMITED-qq-e-h-82,FK-LIMITED-qq-e-d-h-82,FINAL KONNEXION,LIMITED II,リジット固定/リジット固定,正立式/正立式,12/7,フルタップ全長調整式<br>単筒正立、単筒倒立式(車種により)<br>減衰力20段調整機能付<br>ピロアッパーマウント調整式(車種により)<br>リジットアッパーマウント(車種により)<br>スラストベアリングアッパーシート採用(車種により)<br>オーバーホール可能<br>車高調レンチ、製品証明書、オリジナルステッカー付属,,ポップアップフード付き車のローダウンやインチアップなどによるフードの不具合につきましては一切の責任を負いかねます(社外の「ポップアップフードキャンセラー」などのご使用をお勧めします)<br>リジットマウントタイプはゴム製品の為、摩擦により消耗致します<br>消耗を防ぐ為に必ず最低地上高を保ち、定期的にアッパー各部のボルト・ナット(センタートップナット)を増し締めして下さい<br>尚、リジットブッシュは定期的に確認し交換を行って下さい<br>プリロードのかけ過ぎにより異音がでますので取扱に十分に注意してご使用ください<br>強度計算書は付属しておりません<br>その他注意事項については、必ずメーカーHPにてご確認の上ご注文ください,79800,2000,88900,84400,,,,,
ホンダ,ステップワゴン,RK1/RK5,,4WD取付不可,,78253,73821,242685,FK-LIMITED-qq-e-h-85,FK-LIMITED-qq-e-d-h-85,FINAL KONNEXION,LIMITED II,リジット固定/別体式,正立式/正立式,8/6.5(特別形状),フルタップ全長調整式<br>単筒正立、単筒倒立式(車種により)<br>減衰力20段調整機能付<br>ピロアッパーマウント調整式(車種により)<br>リジットアッパーマウント(車種により)<br>スラストベアリングアッパーシート採用(車種により)<br>オーバーホール可能<br>車高調レンチ、製品証明書、オリジナルステッカー付属,,ポップアップフード付き車のローダウンやインチアップなどによるフードの不具合につきましては一切の責任を負いかねます(社外の「ポップアップフードキャンセラー」などのご使用をお勧めします)<br>リジットマウントタイプはゴム製品の為、摩擦により消耗致します<br>消耗を防ぐ為に必ず最低地上高を保ち、定期的にアッパー各部のボルト・ナット(センタートップナット)を増し締めして下さい<br>尚、リジットブッシュは定期的に確認し交換を行って下さい<br>プリロードのかけ過ぎにより異音がでますので取扱に十分に注意してご使用ください<br>強度計算書は付属しておりません<br>その他注意事項については、必ずメーカーHPにてご確認の上ご注文ください,82800,2000,91600,87100,,,,,
ホンダ,フィット,GE6/GE8,,4WD取付不可,,75594,71162,242846,FK-LIMITED-qq-e-h-79,FK-LIMITED-qq-e-d-h-79,FINAL KONNEXION,LIMITED II,マウントレス/別体式,倒立式/正立式,7/5(特別形状),フルタップ全長調整式<br>単筒正立、単筒倒立式(車種により)<br>減衰力20段調整機能付<br>ピロアッパーマウント調整式(車種により)<br>リジットアッパーマウント(車種により)<br>スラストベアリングアッパーシート採用(車種により)<br>オーバーホール可能<br>車高調レンチ、製品証明書、オリジナルステッカー付属,,ポップアップフード付き車のローダウンやインチアップなどによるフードの不具合につきましては一切の責任を負いかねます(社外の「ポップアップフードキャンセラー」などのご使用をお勧めします)<br>プリロードのかけ過ぎにより異音がでますので取扱に十分に注意してご使用ください<br>強度計算書は付属しておりません<br>その他注意事項については、必ずメーカーHPにてご確認の上ご注文ください,79800,2000,88900,84400,,,,,
マツダ,CX-3,DK5AW,,4WD,,80025,75594,242687,FK-LIMITED-qq-e-h-88,FK-LIMITED-qq-e-d-h-88,FINAL KONNEXION,LIMITED II,リジット固定/別体式,正立式/正立式,7/3.5(特別形状),フルタップ全長調整式<br>単筒正立、単筒倒立式(車種により)<br>減衰力20段調整機能付<br>ピロアッパーマウント調整式(車種により)<br>リジットアッパーマウント(車種により)<br>スラストベアリングアッパーシート採用(車種により)<br>オーバーホール可能<br>車高調レンチ、製品証明書、オリジナルステッカー付属,,ポップアップフード付き車のローダウンやインチアップなどによるフードの不具合につきましては一切の責任を負いかねます(社外の「ポップアップフードキャンセラー」などのご使用をお勧めします)<br>リジットマウントタイプはゴム製品の為、摩擦により消耗致します<br>消耗を防ぐ為に必ず最低地上高を保ち、定期的にアッパー各部のボルト・ナット(センタートップナット)を増し締めして下さい<br>尚、リジットブッシュは定期的に確認し交換を行って下さい<br>プリロードのかけ過ぎにより異音がでますので取扱に十分に注意してご使用ください<br>強度計算書は付属しておりません<br>その他注意事項については、必ずメーカーHPにてご確認の上ご注文ください,84800,2000,93400,88900,,,,,
マツダ,CX-3,DK5FW,,2WD,,80025,75594,243224,FK-LIMITED-qq-e-h-87,FK-LIMITED-qq-e-d-h-87,FINAL KONNEXION,LIMITED II,リジット固定/別体式,正立式/正立式,7/3.5(特別形状),フルタップ全長調整式<br>単筒正立、単筒倒立式(車種により)<br>減衰力20段調整機能付<br>ピロアッパーマウント調整式(車種により)<br>リジットアッパーマウント(車種により)<br>スラストベアリングアッパーシート採用(車種により)<br>オーバーホール可能<br>車高調レンチ、製品証明書、オリジナルステッカー付属,,ポップアップフード付き車のローダウンやインチアップなどによるフードの不具合につきましては一切の責任を負いかねます(社外の「ポップアップフードキャンセラー」などのご使用をお勧めします)<br>リジットマウントタイプはゴム製品の為、摩擦により消耗致します<br>消耗を防ぐ為に必ず最低地上高を保ち、定期的にアッパー各部のボルト・ナット(センタートップナット)を増し締めして下さい<br>尚、リジットブッシュは定期的に確認し交換を行って下さい<br>プリロードのかけ過ぎにより異音がでますので取扱に十分に注意してご使用ください<br>強度計算書は付属しておりません<br>その他注意事項については、必ずメーカーHPにてご確認の上ご注文ください,84800,2000,93400,88900,,,,,
マツダ,RX-7,FD3S,,4WD取付不可,,75594,71162,242686,FK-LIMITED-qq-e-h-86,FK-LIMITED-qq-e-d-h-86,FINAL KONNEXION,LIMITED II,リジット固定/リジット固定,正立式/正立式,12/12,フルタップ全長調整式<br>単筒正立、単筒倒立式(車種により)<br>減衰力20段調整機能付<br>ピロアッパーマウント調整式(車種により)<br>リジットアッパーマウント(車種により)<br>スラストベアリングアッパーシート採用(車種により)<br>オーバーホール可能<br>車高調レンチ、製品証明書、オリジナルステッカー付属,,ポップアップフード付き車のローダウンやインチアップなどによるフードの不具合につきましては一切の責任を負いかねます(社外の「ポップアップフードキャンセラー」などのご使用をお勧めします)<br>リジットマウントタイプはゴム製品の為、摩擦により消耗致します<br>消耗を防ぐ為に必ず最低地上高を保ち、定期的にアッパー各部のボルト・ナット(センタートップナット)を増し締めして下さい<br>尚、リジットブッシュは定期的に確認し交換を行って下さい<br>プリロードのかけ過ぎにより異音がでますので取扱に十分に注意してご使用ください<br>強度計算書は付属しておりません<br>その他注意事項については、必ずメーカーHPにてご確認の上ご注文ください,79800,2000,88900,84400,,,,,
マツダ,ロードスター,NA6,,4WD取付不可,,75594,71162,243022,FK-LIMITED-qq-e-h-15k,FK-LIMITED-qq-e-d-h-15k,FINAL KONNEXION,LIMITED II,リジット固定/リジット固定,正立式/正立式,8/8,フルタップ全長調整式<br>単筒正立、単筒倒立式(車種により)<br>減衰力20段調整機能付<br>ピロアッパーマウント調整式(車種により)<br>リジットアッパーマウント(車種により)<br>スラストベアリングアッパーシート採用(車種により)<br>オーバーホール可能<br>車高調レンチ、製品証明書、オリジナルステッカー付属,,ポップアップフード付き車のローダウンやインチアップなどによるフードの不具合につきましては一切の責任を負いかねます(社外の「ポップアップフードキャンセラー」などのご使用をお勧めします)<br>リジットマウントタイプはゴム製品の為、摩擦により消耗致します<br>消耗を防ぐ為に必ず最低地上高を保ち、定期的にアッパー各部のボルト・ナット(センタートップナット)を増し締めして下さい<br>尚、リジットブッシュは定期的に確認し交換を行って下さい<br>プリロードのかけ過ぎにより異音がでますので取扱に十分に注意してご使用ください<br>強度計算書は付属しておりません<br>その他注意事項については、必ずメーカーHPにてご確認の上ご注文ください,79800,2000,88900,84400,,,,,
三菱,ランサーエボリューションX,CZ4A,,4WD取付不可,,80025,75594,242849,FK-LIMITED-qq-e-h-89,FK-LIMITED-qq-e-d-h-89,FINAL KONNEXION,LIMITED II,ピロ調整/リジット固定,倒立式/正立式,10/7,フルタップ全長調整式<br>単筒正立、単筒倒立式(車種により)<br>減衰力20段調整機能付<br>ピロアッパーマウント調整式(車種により)<br>リジットアッパーマウント(車種により)<br>スラストベアリングアッパーシート採用(車種により)<br>オーバーホール可能<br>車高調レンチ、製品証明書、オリジナルステッカー付属,,ポップアップフード付き車のローダウンやインチアップなどによるフードの不具合につきましては一切の責任を負いかねます(社外の「ポップアップフードキャンセラー」などのご使用をお勧めします)<br>リジットマウントタイプはゴム製品の為、摩擦により消耗致します<br>消耗を防ぐ為に必ず最低地上高を保ち、定期的にアッパー各部のボルト・ナット(センタートップナット)を増し締めして下さい<br>尚、リジットブッシュは定期的に確認し交換を行って下さい<br>プリロードのかけ過ぎにより異音がでますので取扱に十分に注意してご使用ください<br>強度計算書は付属しておりません<br>その他注意事項については、必ずメーカーHPにてご確認の上ご注文ください,84800,2000,93400,88900,,,,,
レクサス,GS350/GS430,GRS191/UZS190,,4WD取付不可,,75594,71162,242838,FK-LIMITED-qq-e-h-51,FK-LIMITED-qq-e-d-h-51,FINAL KONNEXION,LIMITED II,リジット固定/リジット固定,正立式/正立式,12/10,フルタップ全長調整式<br>単筒正立、単筒倒立式(車種により)<br>減衰力20段調整機能付<br>ピロアッパーマウント調整式(車種により)<br>リジットアッパーマウント(車種により)<br>スラストベアリングアッパーシート採用(車種により)<br>オーバーホール可能<br>車高調レンチ、製品証明書、オリジナルステッカー付属,,ポップアップフード付き車のローダウンやインチアップなどによるフードの不具合につきましては一切の責任を負いかねます(社外の「ポップアップフードキャンセラー」などのご使用をお勧めします)<br>リジットマウントタイプはゴム製品の為、摩擦により消耗致します<br>消耗を防ぐ為に必ず最低地上高を保ち、定期的にアッパー各部のボルト・ナット(センタートップナット)を増し締めして下さい<br>尚、リジットブッシュは定期的に確認し交換を行って下さい<br>プリロードのかけ過ぎにより異音がでますので取扱に十分に注意してご使用ください<br>強度計算書は付属しておりません<br>その他注意事項については、必ずメーカーHPにてご確認の上ご注文ください,79800,2000,88900,84400,,,,,
レクサス,GS350/GS430,GRS196,,4WD,,78253,73821,242839,FK-LIMITED-qq-e-h-52,FK-LIMITED-qq-e-d-h-52,FINAL KONNEXION,LIMITED II,リジット固定/リジット固定,正立式/正立式,12/10,フルタップ全長調整式<br>単筒正立、単筒倒立式(車種により)<br>減衰力20段調整機能付<br>ピロアッパーマウント調整式(車種により)<br>リジットアッパーマウント(車種により)<br>スラストベアリングアッパーシート採用(車種により)<br>オーバーホール可能<br>車高調レンチ、製品証明書、オリジナルステッカー付属,,ポップアップフード付き車のローダウンやインチアップなどによるフードの不具合につきましては一切の責任を負いかねます(社外の「ポップアップフードキャンセラー」などのご使用をお勧めします)<br>リジットマウントタイプはゴム製品の為、摩擦により消耗致します<br>消耗を防ぐ為に必ず最低地上高を保ち、定期的にアッパー各部のボルト・ナット(センタートップナット)を増し締めして下さい<br>尚、リジットブッシュは定期的に確認し交換を行って下さい<br>プリロードのかけ過ぎにより異音がでますので取扱に十分に注意してご使用ください<br>強度計算書は付属しておりません<br>その他注意事項については、必ずメーカーHPにてご確認の上ご注文ください,82800,2000,91600,87100
レクサス,IS250/IS350,GSE20/GSE21,,4WD取付不可,,75594,71162,242840,FK-LIMITED-qq-e-h-53,FK-LIMITED-qq-e-d-h-53,FINAL KONNEXION,LIMITED II,リジット固定/リジット固定,正立式/正立式,12/10,フルタップ全長調整式<br>単筒正立、単筒倒立式(車種により)<br>減衰力20段調整機能付<br>ピロアッパーマウント調整式(車種により)<br>リジットアッパーマウント(車種により)<br>スラストベアリングアッパーシート採用(車種により)<br>オーバーホール可能<br>車高調レンチ、製品証明書、オリジナルステッカー付属,,ポップアップフード付き車のローダウンやインチアップなどによるフードの不具合につきましては一切の責任を負いかねます(社外の「ポップアップフードキャンセラー」などのご使用をお勧めします)<br>リジットマウントタイプはゴム製品の為、摩擦により消耗致します<br>消耗を防ぐ為に必ず最低地上高を保ち、定期的にアッパー各部のボルト・ナット(センタートップナット)を増し締めして下さい<br>尚、リジットブッシュは定期的に確認し交換を行って下さい<br>プリロードのかけ過ぎにより異音がでますので取扱に十分に注意してご使用ください<br>強度計算書は付属しておりません<br>その他注意事項については、必ずメーカーHPにてご確認の上ご注文ください,79800,2000,88900,84400
レクサス,IS250/IS350,GSE25,,4WD,,78253,73821,243033,FK-LIMITED-qq-e-h-54,FK-LIMITED-qq-e-d-h-54,FINAL KONNEXION,LIMITED II,リジット固定/リジット固定,正立式/正立式,12/10,フルタップ全長調整式<br>単筒正立、単筒倒立式(車種により)<br>減衰力20段調整機能付<br>ピロアッパーマウント調整式(車種により)<br>リジットアッパーマウント(車種により)<br>スラストベアリングアッパーシート採用(車種により)<br>オーバーホール可能<br>車高調レンチ、製品証明書、オリジナルステッカー付属,,ポップアップフード付き車のローダウンやインチアップなどによるフードの不具合につきましては一切の責任を負いかねます(社外の「ポップアップフードキャンセラー」などのご使用をお勧めします)<br>リジットマウントタイプはゴム製品の為、摩擦により消耗致します<br>消耗を防ぐ為に必ず最低地上高を保ち、定期的にアッパー各部のボルト・ナット(センタートップナット)を増し締めして下さい<br>尚、リジットブッシュは定期的に確認し交換を行って下さい<br>プリロードのかけ過ぎにより異音がでますので取扱に十分に注意してご使用ください<br>強度計算書は付属しておりません<br>その他注意事項については、必ずメーカーHPにてご確認の上ご注文ください,82800,2000,91600,87100
レクサス,NX200t/NX300/NX300h,AGZ10/AYZ10,,AVS装着車取り付け可<br>4WD取付不可,,78253,73821,242850,FK-LIMITED-qq-e-h-9k,FK-LIMITED-qq-e-d-h-9k,FINAL KONNEXION,LIMITED II,リジット固定/別体式,正立式/正立式,7/8.5(特別形状),フルタップ全長調整式<br>単筒正立、単筒倒立式(車種により)<br>減衰力20段調整機能付<br>ピロアッパーマウント調整式(車種により)<br>リジットアッパーマウント(車種により)<br>スラストベアリングアッパーシート採用(車種により)<br>オーバーホール可能<br>車高調レンチ、製品証明書、オリジナルステッカー付属,AVS装着車はAVS機能使用不可,ポップアップフード付き車のローダウンやインチアップなどによるフードの不具合につきましては一切の責任を負いかねます(社外の「ポップアップフードキャンセラー」などのご使用をお勧めします)<br>リジットマウントタイプはゴム製品の為、摩擦により消耗致します<br>消耗を防ぐ為に必ず最低地上高を保ち、定期的にアッパー各部のボルト・ナット(センタートップナット)を増し締めして下さい<br>尚、リジットブッシュは定期的に確認し交換を行って下さい<br>プリロードのかけ過ぎにより異音がでますので取扱に十分に注意してご使用ください<br>強度計算書は付属しておりません<br>その他注意事項については、必ずメーカーHPにてご確認の上ご注文ください,82800,2000,91600,87100
