自動車メーカー,車種,型式,グレード,年式,ダウン量 mm(F/R),販売価格,Camp価格,商品ID,物販コード,取付コード,JANコード,メーカー品番,メーカー名,商品名,エンジン,駆動方式,適合詳細,スプリングレート Kgf/mm(F/R),自由長 mm(F/R),備考,注意事項,定価,SET価格
スズキ,スイフト,ZC72S,XG/XL/XS,2010/09～2016/11,-30/-30,17547,,263023,SKU82-S1B00-qq-e-124,SKU82-S1B00-qq-e-d-124,4571104666752,SKU82-S1B00,TEIN,S.TECH,1200,FF,,2.6/3.2,287/272,数値はノーマル車高比で算出しております。<br>推奨車高調整範囲:メーカーにて取付確認を行った値となります。,車高データは開発車両における参考測定値データのため、車両の個体差・組み付け条件により差が生じることがあります。(また左右で差が生じたり、なじみにより組み付け後、しばらくして車高が下がる場合があります。)<br>推奨車高調整範囲外で使用するとショックや車両に破損が生じる可能性があり、保安基準適合外となることがあります。その場合の破損につきましては、メーカーでは一切の責任を負いかねますのでご了承ください。<br>装着するホイールサイズやオフセット、タイヤ銘柄やサイズ等により、メーカー基準位置でも走行時に干渉等が発生する場合があります。,31000,35200
スズキ,スイフトスポーツ,ZC31S,スポーツ,2005/09～2010/08,-35/-30,18871,,263010,SKU32-S1B00-qq-e-127,SKU32-S1B00-qq-e-d-127,4571104664888,SKU32-S1B00,TEIN,S.TECH,1600,FF,,3.3/3.4,312/267,数値はノーマル車高比で算出しております。<br>推奨車高調整範囲:メーカーにて取付確認を行った値となります。,車高データは開発車両における参考測定値データのため、車両の個体差・組み付け条件により差が生じることがあります。(また左右で差が生じたり、なじみにより組み付け後、しばらくして車高が下がる場合があります。)<br>推奨車高調整範囲外で使用するとショックや車両に破損が生じる可能性があり、保安基準適合外となることがあります。その場合の破損につきましては、メーカーでは一切の責任を負いかねますのでご了承ください。<br>装着するホイールサイズやオフセット、タイヤ銘柄やサイズ等により、メーカー基準位置でも走行時に干渉等が発生する場合があります。,33500,36800
スバル,インプレッサ,GDB,WRX STI(P.C.D.=100),2002/11～2004/06,-35/-25,20616,,262942,SKS58-S1B00-qq-e-96,SKS58-S1B00-qq-e-d-96,4571104664048,SKS58-S1B00,TEIN,S.TECH,2000,4WD,C/D,4.3/3.7,226/293,C/D型(H14/11～H16/06)車両のデータです。<br>数値はノーマル車高比で算出しております。<br>推奨車高調整範囲:メーカーにて取付確認を行った値となります。,車高データは開発車両における参考測定値データのため、車両の個体差・組み付け条件により差が生じることがあります。(また左右で差が生じたり、なじみにより組み付け後、しばらくして車高が下がる場合があります。)<br>推奨車高調整範囲外で使用するとショックや車両に破損が生じる可能性があり、保安基準適合外となることがあります。その場合の破損につきましては、メーカーでは一切の責任を負いかねますのでご了承ください。<br>装着するホイールサイズやオフセット、タイヤ銘柄やサイズ等により、メーカー基準位置でも走行時に干渉等が発生する場合があります。,37000,42100
スバル,インプレッサ,GDB,WRX STI(P.C.D.=114.3),2004/06～2007/06,-30/-15,20616,,263060,SKS58-S1B00-qq-e-97,SKS58-S1B00-qq-e-d-97,4571104664048,SKS58-S1B00,TEIN,S.TECH,2000,4WD,E～,4.3/3.7,226/293,数値はノーマル車高比で算出しております。<br>推奨車高調整範囲:メーカーにて取付確認を行った値となります。,車高データは開発車両における参考測定値データのため、車両の個体差・組み付け条件により差が生じることがあります。(また左右で差が生じたり、なじみにより組み付け後、しばらくして車高が下がる場合があります。)<br>推奨車高調整範囲外で使用するとショックや車両に破損が生じる可能性があり、保安基準適合外となることがあります。その場合の破損につきましては、メーカーでは一切の責任を負いかねますのでご了承ください。<br>装着するホイールサイズやオフセット、タイヤ銘柄やサイズ等により、メーカー基準位置でも走行時に干渉等が発生する場合があります。,37000,42100
スバル,インプレッサ,GH7,20S,2007/06～2011/12,-40/-35,17015,,262946,SKS76-S1B00-qq-e-98,SKS76-S1B00-qq-e-d-98,4571104665571,SKS76-S1B00,TEIN,S.TECH,2000,4WD,,3.1/2.9,248/288,数値はノーマル車高比で算出しております。<br>推奨車高調整範囲:メーカーにて取付確認を行った値となります。,車高データは開発車両における参考測定値データのため、車両の個体差・組み付け条件により差が生じることがあります。(また左右で差が生じたり、なじみにより組み付け後、しばらくして車高が下がる場合があります。)<br>推奨車高調整範囲外で使用するとショックや車両に破損が生じる可能性があり、保安基準適合外となることがあります。その場合の破損につきましては、メーカーでは一切の責任を負いかねますのでご了承ください。<br>装着するホイールサイズやオフセット、タイヤ銘柄やサイズ等により、メーカー基準位置でも走行時に干渉等が発生する場合があります。,30000,37500
スバル,インプレッサ,GH8,S-GT,2007/06～2011/12,-40/-35,17015,,262947,SKS76-S1B00-qq-e-99,SKS76-S1B00-qq-e-d-99,4571104665571,SKS76-S1B00,TEIN,S.TECH,2000,4WD,,3.1/2.9,248/288,数値はノーマル車高比で算出しております。<br>推奨車高調整範囲:メーカーにて取付確認を行った値となります。,車高データは開発車両における参考測定値データのため、車両の個体差・組み付け条件により差が生じることがあります。(また左右で差が生じたり、なじみにより組み付け後、しばらくして車高が下がる場合があります。)<br>推奨車高調整範囲外で使用するとショックや車両に破損が生じる可能性があり、保安基準適合外となることがあります。その場合の破損につきましては、メーカーでは一切の責任を負いかねますのでご了承ください。<br>装着するホイールサイズやオフセット、タイヤ銘柄やサイズ等により、メーカー基準位置でも走行時に干渉等が発生する場合があります。,30000,37500
スバル,デックス,M401F,1.3I/1.3I-L/1.3I-S,2008/11～2011/10,-40/-40,17813,,262892,SKL96-S1B00-qq-e-108,SKL96-S1B00-qq-e-d-108,4571104664628,SKL96-S1B00,TEIN,S.TECH,1300,FF,,4.1/2.8,300/293,数値はノーマル車高比で算出しております。<br>推奨車高調整範囲:メーカーにて取付確認を行った値となります。,メーカー保証対象外：灯火類高さが保安基準に抵触するため。<br>車高データは開発車両における参考測定値データのため、車両の個体差・組み付け条件により差が生じることがあります。(また左右で差が生じたり、なじみにより組み付け後、しばらくして車高が下がる場合があります。)<br>推奨車高調整範囲外で使用するとショックや車両に破損が生じる可能性があり、保安基準適合外となることがあります。その場合の破損につきましては、メーカーでは一切の責任を負いかねますのでご了承ください。<br>装着するホイールサイズやオフセット、タイヤ銘柄やサイズ等により、メーカー基準位置でも走行時に干渉等が発生する場合があります。,31500,35500
スバル,フォレスター,SG5,XT/X20/X,2002/02～2007/12,-55/-55,18079,,262938,SKS50-S1B00-qq-e-100,SKS50-S1B00-qq-e-d-100,4571104663867,SKS50-S1B00,TEIN,S.TECH,2000,4WD,セルフレベライザー車は取付け不可,3/3.6,274/325,ターボ車にて実車確認。<br>数値はノーマル車高比で算出しております。<br>推奨車高調整範囲:メーカーにて取付確認を行った値となります。,車高データは開発車両における参考測定値データのため、車両の個体差・組み付け条件により差が生じることがあります。(また左右で差が生じたり、なじみにより組み付け後、しばらくして車高が下がる場合があります。)<br>推奨車高調整範囲外で使用するとショックや車両に破損が生じる可能性があり、保安基準適合外となることがあります。その場合の破損につきましては、メーカーでは一切の責任を負いかねますのでご了承ください。<br>装着するホイールサイズやオフセット、タイヤ銘柄やサイズ等により、メーカー基準位置でも走行時に干渉等が発生する場合があります。,32000,38800
スバル,フォレスター,SG9,STIバージョン,2004/04～2007/12,-25/-30,18079,,262939,SKS50-S1B00-qq-e-101,SKS50-S1B00-qq-e-d-101,4571104663867,SKS50-S1B00,TEIN,S.TECH,2500,4WD,,3/3.6,274/325,数値はノーマル車高比で算出しております。<br>推奨車高調整範囲:メーカーにて取付確認を行った値となります。,メーカー保証対象外：車高の前後バランスが悪いため。<br>車高データは開発車両における参考測定値データのため、車両の個体差・組み付け条件により差が生じることがあります。(また左右で差が生じたり、なじみにより組み付け後、しばらくして車高が下がる場合があります。)<br>推奨車高調整範囲外で使用するとショックや車両に破損が生じる可能性があり、保安基準適合外となることがあります。その場合の破損につきましては、メーカーでは一切の責任を負いかねますのでご了承ください。<br>装着するホイールサイズやオフセット、タイヤ銘柄やサイズ等により、メーカー基準位置でも走行時に干渉等が発生する場合があります。,32000,38800
スバル,レガシィB4,BE5,RSK/RS タイプB,1998/12～2003/05,-39/-24,20616,,262931,SKS02-S1B00-qq-e-103,SKS02-S1B00-qq-e-d-103,4571104660699,SKS02-S1B00,TEIN,S.TECH,2000,4WD,,3.9/6.2,263/290,数値はノーマル車高比で算出しております。<br>推奨車高調整範囲:メーカーにて取付確認を行った値となります。,車高データは開発車両における参考測定値データのため、車両の個体差・組み付け条件により差が生じることがあります。(また左右で差が生じたり、なじみにより組み付け後、しばらくして車高が下がる場合があります。)<br>推奨車高調整範囲外で使用するとショックや車両に破損が生じる可能性があり、保安基準適合外となることがあります。その場合の破損につきましては、メーカーでは一切の責任を負いかねますのでご了承ください。<br>装着するホイールサイズやオフセット、タイヤ銘柄やサイズ等により、メーカー基準位置でも走行時に干渉等が発生する場合があります。,37000,42100
スバル,レガシィB4,BEE,RS30,2002/02～2003/05,-40/-20,20616,,262930,SKS02-S1B00-qq-e-102,SKS02-S1B00-qq-e-d-102,4571104660699,SKS02-S1B00,TEIN,S.TECH,3000,4WD,,3.9/6.2,263/290,数値はノーマル車高比で算出しております。<br>推奨車高調整範囲:メーカーにて取付確認を行った値となります。,メーカー保証対象外：車高の前後バランスが悪いため。<br>車高データは開発車両における参考測定値データのため、車両の個体差・組み付け条件により差が生じることがあります。(また左右で差が生じたり、なじみにより組み付け後、しばらくして車高が下がる場合があります。)<br>推奨車高調整範囲外で使用するとショックや車両に破損が生じる可能性があり、保安基準適合外となることがあります。その場合の破損につきましては、メーカーでは一切の責任を負いかねますのでご了承ください。<br>装着するホイールサイズやオフセット、タイヤ銘柄やサイズ等により、メーカー基準位置でも走行時に干渉等が発生する場合があります。,37000,42100
スバル,レガシィB4,BL5,2.0GT/2.0GT スペックB,2003/05～2009/04,-25/-25,18345,,262940,SKS52-S1B00-qq-e-104,SKS52-S1B00-qq-e-d-104,4571104663829,SKS52-S1B00,TEIN,S.TECH,2000,4WD,ビルシュタイン装着車専用,5.3/7.2,228/282,数値はノーマル車高比で算出しております。<br>推奨車高調整範囲:メーカーにて取付確認を行った値となります。,車高データは開発車両における参考測定値データのため、車両の個体差・組み付け条件により差が生じることがあります。(また左右で差が生じたり、なじみにより組み付け後、しばらくして車高が下がる場合があります。)<br>推奨車高調整範囲外で使用するとショックや車両に破損が生じる可能性があり、保安基準適合外となることがあります。その場合の破損につきましては、メーカーでは一切の責任を負いかねますのでご了承ください。<br>装着するホイールサイズやオフセット、タイヤ銘柄やサイズ等により、メーカー基準位置でも走行時に干渉等が発生する場合があります。,32500,39200
スバル,レガシィツーリングワゴン,BH5,GT-B/E-TUNE,1998/06～2003/05,-39/-41,20616,,262933,SKS02-S1B00-qq-e-106,SKS02-S1B00-qq-e-d-106,4571104660699,SKS02-S1B00,TEIN,S.TECH,2000,4WD,ビルシュタイン装着車専用,3.9/6.2,263/290,数値はノーマル車高比で算出しております。<br>推奨車高調整範囲:メーカーにて取付確認を行った値となります。,車高データは開発車両における参考測定値データのため、車両の個体差・組み付け条件により差が生じることがあります。(また左右で差が生じたり、なじみにより組み付け後、しばらくして車高が下がる場合があります。)<br>推奨車高調整範囲外で使用するとショックや車両に破損が生じる可能性があり、保安基準適合外となることがあります。その場合の破損につきましては、メーカーでは一切の責任を負いかねますのでご了承ください。<br>装着するホイールサイズやオフセット、タイヤ銘柄やサイズ等により、メーカー基準位置でも走行時に干渉等が発生する場合があります。,37000,42100
スバル,レガシィツーリングワゴン,BHE,GT30,2002/02～2003/05,-45/-40,20616,,262932,SKS02-S1B00-qq-e-105,SKS02-S1B00-qq-e-d-105,4571104660699,SKS02-S1B00,TEIN,S.TECH,3000,4WD,,3.9/6.2,263/290,数値はノーマル車高比で算出しております。<br>推奨車高調整範囲:メーカーにて取付確認を行った値となります。,車高データは開発車両における参考測定値データのため、車両の個体差・組み付け条件により差が生じることがあります。(また左右で差が生じたり、なじみにより組み付け後、しばらくして車高が下がる場合があります。)<br>推奨車高調整範囲外で使用するとショックや車両に破損が生じる可能性があり、保安基準適合外となることがあります。その場合の破損につきましては、メーカーでは一切の責任を負いかねますのでご了承ください。<br>装着するホイールサイズやオフセット、タイヤ銘柄やサイズ等により、メーカー基準位置でも走行時に干渉等が発生する場合があります。,37000,42100
スバル,レガシィツーリングワゴン,BP5,2.0GT/2.0GT スペックB,2003/05～2009/04,-25/-30,18345,,262941,SKS52-S1B00-qq-e-107,SKS52-S1B00-qq-e-d-107,4571104663829,SKS52-S1B00,TEIN,S.TECH,2000,4WD,ビルシュタイン装着車専用,5.3/7.2,228/282,数値はノーマル車高比で算出しております。<br>推奨車高調整範囲:メーカーにて取付確認を行った値となります。,車高データは開発車両における参考測定値データのため、車両の個体差・組み付け条件により差が生じることがあります。(また左右で差が生じたり、なじみにより組み付け後、しばらくして車高が下がる場合があります。)<br>推奨車高調整範囲外で使用するとショックや車両に破損が生じる可能性があり、保安基準適合外となることがあります。その場合の破損につきましては、メーカーでは一切の責任を負いかねますのでご了承ください。<br>装着するホイールサイズやオフセット、タイヤ銘柄やサイズ等により、メーカー基準位置でも走行時に干渉等が発生する場合があります。,32500,39200
トヨタ,bB,QNC20,S Qバージョン,2005/12～2016/07,-45/-35,17813,,262893,SKL96-S1B00-qq-e-4,SKL96-S1B00-qq-e-d-4,4571104664628,SKL96-S1B00,TEIN,S.TECH,1300,FF,,4.1/2.8,300/293,数値はノーマル車高比で算出しております。<br>推奨車高調整範囲:メーカーにて取付確認を行った値となります。,車高データは開発車両における参考測定値データのため、車両の個体差・組み付け条件により差が生じることがあります。(また左右で差が生じたり、なじみにより組み付け後、しばらくして車高が下がる場合があります。)<br>推奨車高調整範囲外で使用するとショックや車両に破損が生じる可能性があり、保安基準適合外となることがあります。その場合の破損につきましては、メーカーでは一切の責任を負いかねますのでご了承ください。<br>装着するホイールサイズやオフセット、タイヤ銘柄やサイズ等により、メーカー基準位置でも走行時に干渉等が発生する場合があります。,31500,35500
トヨタ,bB,QNC21,Z/Z Xバージョン/Z Qバージョン,2005/12～2016/07,-45/-35,17813,,262894,SKL96-S1B00-qq-e-5,SKL96-S1B00-qq-e-d-5,4571104664628,SKL96-S1B00,TEIN,S.TECH,1500,FF,,4.1/2.8,300/293,数値はノーマル車高比で算出しております。<br>推奨車高調整範囲:メーカーにて取付確認を行った値となります。,車高データは開発車両における参考測定値データのため、車両の個体差・組み付け条件により差が生じることがあります。(また左右で差が生じたり、なじみにより組み付け後、しばらくして車高が下がる場合があります。)<br>推奨車高調整範囲外で使用するとショックや車両に破損が生じる可能性があり、保安基準適合外となることがあります。その場合の破損につきましては、メーカーでは一切の責任を負いかねますのでご了承ください。<br>装着するホイールサイズやオフセット、タイヤ銘柄やサイズ等により、メーカー基準位置でも走行時に干渉等が発生する場合があります。,31500,35500
トヨタ,アルファード,ANH10W,AS/AX,2002/05～2008/05,-45/-55,22860,,262880,SKL12-S1B00-qq-e-6,SKL12-S1B00-qq-e-d-6,4571104663645,SKL12-S1B00,TEIN,S.TECH,2400,FF,,3.8/6.7,298/324,数値はノーマル車高比で算出しております。<br>推奨車高調整範囲:メーカーにて取付確認を行った値となります。,車高データは開発車両における参考測定値データのため、車両の個体差・組み付け条件により差が生じることがあります。(また左右で差が生じたり、なじみにより組み付け後、しばらくして車高が下がる場合があります。)<br>推奨車高調整範囲外で使用するとショックや車両に破損が生じる可能性があり、保安基準適合外となることがあります。その場合の破損につきましては、メーカーでは一切の責任を負いかねますのでご了承ください。<br>装着するホイールサイズやオフセット、タイヤ銘柄やサイズ等により、メーカー基準位置でも走行時に干渉等が発生する場合があります。,41500,42000
トヨタ,アルファード,ANH15W,AS/AX,2002/05～2008/05,-40/-65,22860,,262881,SKL12-S1B00-qq-e-7,SKL12-S1B00-qq-e-d-7,4571104663645,SKL12-S1B00,TEIN,S.TECH,2400,4WD,,3.8/6.7,298/324,数値はノーマル車高比で算出しております。<br>推奨車高調整範囲:メーカーにて取付確認を行った値となります。,車高データは開発車両における参考測定値データのため、車両の個体差・組み付け条件により差が生じることがあります。(また左右で差が生じたり、なじみにより組み付け後、しばらくして車高が下がる場合があります。)<br>推奨車高調整範囲外で使用するとショックや車両に破損が生じる可能性があり、保安基準適合外となることがあります。その場合の破損につきましては、メーカーでは一切の責任を負いかねますのでご了承ください。<br>装着するホイールサイズやオフセット、タイヤ銘柄やサイズ等により、メーカー基準位置でも走行時に干渉等が発生する場合があります。,41500,42000
トヨタ,アルファード,ANH20W,240S/240X/240G,2008/05～2014/12,-40/-40,23359,,262757,SKC84-S1B00-qq-e-8,SKC84-S1B00-qq-e-d-8,4571104665977,SKC84-S1B00,TEIN,S.TECH,2400,FF,,3.4/8.5,301/300,数値はノーマル車高比で算出しております。<br>推奨車高調整範囲:メーカーにて取付確認を行った値となります。,車高データは開発車両における参考測定値データのため、車両の個体差・組み付け条件により差が生じることがあります。(また左右で差が生じたり、なじみにより組み付け後、しばらくして車高が下がる場合があります。)<br>推奨車高調整範囲外で使用するとショックや車両に破損が生じる可能性があり、保安基準適合外となることがあります。その場合の破損につきましては、メーカーでは一切の責任を負いかねますのでご了承ください。<br>装着するホイールサイズやオフセット、タイヤ銘柄やサイズ等により、メーカー基準位置でも走行時に干渉等が発生する場合があります。,42500,42700
トヨタ,アルファード,ANH25W,240S/240X/240G,2008/05～2014/12,-40/-65,23359,,262765,SKC88-S1B00-qq-e-9,SKC88-S1B00-qq-e-d-9,4571104666073,SKC88-S1B00,TEIN,S.TECH,2400,4WD,,3.6/8.5,302/327,数値はノーマル車高比で算出しております。<br>推奨車高調整範囲:メーカーにて取付確認を行った値となります。,車高データは開発車両における参考測定値データのため、車両の個体差・組み付け条件により差が生じることがあります。(また左右で差が生じたり、なじみにより組み付け後、しばらくして車高が下がる場合があります。)<br>推奨車高調整範囲外で使用するとショックや車両に破損が生じる可能性があり、保安基準適合外となることがあります。その場合の破損につきましては、メーカーでは一切の責任を負いかねますのでご了承ください。<br>装着するホイールサイズやオフセット、タイヤ銘柄やサイズ等により、メーカー基準位置でも走行時に干渉等が発生する場合があります。,42500,42700
トヨタ,アルファード,MNH10W,MZ/MS/MX,2002/05～2008/05,-60/-50,22860,,262878,SKL12-S1B00-qq-e-12,SKL12-S1B00-qq-e-d-12,4571104663645,SKL12-S1B00,TEIN,S.TECH,3000,FF,,3.8/6.7,298/324,数値はノーマル車高比で算出しております。<br>推奨車高調整範囲:メーカーにて取付確認を行った値となります。,車高データは開発車両における参考測定値データのため、車両の個体差・組み付け条件により差が生じることがあります。(また左右で差が生じたり、なじみにより組み付け後、しばらくして車高が下がる場合があります。)<br>推奨車高調整範囲外で使用するとショックや車両に破損が生じる可能性があり、保安基準適合外となることがあります。その場合の破損につきましては、メーカーでは一切の責任を負いかねますのでご了承ください。<br>装着するホイールサイズやオフセット、タイヤ銘柄やサイズ等により、メーカー基準位置でも走行時に干渉等が発生する場合があります。,41500,42000
トヨタ,アルファード,MNH15W,MZ/MS/MX,2002/05～2008/05,-40/-60,22860,,262879,SKL12-S1B00-qq-e-13,SKL12-S1B00-qq-e-d-13,4571104663645,SKL12-S1B00,TEIN,S.TECH,3000,4WD,,3.8/6.7,298/324,数値はノーマル車高比で算出しております。<br>推奨車高調整範囲:メーカーにて取付確認を行った値となります。,車高データは開発車両における参考測定値データのため、車両の個体差・組み付け条件により差が生じることがあります。(また左右で差が生じたり、なじみにより組み付け後、しばらくして車高が下がる場合があります。)<br>推奨車高調整範囲外で使用するとショックや車両に破損が生じる可能性があり、保安基準適合外となることがあります。その場合の破損につきましては、メーカーでは一切の責任を負いかねますのでご了承ください。<br>装着するホイールサイズやオフセット、タイヤ銘柄やサイズ等により、メーカー基準位置でも走行時に干渉等が発生する場合があります。,41500,42000
トヨタ,ヴェルファイア,ANH20W,2.4V/2.4Z/2.4X,2008/05～2014/12,-40/-40,23359,,262756,SKC84-S1B00-qq-e-31,SKC84-S1B00-qq-e-d-31,4571104665977,SKC84-S1B00,TEIN,S.TECH,2400,FF,,3.4/8.5,301/300,数値はノーマル車高比で算出しております。<br>推奨車高調整範囲:メーカーにて取付確認を行った値となります。,車高データは開発車両における参考測定値データのため、車両の個体差・組み付け条件により差が生じることがあります。(また左右で差が生じたり、なじみにより組み付け後、しばらくして車高が下がる場合があります。)<br>推奨車高調整範囲外で使用するとショックや車両に破損が生じる可能性があり、保安基準適合外となることがあります。その場合の破損につきましては、メーカーでは一切の責任を負いかねますのでご了承ください。<br>装着するホイールサイズやオフセット、タイヤ銘柄やサイズ等により、メーカー基準位置でも走行時に干渉等が発生する場合があります。,42500,42700
トヨタ,ヴェルファイア,ANH25W,2.4V/2.4Z/2.4X,2008/05～2014/12,-40/-65,23359,,262764,SKC88-S1B00-qq-e-32,SKC88-S1B00-qq-e-d-32,4571104666073,SKC88-S1B00,TEIN,S.TECH,2400,4WD,,3.6/8.5,302/327,数値はノーマル車高比で算出しております。<br>推奨車高調整範囲:メーカーにて取付確認を行った値となります。,車高データは開発車両における参考測定値データのため、車両の個体差・組み付け条件により差が生じることがあります。(また左右で差が生じたり、なじみにより組み付け後、しばらくして車高が下がる場合があります。)<br>推奨車高調整範囲外で使用するとショックや車両に破損が生じる可能性があり、保安基準適合外となることがあります。その場合の破損につきましては、メーカーでは一切の責任を負いかねますのでご了承ください。<br>装着するホイールサイズやオフセット、タイヤ銘柄やサイズ等により、メーカー基準位置でも走行時に干渉等が発生する場合があります。,42500,42700
トヨタ,ヴォクシー,AZR60G,V/Z/X/トランスX,2001/11～2004/07,-45/-45,22860,,262885,SKL24-S1B00-qq-e-35,SKL24-S1B00-qq-e-d-35,4571104664918,SKL24-S1B00,TEIN,S.TECH,2000,FF,,3/6.2,329/282,数値はノーマル車高比で算出しております。<br>推奨車高調整範囲:メーカーにて取付確認を行った値となります。,車高データは開発車両における参考測定値データのため、車両の個体差・組み付け条件により差が生じることがあります。(また左右で差が生じたり、なじみにより組み付け後、しばらくして車高が下がる場合があります。)<br>推奨車高調整範囲外で使用するとショックや車両に破損が生じる可能性があり、保安基準適合外となることがあります。その場合の破損につきましては、メーカーでは一切の責任を負いかねますのでご了承ください。<br>装着するホイールサイズやオフセット、タイヤ銘柄やサイズ等により、メーカー基準位置でも走行時に干渉等が発生する場合があります。,41500,42000
トヨタ,ヴォクシー,AZR60G,V/Z/X/トランスX,2004/08～2007/05,-45/-45,22860,,263056,SKL24-S1B00-qq-e-36,SKL24-S1B00-qq-e-d-36,4571104664918,SKL24-S1B00,TEIN,S.TECH,2000,FF,,3/6.2,329/282,数値はノーマル車高比で算出しております。<br>推奨車高調整範囲:メーカーにて取付確認を行った値となります。,メーカー保証対象外：最低地上高90mm確保できない為。<br>車高データは開発車両における参考測定値データのため、車両の個体差・組み付け条件により差が生じることがあります。(また左右で差が生じたり、なじみにより組み付け後、しばらくして車高が下がる場合があります。)<br>推奨車高調整範囲外で使用するとショックや車両に破損が生じる可能性があり、保安基準適合外となることがあります。その場合の破損につきましては、メーカーでは一切の責任を負いかねますのでご了承ください。<br>装着するホイールサイズやオフセット、タイヤ銘柄やサイズ等により、メーカー基準位置でも走行時に干渉等が発生する場合があります。,41500,42000
トヨタ,ヴォクシー,ZRR70G,V/X,2007/06～2014/01,-55/-55,22610,,262740,SKC56-S1B00-qq-e-37,SKC56-S1B00-qq-e-d-37,4571104665632,SKC56-S1B00,TEIN,S.TECH,2000,FF,,2.5/6.4,327/310,数値はノーマル車高比で算出しております。<br>推奨車高調整範囲:メーカーにて取付確認を行った値となります。,車高データは開発車両における参考測定値データのため、車両の個体差・組み付け条件により差が生じることがあります。(また左右で差が生じたり、なじみにより組み付け後、しばらくして車高が下がる場合があります。)<br>推奨車高調整範囲外で使用するとショックや車両に破損が生じる可能性があり、保安基準適合外となることがあります。その場合の破損につきましては、メーカーでは一切の責任を負いかねますのでご了承ください。<br>装着するホイールサイズやオフセット、タイヤ銘柄やサイズ等により、メーカー基準位置でも走行時に干渉等が発生する場合があります。,41000,41700
トヨタ,ヴォクシー,ZRR70W,ZS/Z,2007/06～2014/01,-55/-55,22610,,262741,SKC56-S1B00-qq-e-38,SKC56-S1B00-qq-e-d-38,4571104665632,SKC56-S1B00,TEIN,S.TECH,2000,FF,,2.5/6.4,327/310,数値はノーマル車高比で算出しております。<br>推奨車高調整範囲:メーカーにて取付確認を行った値となります。,車高データは開発車両における参考測定値データのため、車両の個体差・組み付け条件により差が生じることがあります。(また左右で差が生じたり、なじみにより組み付け後、しばらくして車高が下がる場合があります。)<br>推奨車高調整範囲外で使用するとショックや車両に破損が生じる可能性があり、保安基準適合外となることがあります。その場合の破損につきましては、メーカーでは一切の責任を負いかねますのでご了承ください。<br>装着するホイールサイズやオフセット、タイヤ銘柄やサイズ等により、メーカー基準位置でも走行時に干渉等が発生する場合があります。,41000,41700
トヨタ,ヴォクシー,ZRR75G,V/X,2007/06～2014/01,-45/-70,22610,,262749,SKC60-S1B00-qq-e-39,SKC60-S1B00-qq-e-d-39,4571104666127,SKC60-S1B00,TEIN,S.TECH,2000,4WD,,2.7/6.4,338/320,数値はノーマル車高比で算出しております。<br>推奨車高調整範囲:メーカーにて取付確認を行った値となります。,車高データは開発車両における参考測定値データのため、車両の個体差・組み付け条件により差が生じることがあります。(また左右で差が生じたり、なじみにより組み付け後、しばらくして車高が下がる場合があります。)<br>推奨車高調整範囲外で使用するとショックや車両に破損が生じる可能性があり、保安基準適合外となることがあります。その場合の破損につきましては、メーカーでは一切の責任を負いかねますのでご了承ください。<br>装着するホイールサイズやオフセット、タイヤ銘柄やサイズ等により、メーカー基準位置でも走行時に干渉等が発生する場合があります。,41000,41700
トヨタ,ヴォクシー,ZRR75W,ZS/Z,2007/06～2014/01,-45/-70,22610,,262750,SKC60-S1B00-qq-e-40,SKC60-S1B00-qq-e-d-40,4571104666127,SKC60-S1B00,TEIN,S.TECH,2000,4WD,,2.7/6.4,338/320,数値はノーマル車高比で算出しております。<br>推奨車高調整範囲:メーカーにて取付確認を行った値となります。,車高データは開発車両における参考測定値データのため、車両の個体差・組み付け条件により差が生じることがあります。(また左右で差が生じたり、なじみにより組み付け後、しばらくして車高が下がる場合があります。)<br>推奨車高調整範囲外で使用するとショックや車両に破損が生じる可能性があり、保安基準適合外となることがあります。その場合の破損につきましては、メーカーでは一切の責任を負いかねますのでご了承ください。<br>装着するホイールサイズやオフセット、タイヤ銘柄やサイズ等により、メーカー基準位置でも走行時に干渉等が発生する場合があります。,41000,41700
トヨタ,ヴォクシーG's,ZRR70W,Z G'S/ZS G'S/ZS G'Sバージョン エッジ,2010/04～2014/01,-15/-10,22610,,262742,SKC56-S1B00-qq-e-41,SKC56-S1B00-qq-e-d-41,4571104665632,SKC56-S1B00,TEIN,S.TECH,2000,FF,,2.5/6.4,327/310,数値はノーマル車高比で算出しております。<br>推奨車高調整範囲:メーカーにて取付確認を行った値となります。,車高データは開発車両における参考測定値データのため、車両の個体差・組み付け条件により差が生じることがあります。(また左右で差が生じたり、なじみにより組み付け後、しばらくして車高が下がる場合があります。)<br>推奨車高調整範囲外で使用するとショックや車両に破損が生じる可能性があり、保安基準適合外となることがあります。その場合の破損につきましては、メーカーでは一切の責任を負いかねますのでご了承ください。<br>装着するホイールサイズやオフセット、タイヤ銘柄やサイズ等により、メーカー基準位置でも走行時に干渉等が発生する場合があります。,41000,41700
トヨタ,エスティマ,ACR30W,G/X/アエラス/J,2000/01～2006/01,-40/-35,25103,,263031,SKY40-S1B00-qq-e-14,SKY40-S1B00-qq-e-d-14,4571104661214,SKY40-S1B00,TEIN,S.TECH,2400,FF,,3.5/6,348/306,数値はノーマル車高比で算出しております。<br>推奨車高調整範囲:メーカーにて取付確認を行った値となります。,車高データは開発車両における参考測定値データのため、車両の個体差・組み付け条件により差が生じることがあります。(また左右で差が生じたり、なじみにより組み付け後、しばらくして車高が下がる場合があります。)<br>推奨車高調整範囲外で使用するとショックや車両に破損が生じる可能性があり、保安基準適合外となることがあります。その場合の破損につきましては、メーカーでは一切の責任を負いかねますのでご了承ください。<br>装着するホイールサイズやオフセット、タイヤ銘柄やサイズ等により、メーカー基準位置でも走行時に干渉等が発生する場合があります。,46000,44900
トヨタ,エスティマ,ACR40W,G/X/アエラス/J,2000/01～2006/01,-40/-60,25103,,263032,SKY40-S1B00-qq-e-15,SKY40-S1B00-qq-e-d-15,4571104661214,SKY40-S1B00,TEIN,S.TECH,2400,4WD,,3.5/6,348/306,数値はノーマル車高比で算出しております。<br>推奨車高調整範囲:メーカーにて取付確認を行った値となります。,車高データは開発車両における参考測定値データのため、車両の個体差・組み付け条件により差が生じることがあります。(また左右で差が生じたり、なじみにより組み付け後、しばらくして車高が下がる場合があります。)<br>推奨車高調整範囲外で使用するとショックや車両に破損が生じる可能性があり、保安基準適合外となることがあります。その場合の破損につきましては、メーカーでは一切の責任を負いかねますのでご了承ください。<br>装着するホイールサイズやオフセット、タイヤ銘柄やサイズ等により、メーカー基準位置でも走行時に干渉等が発生する場合があります。,46000,44900
トヨタ,エスティマ,ACR50W,X/G/アエラスS,2006/01～2016/05,-35/-35,24107,,262896,SKL98-S1B00-qq-e-16,SKL98-S1B00-qq-e-d-16,4571104664604,SKL98-S1B00,TEIN,S.TECH,2400,FF,,3.4/8.5,301/300,数値はノーマル車高比で算出しております。<br>推奨車高調整範囲:メーカーにて取付確認を行った値となります。,車高データは開発車両における参考測定値データのため、車両の個体差・組み付け条件により差が生じることがあります。(また左右で差が生じたり、なじみにより組み付け後、しばらくして車高が下がる場合があります。)<br>推奨車高調整範囲外で使用するとショックや車両に破損が生じる可能性があり、保安基準適合外となることがあります。その場合の破損につきましては、メーカーでは一切の責任を負いかねますのでご了承ください。<br>装着するホイールサイズやオフセット、タイヤ銘柄やサイズ等により、メーカー基準位置でも走行時に干渉等が発生する場合があります。,44000,43600
トヨタ,エスティマ,MCR30W,G/X/アエラス,2000/01～2006/01,-45/-35,25103,,263033,SKY40-S1B00-qq-e-18,SKY40-S1B00-qq-e-d-18,4571104661214,SKY40-S1B00,TEIN,S.TECH,3000,FF,,3.5/6,348/306,数値はノーマル車高比で算出しております。<br>推奨車高調整範囲:メーカーにて取付確認を行った値となります。,車高データは開発車両における参考測定値データのため、車両の個体差・組み付け条件により差が生じることがあります。(また左右で差が生じたり、なじみにより組み付け後、しばらくして車高が下がる場合があります。)<br>推奨車高調整範囲外で使用するとショックや車両に破損が生じる可能性があり、保安基準適合外となることがあります。その場合の破損につきましては、メーカーでは一切の責任を負いかねますのでご了承ください。<br>装着するホイールサイズやオフセット、タイヤ銘柄やサイズ等により、メーカー基準位置でも走行時に干渉等が発生する場合があります。,46000,44900
トヨタ,エスティマ,MCR40W,G/X/アエラス,2000/01～2006/01,-50/-60,25103,,263034,SKY40-S1B00-qq-e-19,SKY40-S1B00-qq-e-d-19,4571104661214,SKY40-S1B00,TEIN,S.TECH,3000,4WD,,3.5/6,348/306,数値はノーマル車高比で算出しております。<br>推奨車高調整範囲:メーカーにて取付確認を行った値となります。,車高データは開発車両における参考測定値データのため、車両の個体差・組み付け条件により差が生じることがあります。(また左右で差が生じたり、なじみにより組み付け後、しばらくして車高が下がる場合があります。)<br>推奨車高調整範囲外で使用するとショックや車両に破損が生じる可能性があり、保安基準適合外となることがあります。その場合の破損につきましては、メーカーでは一切の責任を負いかねますのでご了承ください。<br>装着するホイールサイズやオフセット、タイヤ銘柄やサイズ等により、メーカー基準位置でも走行時に干渉等が発生する場合があります。,46000,44900
トヨタ,カローラレビン/スプリンタートレノ,AE101,GT-Z/GT-APEX(スーパーストラット),1991/06～1995/04,-26/-15,17813,,262961,SKT40-M1B00-qq-e-29,SKT40-M1B00-qq-e-d-29,4571104662150,SKT40-M1B00,TEIN,S.TECH,1600,FF,,4/3.1,239/297,数値はノーマル車高比で算出しております。<br>推奨車高調整範囲:メーカーにて取付確認を行った値となります。,車高データは開発車両における参考測定値データのため、車両の個体差・組み付け条件により差が生じることがあります。(また左右で差が生じたり、なじみにより組み付け後、しばらくして車高が下がる場合があります。)<br>推奨車高調整範囲外で使用するとショックや車両に破損が生じる可能性があり、保安基準適合外となることがあります。その場合の破損につきましては、メーカーでは一切の責任を負いかねますのでご了承ください。<br>装着するホイールサイズやオフセット、タイヤ銘柄やサイズ等により、メーカー基準位置でも走行時に干渉等が発生する場合があります。,31500,35500
トヨタ,カローラレビン/スプリンタートレノ,AE111,BZ-R/BZ-G/BZ-V(スーパーストラット),1995/05～2000/07,-26/-15,17813,,262962,SKT40-M1B00-qq-e-30,SKT40-M1B00-qq-e-d-30,4571104662150,SKT40-M1B00,TEIN,S.TECH,1600,FF,,4/3.1,239/297,数値はノーマル車高比で算出しております。<br>推奨車高調整範囲:メーカーにて取付確認を行った値となります。,車高データは開発車両における参考測定値データのため、車両の個体差・組み付け条件により差が生じることがあります。(また左右で差が生じたり、なじみにより組み付け後、しばらくして車高が下がる場合があります。)<br>推奨車高調整範囲外で使用するとショックや車両に破損が生じる可能性があり、保安基準適合外となることがあります。その場合の破損につきましては、メーカーでは一切の責任を負いかねますのでご了承ください。<br>装着するホイールサイズやオフセット、タイヤ銘柄やサイズ等により、メーカー基準位置でも走行時に干渉等が発生する場合があります。,31500,35500
トヨタ,スターレット,EP91,グランツァV/グランツァS/ルフレ,1995/12～1998/12,-57/-50,16750,,262963,SKT90-S1B00-qq-e-21,SKT90-S1B00-qq-e-d-21,4571104661023,SKT90-S1B00,TEIN,S.TECH,1300,FF,,2.7/2.4,265/325,数値はノーマル車高比で算出しております。<br>推奨車高調整範囲:メーカーにて取付確認を行った値となります。,車高データは開発車両における参考測定値データのため、車両の個体差・組み付け条件により差が生じることがあります。(また左右で差が生じたり、なじみにより組み付け後、しばらくして車高が下がる場合があります。)<br>推奨車高調整範囲外で使用するとショックや車両に破損が生じる可能性があり、保安基準適合外となることがあります。その場合の破損につきましては、メーカーでは一切の責任を負いかねますのでご了承ください。<br>装着するホイールサイズやオフセット、タイヤ銘柄やサイズ等により、メーカー基準位置でも走行時に干渉等が発生する場合があります。,29500,34200
トヨタ,ノア,AZR60G,L/S/X/YY,2001/11～2004/07,-45/-45,22860,,262884,SKL24-S1B00-qq-e-22,SKL24-S1B00-qq-e-d-22,4571104664918,SKL24-S1B00,TEIN,S.TECH,2000,FF,,3/6.2,329/282,数値はノーマル車高比で算出しております。<br>推奨車高調整範囲:メーカーにて取付確認を行った値となります。,車高データは開発車両における参考測定値データのため、車両の個体差・組み付け条件により差が生じることがあります。(また左右で差が生じたり、なじみにより組み付け後、しばらくして車高が下がる場合があります。)<br>推奨車高調整範囲外で使用するとショックや車両に破損が生じる可能性があり、保安基準適合外となることがあります。その場合の破損につきましては、メーカーでは一切の責任を負いかねますのでご了承ください。<br>装着するホイールサイズやオフセット、タイヤ銘柄やサイズ等により、メーカー基準位置でも走行時に干渉等が発生する場合があります。,41500,42000
トヨタ,ノア,AZR60G,L/S/X/YY,2004/08～2007/05,-45/-45,22860,,263055,SKL24-S1B00-qq-e-23,SKL24-S1B00-qq-e-d-23,4571104664918,SKL24-S1B00,TEIN,S.TECH,2000,FF,,3/6.2,329/282,数値はノーマル車高比で算出しております。<br>推奨車高調整範囲:メーカーにて取付確認を行った値となります。,メーカー保証対象外：最低地上高90mm確保できない為。<br>車高データは開発車両における参考測定値データのため、車両の個体差・組み付け条件により差が生じることがあります。(また左右で差が生じたり、なじみにより組み付け後、しばらくして車高が下がる場合があります。)<br>推奨車高調整範囲外で使用するとショックや車両に破損が生じる可能性があり、保安基準適合外となることがあります。その場合の破損につきましては、メーカーでは一切の責任を負いかねますのでご了承ください。<br>装着するホイールサイズやオフセット、タイヤ銘柄やサイズ等により、メーカー基準位置でも走行時に干渉等が発生する場合があります。,41500,42000
トヨタ,ノア,ZRR70G,G/X,2007/06～2014/01,-55/-55,22610,,262737,SKC56-S1B00-qq-e-24,SKC56-S1B00-qq-e-d-24,4571104665632,SKC56-S1B00,TEIN,S.TECH,2000,FF,,2.5/6.4,327/310,数値はノーマル車高比で算出しております。<br>推奨車高調整範囲:メーカーにて取付確認を行った値となります。,車高データは開発車両における参考測定値データのため、車両の個体差・組み付け条件により差が生じることがあります。(また左右で差が生じたり、なじみにより組み付け後、しばらくして車高が下がる場合があります。)<br>推奨車高調整範囲外で使用するとショックや車両に破損が生じる可能性があり、保安基準適合外となることがあります。その場合の破損につきましては、メーカーでは一切の責任を負いかねますのでご了承ください。<br>装着するホイールサイズやオフセット、タイヤ銘柄やサイズ等により、メーカー基準位置でも走行時に干渉等が発生する場合があります。,41000,41700
トヨタ,ノア,ZRR70W,SI/S,2007/06～2014/01,-55/-55,22610,,262738,SKC56-S1B00-qq-e-25,SKC56-S1B00-qq-e-d-25,4571104665632,SKC56-S1B00,TEIN,S.TECH,2000,FF,,2.5/6.4,327/310,数値はノーマル車高比で算出しております。<br>推奨車高調整範囲:メーカーにて取付確認を行った値となります。,車高データは開発車両における参考測定値データのため、車両の個体差・組み付け条件により差が生じることがあります。(また左右で差が生じたり、なじみにより組み付け後、しばらくして車高が下がる場合があります。)<br>推奨車高調整範囲外で使用するとショックや車両に破損が生じる可能性があり、保安基準適合外となることがあります。その場合の破損につきましては、メーカーでは一切の責任を負いかねますのでご了承ください。<br>装着するホイールサイズやオフセット、タイヤ銘柄やサイズ等により、メーカー基準位置でも走行時に干渉等が発生する場合があります。,41000,41700
トヨタ,ノア,ZRR75G,G/X,2007/06～2014/01,-45/-70,22610,,262747,SKC60-S1B00-qq-e-26,SKC60-S1B00-qq-e-d-26,4571104666127,SKC60-S1B00,TEIN,S.TECH,2000,4WD,,2.7/6.4,338/320,数値はノーマル車高比で算出しております。<br>推奨車高調整範囲:メーカーにて取付確認を行った値となります。,車高データは開発車両における参考測定値データのため、車両の個体差・組み付け条件により差が生じることがあります。(また左右で差が生じたり、なじみにより組み付け後、しばらくして車高が下がる場合があります。)<br>推奨車高調整範囲外で使用するとショックや車両に破損が生じる可能性があり、保安基準適合外となることがあります。その場合の破損につきましては、メーカーでは一切の責任を負いかねますのでご了承ください。<br>装着するホイールサイズやオフセット、タイヤ銘柄やサイズ等により、メーカー基準位置でも走行時に干渉等が発生する場合があります。,41000,41700
トヨタ,ノア,ZRR75W,SI/S,2007/06～2014/01,-45/-70,22610,,262748,SKC60-S1B00-qq-e-27,SKC60-S1B00-qq-e-d-27,4571104666127,SKC60-S1B00,TEIN,S.TECH,2000,4WD,,2.7/6.4,338/320,数値はノーマル車高比で算出しております。<br>推奨車高調整範囲:メーカーにて取付確認を行った値となります。,車高データは開発車両における参考測定値データのため、車両の個体差・組み付け条件により差が生じることがあります。(また左右で差が生じたり、なじみにより組み付け後、しばらくして車高が下がる場合があります。)<br>推奨車高調整範囲外で使用するとショックや車両に破損が生じる可能性があり、保安基準適合外となることがあります。その場合の破損につきましては、メーカーでは一切の責任を負いかねますのでご了承ください。<br>装着するホイールサイズやオフセット、タイヤ銘柄やサイズ等により、メーカー基準位置でも走行時に干渉等が発生する場合があります。,41000,41700
トヨタ,ノアG's,ZRR70W,S G'S/SI G'S/SI G'Sバージョン エッジ,2010/04～2014/01,-15/-10,22610,,262739,SKC56-S1B00-qq-e-28,SKC56-S1B00-qq-e-d-28,4571104665632,SKC56-S1B00,TEIN,S.TECH,2000,FF,,2.5/6.4,327/310,グレードVERSION EDGE VERSION EDGEで実車確認<br>数値はノーマル車高比で算出しております。<br>推奨車高調整範囲:メーカーにて取付確認を行った値となります。,車高データは開発車両における参考測定値データのため、車両の個体差・組み付け条件により差が生じることがあります。(また左右で差が生じたり、なじみにより組み付け後、しばらくして車高が下がる場合があります。)<br>推奨車高調整範囲外で使用するとショックや車両に破損が生じる可能性があり、保安基準適合外となることがあります。その場合の破損につきましては、メーカーでは一切の責任を負いかねますのでご了承ください。<br>装着するホイールサイズやオフセット、タイヤ銘柄やサイズ等により、メーカー基準位置でも走行時に干渉等が発生する場合があります。,41000,41700
日産,スカイライン,ER34,25GT,1998/05～2001/05,-46/-35,17547,,262910,SKN62-S1B00-qq-e-44,SKN62-S1B00-qq-e-d-44,4571104660484,SKN62-S1B00,TEIN,S.TECH,2500,FR,,3.5/3.3,317/340,数値はノーマル車高比で算出しております。<br>推奨車高調整範囲:メーカーにて取付確認を行った値となります。,メーカー保証対象外：取付形状OK(実車未確認)。<br>車高データは開発車両における参考測定値データのため、車両の個体差・組み付け条件により差が生じることがあります。(また左右で差が生じたり、なじみにより組み付け後、しばらくして車高が下がる場合があります。)<br>推奨車高調整範囲外で使用するとショックや車両に破損が生じる可能性があり、保安基準適合外となることがあります。その場合の破損につきましては、メーカーでは一切の責任を負いかねますのでご了承ください。<br>装着するホイールサイズやオフセット、タイヤ銘柄やサイズ等により、メーカー基準位置でも走行時に干渉等が発生する場合があります。,31000,35200
日産,スカイライン,ER34,25GT-T/25GT-V(スーパーハイキャス車),1998/05～2001/05,-46/-35,17547,,263057,SKN62-S1B00-qq-e-45,SKN62-S1B00-qq-e-d-45,4571104660484,SKN62-S1B00,TEIN,S.TECH,2500,FR,,3.5/3.3,317/340,数値はノーマル車高比で算出しております。<br>推奨車高調整範囲:メーカーにて取付確認を行った値となります。,車高データは開発車両における参考測定値データのため、車両の個体差・組み付け条件により差が生じることがあります。(また左右で差が生じたり、なじみにより組み付け後、しばらくして車高が下がる場合があります。)<br>推奨車高調整範囲外で使用するとショックや車両に破損が生じる可能性があり、保安基準適合外となることがあります。その場合の破損につきましては、メーカーでは一切の責任を負いかねますのでご了承ください。<br>装着するホイールサイズやオフセット、タイヤ銘柄やサイズ等により、メーカー基準位置でも走行時に干渉等が発生する場合があります。,31000,35200
日産,スカイライン,HR34,GT,1998/05～2001/05,-41/-30,17547,,262911,SKN62-S1B00-qq-e-46,SKN62-S1B00-qq-e-d-46,4571104660484,SKN62-S1B00,TEIN,S.TECH,2000,FR,,3.5/3.3,317/340,数値はノーマル車高比で算出しております。<br>推奨車高調整範囲:メーカーにて取付確認を行った値となります。,車高データは開発車両における参考測定値データのため、車両の個体差・組み付け条件により差が生じることがあります。(また左右で差が生じたり、なじみにより組み付け後、しばらくして車高が下がる場合があります。)<br>推奨車高調整範囲外で使用するとショックや車両に破損が生じる可能性があり、保安基準適合外となることがあります。その場合の破損につきましては、メーカーでは一切の責任を負いかねますのでご了承ください。<br>装着するホイールサイズやオフセット、タイヤ銘柄やサイズ等により、メーカー基準位置でも走行時に干渉等が発生する場合があります。,31000,35200
日産,ノート,E11,15RX/15E/15S-V/15S,2005/01～2012/08,-35/-35,16218,,262914,SKP50-S1B00-qq-e-51,SKP50-S1B00-qq-e-d-51,4571104664413,SKP50-S1B00,TEIN,S.TECH,1500,FF,,2.5/3.8,284/224,数値はノーマル車高比で算出しております。<br>推奨車高調整範囲:メーカーにて取付確認を行った値となります。,車高データは開発車両における参考測定値データのため、車両の個体差・組み付け条件により差が生じることがあります。(また左右で差が生じたり、なじみにより組み付け後、しばらくして車高が下がる場合があります。)<br>推奨車高調整範囲外で使用するとショックや車両に破損が生じる可能性があり、保安基準適合外となることがあります。その場合の破損につきましては、メーカーでは一切の責任を負いかねますのでご了承ください。<br>装着するホイールサイズやオフセット、タイヤ銘柄やサイズ等により、メーカー基準位置でも走行時に干渉等が発生する場合があります。,28500,33600
日産,プレサージュ,TU31,X/V/J/L/ハイウェイスター,2003/06～2009/08,-30/-25,23359,,262912,SKP42-S1B00-qq-e-54,SKP42-S1B00-qq-e-d-54,4571104664277,SKP42-S1B00,TEIN,S.TECH,2500,FF,,4.5/7.5,278/287,数値はノーマル車高比で算出しております。<br>推奨車高調整範囲:メーカーにて取付確認を行った値となります。,車高データは開発車両における参考測定値データのため、車両の個体差・組み付け条件により差が生じることがあります。(また左右で差が生じたり、なじみにより組み付け後、しばらくして車高が下がる場合があります。)<br>推奨車高調整範囲外で使用するとショックや車両に破損が生じる可能性があり、保安基準適合外となることがあります。その場合の破損につきましては、メーカーでは一切の責任を負いかねますのでご了承ください。<br>装着するホイールサイズやオフセット、タイヤ銘柄やサイズ等により、メーカー基準位置でも走行時に干渉等が発生する場合があります。,42500,42700
ホンダ,エリシオン,RR1,M/G/X,2004/05～2012/06,-40/-30,23359,,262703,SKA88-S1B00-qq-e-56,SKA88-S1B00-qq-e-d-56,4571104664109,SKA88-S1B00,TEIN,S.TECH,2400,FF,,7.6/10,300/297,数値はノーマル車高比で算出しております。<br>推奨車高調整範囲:メーカーにて取付確認を行った値となります。,車高データは開発車両における参考測定値データのため、車両の個体差・組み付け条件により差が生じることがあります。(また左右で差が生じたり、なじみにより組み付け後、しばらくして車高が下がる場合があります。)<br>推奨車高調整範囲外で使用するとショックや車両に破損が生じる可能性があり、保安基準適合外となることがあります。その場合の破損につきましては、メーカーでは一切の責任を負いかねますのでご了承ください。<br>装着するホイールサイズやオフセット、タイヤ銘柄やサイズ等により、メーカー基準位置でも走行時に干渉等が発生する場合があります。,42500,42700
ホンダ,エリシオンプレステージ,RR1,S,2007/08～2013/10,-40/-30,23359,,262704,SKA88-S1B00-qq-e-57,SKA88-S1B00-qq-e-d-57,4571104664109,SKA88-S1B00,TEIN,S.TECH,2400,FF,,7.6/10,300/297,数値はノーマル車高比で算出しております。<br>推奨車高調整範囲:メーカーにて取付確認を行った値となります。,車高データは開発車両における参考測定値データのため、車両の個体差・組み付け条件により差が生じることがあります。(また左右で差が生じたり、なじみにより組み付け後、しばらくして車高が下がる場合があります。)<br>推奨車高調整範囲外で使用するとショックや車両に破損が生じる可能性があり、保安基準適合外となることがあります。その場合の破損につきましては、メーカーでは一切の責任を負いかねますのでご了承ください。<br>装着するホイールサイズやオフセット、タイヤ銘柄やサイズ等により、メーカー基準位置でも走行時に干渉等が発生する場合があります。,42500,42700
ホンダ,オデッセイ,RB1,S/M/L,2003/10～2008/10,-45/-55,18611,,263097,SKA62-S1B00-qq-e-59,SKA62-S1B00-qq-e-d-59,4571104663935,SKA62-S1B00,TEIN,S.TECH,2400,FF,,7.3/9.6,284/280,数値はノーマル車高比で算出しております。<br>推奨車高調整範囲:メーカーにて取付確認を行った値となります。,平成18年1月1日以降に生産されたフォグランプ装着車は、フォグランプ下縁高さが地上250mm未満となった場合、保安基準に抵触します。ご購入前にフォグランプ高さを必ずご確認ください。<br>車高データは開発車両における参考測定値データのため、車両の個体差・組み付け条件により差が生じることがあります。(また左右で差が生じたり、なじみにより組み付け後、しばらくして車高が下がる場合があります。)<br>推奨車高調整範囲外で使用するとショックや車両に破損が生じる可能性があり、保安基準適合外となることがあります。その場合の破損につきましては、メーカーでは一切の責任を負いかねますのでご了承ください。<br>装着するホイールサイズやオフセット、タイヤ銘柄やサイズ等により、メーカー基準位置でも走行時に干渉等が発生する場合があります。,33000,36500
ホンダ,オデッセイ,RB1,アブソルート,2003/10～2008/10,-35/-45,18611,,262697,SKA62-S1B00-qq-e-58,SKA62-S1B00-qq-e-d-58,4571104663935,SKA62-S1B00,TEIN,S.TECH,2400,FF,,7.3/9.6,284/280,数値はノーマル車高比で算出しております。<br>推奨車高調整範囲:メーカーにて取付確認を行った値となります。,平成18年1月1日以降に生産されたフォグランプ装着車は、フォグランプ下縁高さが地上250mm未満となった場合、保安基準に抵触します。ご購入前にフォグランプ高さを必ずご確認ください。<br>車高データは開発車両における参考測定値データのため、車両の個体差・組み付け条件により差が生じることがあります。(また左右で差が生じたり、なじみにより組み付け後、しばらくして車高が下がる場合があります。)<br>推奨車高調整範囲外で使用するとショックや車両に破損が生じる可能性があり、保安基準適合外となることがあります。その場合の破損につきましては、メーカーでは一切の責任を負いかねますのでご了承ください。<br>装着するホイールサイズやオフセット、タイヤ銘柄やサイズ等により、メーカー基準位置でも走行時に干渉等が発生する場合があります。,33000,36500
ホンダ,オデッセイ,RB2,S/M/L/アブソルート,2003/10～2008/10,-50/-45,18611,,262698,SKA62-S1B00-qq-e-60,SKA62-S1B00-qq-e-d-60,4571104663935,SKA62-S1B00,TEIN,S.TECH,2400,4WD,,7.3/9.6,284/280,数値はノーマル車高比で算出しております。<br>推奨車高調整範囲:メーカーにて取付確認を行った値となります。,平成18年1月1日以降に生産されたフォグランプ装着車は、フォグランプ下縁高さが地上250mm未満となった場合、保安基準に抵触します。ご購入前にフォグランプ高さを必ずご確認ください。<br>車高データは開発車両における参考測定値データのため、車両の個体差・組み付け条件により差が生じることがあります。(また左右で差が生じたり、なじみにより組み付け後、しばらくして車高が下がる場合があります。)<br>推奨車高調整範囲外で使用するとショックや車両に破損が生じる可能性があり、保安基準適合外となることがあります。その場合の破損につきましては、メーカーでは一切の責任を負いかねますのでご了承ください。<br>装着するホイールサイズやオフセット、タイヤ銘柄やサイズ等により、メーカー基準位置でも走行時に干渉等が発生する場合があります。,33000,36500
ホンダ,オデッセイ,RB3,LI/L/M/アブソルート,2008/10～2013/10,-40/-35,19619,,262714,SKB84-S1B00-qq-e-61,SKB84-S1B00-qq-e-d-61,4571104666035,SKB84-S1B00,TEIN,S.TECH,2400,FF,,7.3/9.6,284/280,数値はノーマル車高比で算出しております。<br>推奨車高調整範囲:メーカーにて取付確認を行った値となります。,車高データは開発車両における参考測定値データのため、車両の個体差・組み付け条件により差が生じることがあります。(また左右で差が生じたり、なじみにより組み付け後、しばらくして車高が下がる場合があります。)<br>推奨車高調整範囲外で使用するとショックや車両に破損が生じる可能性があり、保安基準適合外となることがあります。その場合の破損につきましては、メーカーでは一切の責任を負いかねますのでご了承ください。<br>装着するホイールサイズやオフセット、タイヤ銘柄やサイズ等により、メーカー基準位置でも走行時に干渉等が発生する場合があります。,35000,37800
ホンダ,オデッセイ,RB4,LI/L/M/アブソルート,2008/10～2013/10,-40/-35,19619,,262715,SKB84-S1B00-qq-e-62,SKB84-S1B00-qq-e-d-62,4571104666035,SKB84-S1B00,TEIN,S.TECH,2400,4WD,,7.3/9.6,284/280,数値はノーマル車高比で算出しております。<br>推奨車高調整範囲:メーカーにて取付確認を行った値となります。,車高データは開発車両における参考測定値データのため、車両の個体差・組み付け条件により差が生じることがあります。(また左右で差が生じたり、なじみにより組み付け後、しばらくして車高が下がる場合があります。)<br>推奨車高調整範囲外で使用するとショックや車両に破損が生じる可能性があり、保安基準適合外となることがあります。その場合の破損につきましては、メーカーでは一切の責任を負いかねますのでご了承ください。<br>装着するホイールサイズやオフセット、タイヤ銘柄やサイズ等により、メーカー基準位置でも走行時に干渉等が発生する場合があります。,35000,37800
ホンダ,シビック,EG6,SIR,1991/09～1995/09,-27/-27,17281,,262822,SKH26-S1B00-qq-e-63,SKH26-S1B00-qq-e-d-63,4571104660064,SKH26-S1B00,TEIN,S.TECH,1600,FF,,3.8/2.5,329/305,数値はノーマル車高比で算出しております。<br>推奨車高調整範囲:メーカーにて取付確認を行った値となります。,車高データは開発車両における参考測定値データのため、車両の個体差・組み付け条件により差が生じることがあります。(また左右で差が生じたり、なじみにより組み付け後、しばらくして車高が下がる場合があります。)<br>推奨車高調整範囲外で使用するとショックや車両に破損が生じる可能性があり、保安基準適合外となることがあります。その場合の破損につきましては、メーカーでは一切の責任を負いかねますのでご了承ください。<br>装着するホイールサイズやオフセット、タイヤ銘柄やサイズ等により、メーカー基準位置でも走行時に干渉等が発生する場合があります。,30500,34900
ホンダ,シビック,EK3,VTI/RI,1995/09～2000/08,-27/-20,17281,,262823,SKH26-S1B00-qq-e-64,SKH26-S1B00-qq-e-d-64,4571104660064,SKH26-S1B00,TEIN,S.TECH,1500,FF,,3.8/2.5,329/305,数値はノーマル車高比で算出しております。<br>推奨車高調整範囲:メーカーにて取付確認を行った値となります。,車高データは開発車両における参考測定値データのため、車両の個体差・組み付け条件により差が生じることがあります。(また左右で差が生じたり、なじみにより組み付け後、しばらくして車高が下がる場合があります。)<br>推奨車高調整範囲外で使用するとショックや車両に破損が生じる可能性があり、保安基準適合外となることがあります。その場合の破損につきましては、メーカーでは一切の責任を負いかねますのでご了承ください。<br>装着するホイールサイズやオフセット、タイヤ銘柄やサイズ等により、メーカー基準位置でも走行時に干渉等が発生する場合があります。,30500,34900
ホンダ,シビック,EK4,SIR,1995/09～2000/08,-23/-15,16750,,262824,SKH36-S1B00-qq-e-65,SKH36-S1B00-qq-e-d-65,4571104660101,SKH36-S1B00,TEIN,S.TECH,1600,FF,,4.2/2.5,313/300,数値はノーマル車高比で算出しております。<br>推奨車高調整範囲:メーカーにて取付確認を行った値となります。,車高データは開発車両における参考測定値データのため、車両の個体差・組み付け条件により差が生じることがあります。(また左右で差が生じたり、なじみにより組み付け後、しばらくして車高が下がる場合があります。)<br>推奨車高調整範囲外で使用するとショックや車両に破損が生じる可能性があり、保安基準適合外となることがあります。その場合の破損につきましては、メーカーでは一切の責任を負いかねますのでご了承ください。<br>装着するホイールサイズやオフセット、タイヤ銘柄やサイズ等により、メーカー基準位置でも走行時に干渉等が発生する場合があります。,29500,34200
ホンダ,シビックタイプR,EK9,TYPE R,1997/08～2000/08,-23/-15,16750,,262825,SKH36-S1B00-qq-e-67,SKH36-S1B00-qq-e-d-67,4571104660101,SKH36-S1B00,TEIN,S.TECH,1600,FF,,4.2/2.5,313/300,数値はノーマル車高比で算出しております。<br>推奨車高調整範囲:メーカーにて取付確認を行った値となります。,車高データは開発車両における参考測定値データのため、車両の個体差・組み付け条件により差が生じることがあります。(また左右で差が生じたり、なじみにより組み付け後、しばらくして車高が下がる場合があります。)<br>推奨車高調整範囲外で使用するとショックや車両に破損が生じる可能性があり、保安基準適合外となることがあります。その場合の破損につきましては、メーカーでは一切の責任を負いかねますのでご了承ください。<br>装着するホイールサイズやオフセット、タイヤ銘柄やサイズ等により、メーカー基準位置でも走行時に干渉等が発生する場合があります。,29500,34200
ホンダ,シビックタイプR,FK8,TYPE R,2017/09～,-25/-25,23109,,263085,SKHK8-S1B00-qq-e-7k,SKHK8-S1B00-qq-e-d-7k,4571104669968,SKHK8-S1B00,TEIN,S.TECH,2000,FF,,5.3/4.8,230/285,数値はノーマル車高比で算出しております。<br>推奨車高調整範囲:メーカーにて取付確認を行った値となります。,車高データは開発車両における参考測定値データのため、車両の個体差・組み付け条件により差が生じることがあります。(また左右で差が生じたり、なじみにより組み付け後、しばらくして車高が下がる場合があります。)<br>推奨車高調整範囲外で使用するとショックや車両に破損が生じる可能性があり、保安基準適合外となることがあります。その場合の破損につきましては、メーカーでは一切の責任を負いかねますのでご了承ください。<br>装着するホイールサイズやオフセット、タイヤ銘柄やサイズ等により、メーカー基準位置でも走行時に干渉等が発生する場合があります。,42000,62300
ホンダ,シビックタイプRユーロ,FN2,TYPE R EURO,2009/12～2012/06,-15/-20,17015,,262826,SKHA2-S1B00-qq-e-68,SKHA2-S1B00-qq-e-d-68,4571104666547,SKHA2-S1B00,TEIN,S.TECH,2000,FF,,3.9/3.3,255/288,数値はノーマル車高比で算出しております。<br>推奨車高調整範囲:メーカーにて取付確認を行った値となります。,車高データは開発車両における参考測定値データのため、車両の個体差・組み付け条件により差が生じることがあります。(また左右で差が生じたり、なじみにより組み付け後、しばらくして車高が下がる場合があります。)<br>推奨車高調整範囲外で使用するとショックや車両に破損が生じる可能性があり、保安基準適合外となることがあります。その場合の破損につきましては、メーカーでは一切の責任を負いかねますのでご了承ください。<br>装着するホイールサイズやオフセット、タイヤ銘柄やサイズ等により、メーカー基準位置でも走行時に干渉等が発生する場合があります。,30000,34500
ホンダ,ステップワゴン,RK1,G/G Lパッケージ/L/LI,2009/10～2015/03,-50/-40,21613,,262726,SKB98-S1B00-qq-e-76,SKB98-S1B00-qq-e-d-76,4571104666424,SKB98-S1B00,TEIN,S.TECH,2000,FF,,3.8/5.3,307/320,数値はノーマル車高比で算出しております。<br>推奨車高調整範囲:メーカーにて取付確認を行った値となります。,車高データは開発車両における参考測定値データのため、車両の個体差・組み付け条件により差が生じることがあります。(また左右で差が生じたり、なじみにより組み付け後、しばらくして車高が下がる場合があります。)<br>推奨車高調整範囲外で使用するとショックや車両に破損が生じる可能性があり、保安基準適合外となることがあります。その場合の破損につきましては、メーカーでは一切の責任を負いかねますのでご了承ください。<br>装着するホイールサイズやオフセット、タイヤ銘柄やサイズ等により、メーカー基準位置でも走行時に干渉等が発生する場合があります。,39000,40400
ホンダ,ステップワゴンスパーダ,RK5,S/Z/ZI,2009/10～2015/03,-45/-40,21613,,262727,SKB98-S1B00-qq-e-77,SKB98-S1B00-qq-e-d-77,4571104666424,SKB98-S1B00,TEIN,S.TECH,2000,FF,,3.8/5.3,307/320,数値はノーマル車高比で算出しております。<br>推奨車高調整範囲:メーカーにて取付確認を行った値となります。,車高データは開発車両における参考測定値データのため、車両の個体差・組み付け条件により差が生じることがあります。(また左右で差が生じたり、なじみにより組み付け後、しばらくして車高が下がる場合があります。)<br>推奨車高調整範囲外で使用するとショックや車両に破損が生じる可能性があり、保安基準適合外となることがあります。その場合の破損につきましては、メーカーでは一切の責任を負いかねますのでご了承ください。<br>装着するホイールサイズやオフセット、タイヤ銘柄やサイズ等により、メーカー基準位置でも走行時に干渉等が発生する場合があります。,39000,40400
ホンダ,ストリーム,RN6,1.8X/1.8RSZ,2006/07～2014/05,-30/-30,19868,,262705,SKB38-S1B00-qq-e-83,SKB38-S1B00-qq-e-d-83,4571104664840,SKB38-S1B00,TEIN,S.TECH,1800,FF,,4.3/8.5,300/260,数値はノーマル車高比で算出しております。<br>推奨車高調整範囲:メーカーにて取付確認を行った値となります。,車高データは開発車両における参考測定値データのため、車両の個体差・組み付け条件により差が生じることがあります。(また左右で差が生じたり、なじみにより組み付け後、しばらくして車高が下がる場合があります。)<br>推奨車高調整範囲外で使用するとショックや車両に破損が生じる可能性があり、保安基準適合外となることがあります。その場合の破損につきましては、メーカーでは一切の責任を負いかねますのでご了承ください。<br>装着するホイールサイズやオフセット、タイヤ銘柄やサイズ等により、メーカー基準位置でも走行時に干渉等が発生する場合があります。,35500,38100
ホンダ,ストリーム,RN8,2.0G/2.0RSZ,2006/07～2014/05,-35/-25,19868,,262706,SKB38-S1B00-qq-e-84,SKB38-S1B00-qq-e-d-84,4571104664840,SKB38-S1B00,TEIN,S.TECH,2000,FF,,4.3/8.5,300/260,数値はノーマル車高比で算出しております。<br>推奨車高調整範囲:メーカーにて取付確認を行った値となります。,車高データは開発車両における参考測定値データのため、車両の個体差・組み付け条件により差が生じることがあります。(また左右で差が生じたり、なじみにより組み付け後、しばらくして車高が下がる場合があります。)<br>推奨車高調整範囲外で使用するとショックや車両に破損が生じる可能性があり、保安基準適合外となることがあります。その場合の破損につきましては、メーカーでは一切の責任を負いかねますのでご了承ください。<br>装着するホイールサイズやオフセット、タイヤ銘柄やサイズ等により、メーカー基準位置でも走行時に干渉等が発生する場合があります。,35500,38100
ホンダ,フィット,GE6,G/L,2007/10～2013/08,-30/-45,16750,,262710,SKB74-S1B00-qq-e-87,SKB74-S1B00-qq-e-d-87,4571104665885,SKB74-S1B00,TEIN,S.TECH,1300,FF,,2.3/2.4,315/310,数値はノーマル車高比で算出しております。<br>推奨車高調整範囲:メーカーにて取付確認を行った値となります。,車高データは開発車両における参考測定値データのため、車両の個体差・組み付け条件により差が生じることがあります。(また左右で差が生じたり、なじみにより組み付け後、しばらくして車高が下がる場合があります。)<br>推奨車高調整範囲外で使用するとショックや車両に破損が生じる可能性があり、保安基準適合外となることがあります。その場合の破損につきましては、メーカーでは一切の責任を負いかねますのでご了承ください。<br>装着するホイールサイズやオフセット、タイヤ銘柄やサイズ等により、メーカー基準位置でも走行時に干渉等が発生する場合があります。,29500,34200
ホンダ,フィット,GE8,RS,2007/10～2013/08,-35/-40,16750,,263098,SKB74-S1B00-qq-e-88,SKB74-S1B00-qq-e-d-88,4571104665885,SKB74-S1B00,TEIN,S.TECH,1500,FF,,2.3/2.4,315/310,数値はノーマル車高比で算出しております。<br>推奨車高調整範囲:メーカーにて取付確認を行った値となります。,車高データは開発車両における参考測定値データのため、車両の個体差・組み付け条件により差が生じることがあります。(また左右で差が生じたり、なじみにより組み付け後、しばらくして車高が下がる場合があります。)<br>推奨車高調整範囲外で使用するとショックや車両に破損が生じる可能性があり、保安基準適合外となることがあります。その場合の破損につきましては、メーカーでは一切の責任を負いかねますのでご了承ください。<br>装着するホイールサイズやオフセット、タイヤ銘柄やサイズ等により、メーカー基準位置でも走行時に干渉等が発生する場合があります。,29500,34200
ホンダ,フィット,GK3,13G/13G Fパッケージ/13G Lパッケージ/13G Sパッケージ,2013/09～,-35/-35,16750,,262711,SKB74-S1B00-qq-e-89,SKB74-S1B00-qq-e-d-89,4571104665885,SKB74-S1B00,TEIN,S.TECH,1300,FF,,2.3/2.4,315/310,数値はノーマル車高比で算出しております。<br>推奨車高調整範囲:メーカーにて取付確認を行った値となります。,車高データは開発車両における参考測定値データのため、車両の個体差・組み付け条件により差が生じることがあります。(また左右で差が生じたり、なじみにより組み付け後、しばらくして車高が下がる場合があります。)<br>推奨車高調整範囲外で使用するとショックや車両に破損が生じる可能性があり、保安基準適合外となることがあります。その場合の破損につきましては、メーカーでは一切の責任を負いかねますのでご了承ください。<br>装着するホイールサイズやオフセット、タイヤ銘柄やサイズ等により、メーカー基準位置でも走行時に干渉等が発生する場合があります。,29500,34200
ホンダ,フィット,GK5,15X/15X Lパッケージ,2013/09～,-40/-40,16750,,262712,SKB74-S1B00-qq-e-90,SKB74-S1B00-qq-e-d-90,4571104665885,SKB74-S1B00,TEIN,S.TECH,1500,FF,,2.3/2.4,315/310,数値はノーマル車高比で算出しております。<br>推奨車高調整範囲:メーカーにて取付確認を行った値となります。,車高データは開発車両における参考測定値データのため、車両の個体差・組み付け条件により差が生じることがあります。(また左右で差が生じたり、なじみにより組み付け後、しばらくして車高が下がる場合があります。)<br>推奨車高調整範囲外で使用するとショックや車両に破損が生じる可能性があり、保安基準適合外となることがあります。その場合の破損につきましては、メーカーでは一切の責任を負いかねますのでご了承ください。<br>装着するホイールサイズやオフセット、タイヤ銘柄やサイズ等により、メーカー基準位置でも走行時に干渉等が発生する場合があります。,29500,34200
ホンダ,フィットハイブリッド,GP5,ハイブリッド/ハイブリッド Fパッケージ/ハイブリッド Lパッケージ/ハイブリッド Sパッケージ,2013/09～,-40/-45,16750,,262713,SKB74-S1B00-qq-e-91,SKB74-S1B00-qq-e-d-91,4571104665885,SKB74-S1B00,TEIN,S.TECH,1500,FF,,2.3/2.4,315/310,数値はノーマル車高比で算出しております。<br>推奨車高調整範囲:メーカーにて取付確認を行った値となります。,車高データは開発車両における参考測定値データのため、車両の個体差・組み付け条件により差が生じることがあります。(また左右で差が生じたり、なじみにより組み付け後、しばらくして車高が下がる場合があります。)<br>推奨車高調整範囲外で使用するとショックや車両に破損が生じる可能性があり、保安基準適合外となることがあります。その場合の破損につきましては、メーカーでは一切の責任を負いかねますのでご了承ください。<br>装着するホイールサイズやオフセット、タイヤ銘柄やサイズ等により、メーカー基準位置でも走行時に干渉等が発生する場合があります。,29500,34200
ホンダ,フリード,GB3,FLEX エアロ/FLEXI エアロ/FLEX Fパッケージ/FLEX,2008/05～2011/09,-40/-35,20118,,262719,SKB86-S1B00-qq-e-93,SKB86-S1B00-qq-e-d-93,4571104666141,SKB86-S1B00,TEIN,S.TECH,1500,FF,,4/4.3,294/305,数値はノーマル車高比で算出しております。<br>推奨車高調整範囲:メーカーにて取付確認を行った値となります。,車高データは開発車両における参考測定値データのため、車両の個体差・組み付け条件により差が生じることがあります。(また左右で差が生じたり、なじみにより組み付け後、しばらくして車高が下がる場合があります。)<br>推奨車高調整範囲外で使用するとショックや車両に破損が生じる可能性があり、保安基準適合外となることがあります。その場合の破損につきましては、メーカーでは一切の責任を負いかねますのでご了承ください。<br>装着するホイールサイズやオフセット、タイヤ銘柄やサイズ等により、メーカー基準位置でも走行時に干渉等が発生する場合があります。,36000,38400
ホンダ,フリード,GB3,Gエアロ Lパッケージ/GLパッケージ/GIエアロ/Gエアロ/G,2008/05～2016/08,-40/-35,20118,,263036,SKB86-S1B00-qq-e-92,SKB86-S1B00-qq-e-d-92,4571104666141,SKB86-S1B00,TEIN,S.TECH,1500,FF,,4/4.3,294/305,数値はノーマル車高比で算出しております。<br>推奨車高調整範囲:メーカーにて取付確認を行った値となります。,車高データは開発車両における参考測定値データのため、車両の個体差・組み付け条件により差が生じることがあります。(また左右で差が生じたり、なじみにより組み付け後、しばらくして車高が下がる場合があります。)<br>推奨車高調整範囲外で使用するとショックや車両に破損が生じる可能性があり、保安基準適合外となることがあります。その場合の破損につきましては、メーカーでは一切の責任を負いかねますのでご了承ください。<br>装着するホイールサイズやオフセット、タイヤ銘柄やサイズ等により、メーカー基準位置でも走行時に干渉等が発生する場合があります。,36000,38400
ホンダ,フリードスパイク,GB3,GIエアロ/Gエアロ/G/C,2010/07～2016/08,-35/-30,20118,,262720,SKB86-S1B00-qq-e-94,SKB86-S1B00-qq-e-d-94,4571104666141,SKB86-S1B00,TEIN,S.TECH,1500,FF,,4/4.3,294/305,数値はノーマル車高比で算出しております。<br>推奨車高調整範囲:メーカーにて取付確認を行った値となります。,車高データは開発車両における参考測定値データのため、車両の個体差・組み付け条件により差が生じることがあります。(また左右で差が生じたり、なじみにより組み付け後、しばらくして車高が下がる場合があります。)<br>推奨車高調整範囲外で使用するとショックや車両に破損が生じる可能性があり、保安基準適合外となることがあります。その場合の破損につきましては、メーカーでは一切の責任を負いかねますのでご了承ください。<br>装着するホイールサイズやオフセット、タイヤ銘柄やサイズ等により、メーカー基準位置でも走行時に干渉等が発生する場合があります。,36000,38400
ホンダ,フリードハイブリッド,GP3,ジャストセレクション,2011/10～2016/08,-40/-40,20118,,262721,SKB86-S1B00-qq-e-95,SKB86-S1B00-qq-e-d-95,4571104666141,SKB86-S1B00,TEIN,S.TECH,1500,FF,,4/4.3,294/305,数値はノーマル車高比で算出しております。<br>推奨車高調整範囲:メーカーにて取付確認を行った値となります。,車高データは開発車両における参考測定値データのため、車両の個体差・組み付け条件により差が生じることがあります。(また左右で差が生じたり、なじみにより組み付け後、しばらくして車高が下がる場合があります。)<br>推奨車高調整範囲外で使用するとショックや車両に破損が生じる可能性があり、保安基準適合外となることがあります。その場合の破損につきましては、メーカーでは一切の責任を負いかねますのでご了承ください。<br>装着するホイールサイズやオフセット、タイヤ銘柄やサイズ等により、メーカー基準位置でも走行時に干渉等が発生する場合があります。,36000,38400
マツダ,デミオ,DE3FS,13C/13S/13C-V/13F,2007/07～2014/08,-35/-50,15952,,262901,SKM90-S1B00-qq-e-119,SKM90-S1B00-qq-e-d-119,4571104665984,SKM90-S1B00,TEIN,S.TECH,1300,FF,,2.4/2,309/316,数値はノーマル車高比で算出しております。<br>推奨車高調整範囲:メーカーにて取付確認を行った値となります。,車高データは開発車両における参考測定値データのため、車両の個体差・組み付け条件により差が生じることがあります。(また左右で差が生じたり、なじみにより組み付け後、しばらくして車高が下がる場合があります。)<br>推奨車高調整範囲外で使用するとショックや車両に破損が生じる可能性があり、保安基準適合外となることがあります。その場合の破損につきましては、メーカーでは一切の責任を負いかねますのでご了承ください。<br>装着するホイールサイズやオフセット、タイヤ銘柄やサイズ等により、メーカー基準位置でも走行時に干渉等が発生する場合があります。,28000,33200
マツダ,デミオ,DE5FS,15C/スポーツ,2007/07～2014/08,-35/-35,15952,,262902,SKM90-S1B00-qq-e-120,SKM90-S1B00-qq-e-d-120,4571104665984,SKM90-S1B00,TEIN,S.TECH,1500,FF,,2.4/2,309/316,数値はノーマル車高比で算出しております。<br>推奨車高調整範囲:メーカーにて取付確認を行った値となります。,車高データは開発車両における参考測定値データのため、車両の個体差・組み付け条件により差が生じることがあります。(また左右で差が生じたり、なじみにより組み付け後、しばらくして車高が下がる場合があります。)<br>推奨車高調整範囲外で使用するとショックや車両に破損が生じる可能性があり、保安基準適合外となることがあります。その場合の破損につきましては、メーカーでは一切の責任を負いかねますのでご了承ください。<br>装着するホイールサイズやオフセット、タイヤ銘柄やサイズ等により、メーカー基準位置でも走行時に干渉等が発生する場合があります。,28000,33200
マツダ,デミオ,DEJFS,13スカイアクティブ,2011/06～2014/08,-45/-35,15952,,262900,SKM90-S1B00-qq-e-118,SKM90-S1B00-qq-e-d-118,4571104665984,SKM90-S1B00,TEIN,S.TECH,1300,FF,,2.4/2,309/316,数値はノーマル車高比で算出しております。<br>推奨車高調整範囲:メーカーにて取付確認を行った値となります。,車高データは開発車両における参考測定値データのため、車両の個体差・組み付け条件により差が生じることがあります。(また左右で差が生じたり、なじみにより組み付け後、しばらくして車高が下がる場合があります。)<br>推奨車高調整範囲外で使用するとショックや車両に破損が生じる可能性があり、保安基準適合外となることがあります。その場合の破損につきましては、メーカーでは一切の責任を負いかねますのでご了承ください。<br>装着するホイールサイズやオフセット、タイヤ銘柄やサイズ等により、メーカー基準位置でも走行時に干渉等が発生する場合があります。,28000,33200
マツダ,ロードスター,NB6C,ベースモデル/Mパッケージ/スペシャルパッケージ,1998/01～2005/08,-20/-37,16218,,262897,SKM40-M1B00-qq-e-115,SKM40-M1B00-qq-e-d-115,4571104661597,SKM40-M1B00,TEIN,S.TECH,1600,FR,,6/4.5,279/291,数値はノーマル車高比で算出しております。<br>推奨車高調整範囲:メーカーにて取付確認を行った値となります。,車高データは開発車両における参考測定値データのため、車両の個体差・組み付け条件により差が生じることがあります。(また左右で差が生じたり、なじみにより組み付け後、しばらくして車高が下がる場合があります。)<br>推奨車高調整範囲外で使用するとショックや車両に破損が生じる可能性があり、保安基準適合外となることがあります。その場合の破損につきましては、メーカーでは一切の責任を負いかねますのでご了承ください。<br>装着するホイールサイズやオフセット、タイヤ銘柄やサイズ等により、メーカー基準位置でも走行時に干渉等が発生する場合があります。,28500,33600
マツダ,ロードスター,NB8C,S/RS/VS,1998/01～2005/08,-20/-33,16218,,262898,SKM40-M1B00-qq-e-116,SKM40-M1B00-qq-e-d-116,4571104661597,SKM40-M1B00,TEIN,S.TECH,1800,FR,,6/4.5,279/291,数値はノーマル車高比で算出しております。<br>推奨車高調整範囲:メーカーにて取付確認を行った値となります。,車高データは開発車両における参考測定値データのため、車両の個体差・組み付け条件により差が生じることがあります。(また左右で差が生じたり、なじみにより組み付け後、しばらくして車高が下がる場合があります。)<br>推奨車高調整範囲外で使用するとショックや車両に破損が生じる可能性があり、保安基準適合外となることがあります。その場合の破損につきましては、メーカーでは一切の責任を負いかねますのでご了承ください。<br>装着するホイールサイズやオフセット、タイヤ銘柄やサイズ等により、メーカー基準位置でも走行時に干渉等が発生する場合があります。,28500,33600
マツダ,ロードスター,NCEC,ベースモデル/RS/VS,2005/08～2015/05,-35/-30,17015,,262899,SKM74-S1B00-qq-e-117,SKM74-S1B00-qq-e-d-117,4571104664505,SKM74-S1B00,TEIN,S.TECH,2000,FR,パワーリトラクタブルハードトップ車は適合未確認,3.1/2.2,298/333,数値はノーマル車高比で算出しております。<br>推奨車高調整範囲:メーカーにて取付確認を行った値となります。,車高データは開発車両における参考測定値データのため、車両の個体差・組み付け条件により差が生じることがあります。(また左右で差が生じたり、なじみにより組み付け後、しばらくして車高が下がる場合があります。)<br>推奨車高調整範囲外で使用するとショックや車両に破損が生じる可能性があり、保安基準適合外となることがあります。その場合の破損につきましては、メーカーでは一切の責任を負いかねますのでご了承ください。<br>装着するホイールサイズやオフセット、タイヤ銘柄やサイズ等により、メーカー基準位置でも走行時に干渉等が発生する場合があります。,30000,34500
