自動車メーカー,車種,型式,年式,エンジン型式,適合詳細,調整範囲,販売価格,Camp価格,商品ID,物販コード,取付コード,JANコード,メーカー品番,メーカー名,商品名,マウント(F/R),レート(F/R),自由長(F/R),スプリング(F/R),車高調整範囲(Fmm<br>Rr：R),リア減衰ダイヤル 位置,付属延長ダイヤル,付属スタビリンク,B.R.A.I.N接続,備考,注意事項,定価,SET価格
スバル,BRZ,ZC6,12/03～,FA20,MC前後共通,Fr：-80～-15mm<br>Rr：-70～-15mm,111226,,240404,92208-qq-e-51k,92208-qq-e-d-51k,4959094922087,92208,BLITZ,DAMPER ZZ-R BB,調整式ピロ/固定式ピロ,8.0/7.0,135/150,ID62ストレート/ID62ストレート,-80～-15mm<br>Rr：-70～-15,アッパーマウント上側,-,調整式/付属なし,-,リアショック上部トランクサイドパネル要カット加工<br>ピロアッパーマウントを採用しているためショック作動音が聞こえやすくなります,リア用減衰延長ダイヤル取り付けにはパネル・スピーカーボードなどに穴あけ加工が必要になります<br>車高調整範囲はロアブラケット側で車高調整を行った場合の調整可能範囲になります(グレード・車両重量・車両誤差などにより調整範囲は変わる場合があります)<br>車高調整範囲内であってもインナーフェンダーなどに干渉する場合があります(最低地上高は各車ご確認の上、車高を設定してください)<br>DAMPER ZZ-Rシリーズを取り付けたことにより各装置の認識に使用されるレーダーやカメラ、センサー等の認識範囲がノーマル状態と異なり誤動作を起こす可能性も考えられます(各自動車メーカーの安全装置・衝突回避支援装置・運転支援装置装着車など誤動作の発生やそれに伴う事故などの損害についてメーカーではその責任を負うことができません)<br>DAMPER ZZ-Rシリーズ取り付け時、特にストラット式サスペンションの場合、純正ホイール・タイヤでもショックアブソーバーと干渉する可能性があります<br>B.R.A.I.N.接続が「○」の車種でも、年式により適合しない場合があります,200000,131000
トヨタ,86,ZN6,12/04～,FA20,MC前後共通,Fr：-80～-15mm<br>Rr：-70～-15mm,111226,,240354,92208-qq-e-1k,92208-qq-e-d-1k,4959094922087,92208,BLITZ,DAMPER ZZ-R BB,調整式ピロ/固定式ピロ,8.0/7.0,135/150,ID62ストレート/ID62ストレート,-80～-15mm<br>Rr：-70～-15,アッパーマウント上側,-,調整式/付属なし,-,リアショック上部トランクサイドパネル要カット加工<br>ピロアッパーマウントを採用しているためショック作動音が聞こえやすくなります,リア用減衰延長ダイヤル取り付けにはパネル・スピーカーボードなどに穴あけ加工が必要になります<br>車高調整範囲はロアブラケット側で車高調整を行った場合の調整可能範囲になります(グレード・車両重量・車両誤差などにより調整範囲は変わる場合があります)<br>車高調整範囲内であってもインナーフェンダーなどに干渉する場合があります(最低地上高は各車ご確認の上、車高を設定してください)<br>DAMPER ZZ-Rシリーズを取り付けたことにより各装置の認識に使用されるレーダーやカメラ、センサー等の認識範囲がノーマル状態と異なり誤動作を起こす可能性も考えられます(各自動車メーカーの安全装置・衝突回避支援装置・運転支援装置装着車など誤動作の発生やそれに伴う事故などの損害についてメーカーではその責任を負うことができません)<br>DAMPER ZZ-Rシリーズ取り付け時、特にストラット式サスペンションの場合、純正ホイール・タイヤでもショックアブソーバーと干渉する可能性があります<br>B.R.A.I.N.接続が「○」の車種でも、年式により適合しない場合があります,200000,131000
トヨタ,86 GR,ZN6,17/12～,FA20,,Fr：-80～-15mm<br>Rr：-70～-15mm,111226,,240403,92208-qq-e-50k,92208-qq-e-d-50k,4959094922087,92208,BLITZ,DAMPER ZZ-R BB,調整式ピロ/固定式ピロ,8.0/7.0,135/150,ID62ストレート/ID62ストレート,-80～-15mm<br>Rr：-70～-15,アッパーマウント上側,-,調整式/付属なし,-,リアショック上部トランクサイドパネル要カット加工<br>ピロアッパーマウントを採用しているためショック作動音が聞こえやすくなります,リア用減衰延長ダイヤル取り付けにはパネル・スピーカーボードなどに穴あけ加工が必要になります<br>車高調整範囲はロアブラケット側で車高調整を行った場合の調整可能範囲になります(グレード・車両重量・車両誤差などにより調整範囲は変わる場合があります)<br>車高調整範囲内であってもインナーフェンダーなどに干渉する場合があります(最低地上高は各車ご確認の上、車高を設定してください)<br>DAMPER ZZ-Rシリーズを取り付けたことにより各装置の認識に使用されるレーダーやカメラ、センサー等の認識範囲がノーマル状態と異なり誤動作を起こす可能性も考えられます(各自動車メーカーの安全装置・衝突回避支援装置・運転支援装置装着車など誤動作の発生やそれに伴う事故などの損害についてメーカーではその責任を負うことができません)<br>DAMPER ZZ-Rシリーズ取り付け時、特にストラット式サスペンションの場合、純正ホイール・タイヤでもショックアブソーバーと干渉する可能性があります<br>B.R.A.I.N.接続が「○」の車種でも、年式により適合しない場合があります,200000,131000
トヨタ,アルファード,AGH30W,15/01～18/01,2AR-FE,2WD<br>サイドリフトアップシート装着車取り付け可,Fr：-110～-20mm<br>Rr：-130～-65mm,109597,,240340,92200-qq-e-66,92200-qq-e-d-66,4959094922001,92200,BLITZ,DAMPER ZZ-R BB,調整式ピロ/強化ゴム,9.0/12.0,180/140,ID62ストレート/樽型orテーパー型(専用形状),-110～-20mm<br>Rr：-130～-65,タイヤハウス内(円盤型),-,付属なし/付属なし,-,リア減衰ダイヤルはホイールハウス内<br>ピロアッパーマウントを採用しているためショック作動音が聞こえやすくなります<br>ホイールベースが3000mmのため最低地上高100mm以上必要になります,リア用減衰延長ダイヤル取り付けにはパネル・スピーカーボードなどに穴あけ加工が必要になります<br>車高調整範囲はロアブラケット側で車高調整を行った場合の調整可能範囲になります(グレード・車両重量・車両誤差などにより調整範囲は変わる場合があります)<br>車高調整範囲内であってもインナーフェンダーなどに干渉する場合があります(最低地上高は各車ご確認の上、車高を設定してください)<br>DAMPER ZZ-Rシリーズを取り付けたことにより各装置の認識に使用されるレーダーやカメラ、センサー等の認識範囲がノーマル状態と異なり誤動作を起こす可能性も考えられます(各自動車メーカーの安全装置・衝突回避支援装置・運転支援装置装着車など誤動作の発生やそれに伴う事故などの損害についてメーカーではその責任を負うことができません)<br>DAMPER ZZ-Rシリーズ取り付け時、特にストラット式サスペンションの場合、純正ホイール・タイヤでもショックアブソーバーと干渉する可能性があります<br>B.R.A.I.N.接続が「○」の車種でも、年式により適合しない場合があります,197000,129300
トヨタ,アルファード,AGH30W,18/01～,2AR-FE,2WD<br>サイドリフトアップシート装着車取り付け可,Fr：-115～-25mm<br>Rr：-130～-65mm,109597,,240355,92200-qq-e-2k,92200-qq-e-d-2k,4959094922001,92200,BLITZ,DAMPER ZZ-R BB,調整式ピロ/強化ゴム,9.0/12.0,180/140,ID62ストレート/樽型orテーパー型(専用形状),-115～-25mm<br>Rr：-130～-65,タイヤハウス内(円盤型),-,付属なし/付属なし,-,リア減衰ダイヤルはホイールハウス内<br>ピロアッパーマウントを採用しているためショック作動音が聞こえやすくなります<br>ホイールベースが3000mmのため最低地上高100mm以上必要になります,リア用減衰延長ダイヤル取り付けにはパネル・スピーカーボードなどに穴あけ加工が必要になります<br>車高調整範囲はロアブラケット側で車高調整を行った場合の調整可能範囲になります(グレード・車両重量・車両誤差などにより調整範囲は変わる場合があります)<br>車高調整範囲内であってもインナーフェンダーなどに干渉する場合があります(最低地上高は各車ご確認の上、車高を設定してください)<br>DAMPER ZZ-Rシリーズを取り付けたことにより各装置の認識に使用されるレーダーやカメラ、センサー等の認識範囲がノーマル状態と異なり誤動作を起こす可能性も考えられます(各自動車メーカーの安全装置・衝突回避支援装置・運転支援装置装着車など誤動作の発生やそれに伴う事故などの損害についてメーカーではその責任を負うことができません)<br>DAMPER ZZ-Rシリーズ取り付け時、特にストラット式サスペンションの場合、純正ホイール・タイヤでもショックアブソーバーと干渉する可能性があります<br>B.R.A.I.N.接続が「○」の車種でも、年式により適合しない場合があります,197000,129300
トヨタ,アルファード,AGH35W,15/01～18/01,2AR-FE,4WD<br>サイドリフトアップシート装着車取り付け可,Fr：-120～-30mm<br>Rr：-120～-55mm,109597,,240346,92201-qq-e-75,92201-qq-e-d-75,4959094922018,92201,BLITZ,DAMPER ZZ-R BB,調整式ピロ/強化ゴム,9.0/12.0,180/160,ID62ストレート/樽型orテーパー型(専用形状),-120～-30mm<br>Rr：-120～-55,タイヤハウス内(円盤型),-,付属なし/付属なし,-,リア減衰ダイヤルはホイールハウス内<br>ピロアッパーマウントを採用しているためショック作動音が聞こえやすくなります<br>ホイールベースが3000mmのため最低地上高100mm以上必要になります<br>車高調整範囲はGGH35Wのデータになります,リア用減衰延長ダイヤル取り付けにはパネル・スピーカーボードなどに穴あけ加工が必要になります<br>車高調整範囲はロアブラケット側で車高調整を行った場合の調整可能範囲になります(グレード・車両重量・車両誤差などにより調整範囲は変わる場合があります)<br>車高調整範囲内であってもインナーフェンダーなどに干渉する場合があります(最低地上高は各車ご確認の上、車高を設定してください)<br>DAMPER ZZ-Rシリーズを取り付けたことにより各装置の認識に使用されるレーダーやカメラ、センサー等の認識範囲がノーマル状態と異なり誤動作を起こす可能性も考えられます(各自動車メーカーの安全装置・衝突回避支援装置・運転支援装置装着車など誤動作の発生やそれに伴う事故などの損害についてメーカーではその責任を負うことができません)<br>DAMPER ZZ-Rシリーズ取り付け時、特にストラット式サスペンションの場合、純正ホイール・タイヤでもショックアブソーバーと干渉する可能性があります<br>B.R.A.I.N.接続が「○」の車種でも、年式により適合しない場合があります,197000,129300
トヨタ,アルファード,AGH35W,18/01～,2AR-FE,4WD<br>サイドリフトアップシート装着車取り付け可,Fr：-125～-35mm<br>Rr：-120～-55mm,109597,,240359,92201-qq-e-6k,92201-qq-e-d-6k,4959094922018,92201,BLITZ,DAMPER ZZ-R BB,調整式ピロ/強化ゴム,9.0/12.0,180/160,ID62ストレート/樽型orテーパー型(専用形状),-125～-35mm<br>Rr：-120～-55,タイヤハウス内(円盤型),-,付属なし/付属なし,-,リア減衰ダイヤルはホイールハウス内<br>ピロアッパーマウントを採用しているためショック作動音が聞こえやすくなります<br>ホイールベースが3000mmのため最低地上高100mm以上必要になります,リア用減衰延長ダイヤル取り付けにはパネル・スピーカーボードなどに穴あけ加工が必要になります<br>車高調整範囲はロアブラケット側で車高調整を行った場合の調整可能範囲になります(グレード・車両重量・車両誤差などにより調整範囲は変わる場合があります)<br>車高調整範囲内であってもインナーフェンダーなどに干渉する場合があります(最低地上高は各車ご確認の上、車高を設定してください)<br>DAMPER ZZ-Rシリーズを取り付けたことにより各装置の認識に使用されるレーダーやカメラ、センサー等の認識範囲がノーマル状態と異なり誤動作を起こす可能性も考えられます(各自動車メーカーの安全装置・衝突回避支援装置・運転支援装置装着車など誤動作の発生やそれに伴う事故などの損害についてメーカーではその責任を負うことができません)<br>DAMPER ZZ-Rシリーズ取り付け時、特にストラット式サスペンションの場合、純正ホイール・タイヤでもショックアブソーバーと干渉する可能性があります<br>B.R.A.I.N.接続が「○」の車種でも、年式により適合しない場合があります,197000,129300
トヨタ,アルファード,ANH20W/GGH20W,08/05～15/01,2AZ-FE/2GR-FE,2WD,Fr：-115～-10mm<br>Rr：-117～-45mm,109597,,240375,92203-qq-e-22k,92203-qq-e-d-22k,4959094922032,92203,BLITZ,DAMPER ZZ-R BB,調整式ピロ/純正,9.0/10.0,160/180,ID62ストレート/樽型orテーパー型(専用形状),-115～-10mm<br>Rr：-117～-45,アッパーマウント上側,-,付属なし/付属なし,-,ピロアッパーマウントを採用しているためショック作動音が聞こえやすくなります<br>車高調整範囲はGGH20Wのデータになります,リア用減衰延長ダイヤル取り付けにはパネル・スピーカーボードなどに穴あけ加工が必要になります<br>車高調整範囲はロアブラケット側で車高調整を行った場合の調整可能範囲になります(グレード・車両重量・車両誤差などにより調整範囲は変わる場合があります)<br>車高調整範囲内であってもインナーフェンダーなどに干渉する場合があります(最低地上高は各車ご確認の上、車高を設定してください)<br>DAMPER ZZ-Rシリーズを取り付けたことにより各装置の認識に使用されるレーダーやカメラ、センサー等の認識範囲がノーマル状態と異なり誤動作を起こす可能性も考えられます(各自動車メーカーの安全装置・衝突回避支援装置・運転支援装置装着車など誤動作の発生やそれに伴う事故などの損害についてメーカーではその責任を負うことができません)<br>DAMPER ZZ-Rシリーズ取り付け時、特にストラット式サスペンションの場合、純正ホイール・タイヤでもショックアブソーバーと干渉する可能性があります<br>B.R.A.I.N.接続が「○」の車種でも、年式により適合しない場合があります,197000,129300
トヨタ,アルファード,ANH25W/GGH25W,08/05～15/01,2AZ-FE/2GR-FE,4WD,Fr：-135～-25mm<br>Rr：-144～-59mm,109597,,240376,92203-qq-e-23k,92203-qq-e-d-23k,4959094922032,92203,BLITZ,DAMPER ZZ-R BB,調整式ピロ/純正,9.0/10.0,160/180,ID62ストレート/樽型orテーパー型(専用形状),-135～-25mm<br>Rr：-144～-59,アッパーマウント上側,-,付属なし/付属なし,-,ピロアッパーマウントを採用しているためショック作動音が聞こえやすくなります<br>車高調整範囲はATH20Wのデータになります,リア用減衰延長ダイヤル取り付けにはパネル・スピーカーボードなどに穴あけ加工が必要になります<br>車高調整範囲はロアブラケット側で車高調整を行った場合の調整可能範囲になります(グレード・車両重量・車両誤差などにより調整範囲は変わる場合があります)<br>車高調整範囲内であってもインナーフェンダーなどに干渉する場合があります(最低地上高は各車ご確認の上、車高を設定してください)<br>DAMPER ZZ-Rシリーズを取り付けたことにより各装置の認識に使用されるレーダーやカメラ、センサー等の認識範囲がノーマル状態と異なり誤動作を起こす可能性も考えられます(各自動車メーカーの安全装置・衝突回避支援装置・運転支援装置装着車など誤動作の発生やそれに伴う事故などの損害についてメーカーではその責任を負うことができません)<br>DAMPER ZZ-Rシリーズ取り付け時、特にストラット式サスペンションの場合、純正ホイール・タイヤでもショックアブソーバーと干渉する可能性があります<br>B.R.A.I.N.接続が「○」の車種でも、年式により適合しない場合があります,197000,129300
トヨタ,アルファード,GGH30W,15/01～18/01,2GR-FE,2WD<br>サイドリフトアップシート装着車取り付け可,Fr：-110～-20mm<br>Rr：-115～-50mm,109597,,240341,92200-qq-e-72,92200-qq-e-d-72,4959094922001,92200,BLITZ,DAMPER ZZ-R BB,調整式ピロ/強化ゴム,9.0/12.0,180/140,ID62ストレート/樽型orテーパー型(専用形状),-110～-20mm<br>Rr：-115～-50,タイヤハウス内(円盤型),-,付属なし/付属なし,-,リア減衰ダイヤルはホイールハウス内<br>ピロアッパーマウントを採用しているためショック作動音が聞こえやすくなります<br>ホイールベースが3000mmのため最低地上高100mm以上必要になります,リア用減衰延長ダイヤル取り付けにはパネル・スピーカーボードなどに穴あけ加工が必要になります<br>車高調整範囲はロアブラケット側で車高調整を行った場合の調整可能範囲になります(グレード・車両重量・車両誤差などにより調整範囲は変わる場合があります)<br>車高調整範囲内であってもインナーフェンダーなどに干渉する場合があります(最低地上高は各車ご確認の上、車高を設定してください)<br>DAMPER ZZ-Rシリーズを取り付けたことにより各装置の認識に使用されるレーダーやカメラ、センサー等の認識範囲がノーマル状態と異なり誤動作を起こす可能性も考えられます(各自動車メーカーの安全装置・衝突回避支援装置・運転支援装置装着車など誤動作の発生やそれに伴う事故などの損害についてメーカーではその責任を負うことができません)<br>DAMPER ZZ-Rシリーズ取り付け時、特にストラット式サスペンションの場合、純正ホイール・タイヤでもショックアブソーバーと干渉する可能性があります<br>B.R.A.I.N.接続が「○」の車種でも、年式により適合しない場合があります,197000,129300
トヨタ,アルファード,GGH30W,18/01～,2GR-FKS,2WD<br>サイドリフトアップシート装着車取り付け可,Fr：-115～-25mm<br>Rr：-130～-65mm,109597,,240356,92200-qq-e-3k,92200-qq-e-d-3k,4959094922001,92200,BLITZ,DAMPER ZZ-R BB,調整式ピロ/強化ゴム,9.0/12.0,180/140,ID62ストレート/樽型orテーパー型(専用形状),-115～-25mm<br>Rr：-130～-65,タイヤハウス内(円盤型),-,付属なし/付属なし,-,リア減衰ダイヤルはホイールハウス内<br>ピロアッパーマウントを採用しているためショック作動音が聞こえやすくなります<br>ホイールベースが3000mmのため最低地上高100mm以上必要になります,リア用減衰延長ダイヤル取り付けにはパネル・スピーカーボードなどに穴あけ加工が必要になります<br>車高調整範囲はロアブラケット側で車高調整を行った場合の調整可能範囲になります(グレード・車両重量・車両誤差などにより調整範囲は変わる場合があります)<br>車高調整範囲内であってもインナーフェンダーなどに干渉する場合があります(最低地上高は各車ご確認の上、車高を設定してください)<br>DAMPER ZZ-Rシリーズを取り付けたことにより各装置の認識に使用されるレーダーやカメラ、センサー等の認識範囲がノーマル状態と異なり誤動作を起こす可能性も考えられます(各自動車メーカーの安全装置・衝突回避支援装置・運転支援装置装着車など誤動作の発生やそれに伴う事故などの損害についてメーカーではその責任を負うことができません)<br>DAMPER ZZ-Rシリーズ取り付け時、特にストラット式サスペンションの場合、純正ホイール・タイヤでもショックアブソーバーと干渉する可能性があります<br>B.R.A.I.N.接続が「○」の車種でも、年式により適合しない場合があります,197000,129300
トヨタ,アルファード,GGH35W,15/01～18/01,2GR-FE,4WD<br>サイドリフトアップシート装着車取り付け可,Fr：-120～-30mm<br>Rr：-120～-55mm,109597,,240345,92201-qq-e-69,92201-qq-e-d-69,4959094922018,92201,BLITZ,DAMPER ZZ-R BB,調整式ピロ/強化ゴム,9.0/12.0,180/160,ID62ストレート/樽型orテーパー型(専用形状),-120～-30mm<br>Rr：-120～-55,タイヤハウス内(円盤型),-,付属なし/付属なし,-,リア減衰ダイヤルはホイールハウス内<br>ピロアッパーマウントを採用しているためショック作動音が聞こえやすくなります<br>ホイールベースが3000mmのため最低地上高100mm以上必要になります,リア用減衰延長ダイヤル取り付けにはパネル・スピーカーボードなどに穴あけ加工が必要になります<br>車高調整範囲はロアブラケット側で車高調整を行った場合の調整可能範囲になります(グレード・車両重量・車両誤差などにより調整範囲は変わる場合があります)<br>車高調整範囲内であってもインナーフェンダーなどに干渉する場合があります(最低地上高は各車ご確認の上、車高を設定してください)<br>DAMPER ZZ-Rシリーズを取り付けたことにより各装置の認識に使用されるレーダーやカメラ、センサー等の認識範囲がノーマル状態と異なり誤動作を起こす可能性も考えられます(各自動車メーカーの安全装置・衝突回避支援装置・運転支援装置装着車など誤動作の発生やそれに伴う事故などの損害についてメーカーではその責任を負うことができません)<br>DAMPER ZZ-Rシリーズ取り付け時、特にストラット式サスペンションの場合、純正ホイール・タイヤでもショックアブソーバーと干渉する可能性があります<br>B.R.A.I.N.接続が「○」の車種でも、年式により適合しない場合があります,197000,129300
トヨタ,アルファード,GGH35W,18/01～,2GR-FKS,4WD<br>サイドリフトアップシート装着車取り付け可,Fr：-125～-35mm<br>Rr：-120～-55mm,109597,,240360,92201-qq-e-7k,92201-qq-e-d-7k,4959094922018,92201,BLITZ,DAMPER ZZ-R BB,調整式ピロ/強化ゴム,9.0/12.0,180/160,ID62ストレート/樽型orテーパー型(専用形状),-125～-35mm<br>Rr：-120～-55,タイヤハウス内(円盤型),-,付属なし/付属なし,-,リア減衰ダイヤルはホイールハウス内<br>ピロアッパーマウントを採用しているためショック作動音が聞こえやすくなります<br>ホイールベースが3000mmのため最低地上高100mm以上必要になります,リア用減衰延長ダイヤル取り付けにはパネル・スピーカーボードなどに穴あけ加工が必要になります<br>車高調整範囲はロアブラケット側で車高調整を行った場合の調整可能範囲になります(グレード・車両重量・車両誤差などにより調整範囲は変わる場合があります)<br>車高調整範囲内であってもインナーフェンダーなどに干渉する場合があります(最低地上高は各車ご確認の上、車高を設定してください)<br>DAMPER ZZ-Rシリーズを取り付けたことにより各装置の認識に使用されるレーダーやカメラ、センサー等の認識範囲がノーマル状態と異なり誤動作を起こす可能性も考えられます(各自動車メーカーの安全装置・衝突回避支援装置・運転支援装置装着車など誤動作の発生やそれに伴う事故などの損害についてメーカーではその責任を負うことができません)<br>DAMPER ZZ-Rシリーズ取り付け時、特にストラット式サスペンションの場合、純正ホイール・タイヤでもショックアブソーバーと干渉する可能性があります<br>B.R.A.I.N.接続が「○」の車種でも、年式により適合しない場合があります,197000,129300
トヨタ,アルファードG's,ANH20W,12/11～15/01,2AZ-FE,240S G's,Fr：-115～-10mm<br>Rr：-117～-45mm,109597,,240377,92203-qq-e-24k,92203-qq-e-d-24k,4959094922032,92203,BLITZ,DAMPER ZZ-R BB,調整式ピロ/純正,9.0/10.0,160/180,ID62ストレート/樽型orテーパー型(専用形状),-115～-10mm<br>Rr：-117～-45,アッパーマウント上側,-,付属なし/付属なし,-,ピロアッパーマウントを採用しているためショック作動音が聞こえやすくなります<br>車高調整範囲はGGH20Wのデータになります,リア用減衰延長ダイヤル取り付けにはパネル・スピーカーボードなどに穴あけ加工が必要になります<br>車高調整範囲はロアブラケット側で車高調整を行った場合の調整可能範囲になります(グレード・車両重量・車両誤差などにより調整範囲は変わる場合があります)<br>車高調整範囲内であってもインナーフェンダーなどに干渉する場合があります(最低地上高は各車ご確認の上、車高を設定してください)<br>DAMPER ZZ-Rシリーズを取り付けたことにより各装置の認識に使用されるレーダーやカメラ、センサー等の認識範囲がノーマル状態と異なり誤動作を起こす可能性も考えられます(各自動車メーカーの安全装置・衝突回避支援装置・運転支援装置装着車など誤動作の発生やそれに伴う事故などの損害についてメーカーではその責任を負うことができません)<br>DAMPER ZZ-Rシリーズ取り付け時、特にストラット式サスペンションの場合、純正ホイール・タイヤでもショックアブソーバーと干渉する可能性があります<br>B.R.A.I.N.接続が「○」の車種でも、年式により適合しない場合があります,197000,129300
トヨタ,アルファードG's,GGH20W,12/11～15/01,2GR-FE,350S G's,Fr：-115～-10mm<br>Rr：-117～-45mm,109597,,240378,92203-qq-e-25k,92203-qq-e-d-25k,4959094922032,92203,BLITZ,DAMPER ZZ-R BB,調整式ピロ/純正,9.0/10.0,160/180,ID62ストレート/樽型orテーパー型(専用形状),-115～-10mm<br>Rr：-117～-45,アッパーマウント上側,-,付属なし/付属なし,-,ピロアッパーマウントを採用しているためショック作動音が聞こえやすくなります,リア用減衰延長ダイヤル取り付けにはパネル・スピーカーボードなどに穴あけ加工が必要になります<br>車高調整範囲はロアブラケット側で車高調整を行った場合の調整可能範囲になります(グレード・車両重量・車両誤差などにより調整範囲は変わる場合があります)<br>車高調整範囲内であってもインナーフェンダーなどに干渉する場合があります(最低地上高は各車ご確認の上、車高を設定してください)<br>DAMPER ZZ-Rシリーズを取り付けたことにより各装置の認識に使用されるレーダーやカメラ、センサー等の認識範囲がノーマル状態と異なり誤動作を起こす可能性も考えられます(各自動車メーカーの安全装置・衝突回避支援装置・運転支援装置装着車など誤動作の発生やそれに伴う事故などの損害についてメーカーではその責任を負うことができません)<br>DAMPER ZZ-Rシリーズ取り付け時、特にストラット式サスペンションの場合、純正ホイール・タイヤでもショックアブソーバーと干渉する可能性があります<br>B.R.A.I.N.接続が「○」の車種でも、年式により適合しない場合があります,197000,129300
トヨタ,アルファードハイブリッド,ATH20W,11/11～15/01,2AZ-FXE,,Fr：-135～-25mm<br>Rr：-144～-59mm,109597,,240379,92203-qq-e-26k,92203-qq-e-d-26k,4959094922032,92203,BLITZ,DAMPER ZZ-R BB,調整式ピロ/純正,9.0/10.0,160/180,ID62ストレート/樽型orテーパー型(専用形状),-135～-25mm<br>Rr：-144～-59,アッパーマウント上側,-,付属なし/付属なし,-,ピロアッパーマウントを採用しているためショック作動音が聞こえやすくなります,リア用減衰延長ダイヤル取り付けにはパネル・スピーカーボードなどに穴あけ加工が必要になります<br>車高調整範囲はロアブラケット側で車高調整を行った場合の調整可能範囲になります(グレード・車両重量・車両誤差などにより調整範囲は変わる場合があります)<br>車高調整範囲内であってもインナーフェンダーなどに干渉する場合があります(最低地上高は各車ご確認の上、車高を設定してください)<br>DAMPER ZZ-Rシリーズを取り付けたことにより各装置の認識に使用されるレーダーやカメラ、センサー等の認識範囲がノーマル状態と異なり誤動作を起こす可能性も考えられます(各自動車メーカーの安全装置・衝突回避支援装置・運転支援装置装着車など誤動作の発生やそれに伴う事故などの損害についてメーカーではその責任を負うことができません)<br>DAMPER ZZ-Rシリーズ取り付け時、特にストラット式サスペンションの場合、純正ホイール・タイヤでもショックアブソーバーと干渉する可能性があります<br>B.R.A.I.N.接続が「○」の車種でも、年式により適合しない場合があります,197000,129300
トヨタ,アルファードハイブリッド,AYH30W,15/01～18/01,2AR-FXE,サイドリフトアップシート装着車取り付け可,Fr：-120～-30mm<br>Rr：-120～-55mm,109597,,240361,92201-qq-e-8k,92201-qq-e-d-8k,4959094922018,92201,BLITZ,DAMPER ZZ-R BB,調整式ピロ/強化ゴム,9.0/12.0,180/160,ID62ストレート/樽型orテーパー型(専用形状),-120～-30mm<br>Rr：-120～-55,タイヤハウス内(円盤型),-,付属なし/付属なし,-,リア減衰ダイヤルはホイールハウス内<br>ピロアッパーマウントを採用しているためショック作動音が聞こえやすくなります<br>ホイールベースが3000mmのため最低地上高100mm以上必要になります<br>車高調整範囲はGGH35Wのデータになります,リア用減衰延長ダイヤル取り付けにはパネル・スピーカーボードなどに穴あけ加工が必要になります<br>車高調整範囲はロアブラケット側で車高調整を行った場合の調整可能範囲になります(グレード・車両重量・車両誤差などにより調整範囲は変わる場合があります)<br>車高調整範囲内であってもインナーフェンダーなどに干渉する場合があります(最低地上高は各車ご確認の上、車高を設定してください)<br>DAMPER ZZ-Rシリーズを取り付けたことにより各装置の認識に使用されるレーダーやカメラ、センサー等の認識範囲がノーマル状態と異なり誤動作を起こす可能性も考えられます(各自動車メーカーの安全装置・衝突回避支援装置・運転支援装置装着車など誤動作の発生やそれに伴う事故などの損害についてメーカーではその責任を負うことができません)<br>DAMPER ZZ-Rシリーズ取り付け時、特にストラット式サスペンションの場合、純正ホイール・タイヤでもショックアブソーバーと干渉する可能性があります<br>B.R.A.I.N.接続が「○」の車種でも、年式により適合しない場合があります,197000,129300
トヨタ,アルファードハイブリッド,AYH30W,18/01～,2AR-FXE,サイドリフトアップシート装着車取り付け可,Fr：-125～-35mm<br>Rr：-120～-55mm,109597,,240347,92201-qq-e-86,92201-qq-e-d-86,4959094922018,92201,BLITZ,DAMPER ZZ-R BB,調整式ピロ/強化ゴム,9.0/12.0,180/160,ID62ストレート/樽型orテーパー型(専用形状),-125～-35mm<br>Rr：-120～-55,タイヤハウス内(円盤型),-,付属なし/付属なし,-,リア減衰ダイヤルはホイールハウス内<br>ピロアッパーマウントを採用しているためショック作動音が聞こえやすくなります<br>ホイールベースが3000mmのため最低地上高100mm以上必要になります,リア用減衰延長ダイヤル取り付けにはパネル・スピーカーボードなどに穴あけ加工が必要になります<br>車高調整範囲はロアブラケット側で車高調整を行った場合の調整可能範囲になります(グレード・車両重量・車両誤差などにより調整範囲は変わる場合があります)<br>車高調整範囲内であってもインナーフェンダーなどに干渉する場合があります(最低地上高は各車ご確認の上、車高を設定してください)<br>DAMPER ZZ-Rシリーズを取り付けたことにより各装置の認識に使用されるレーダーやカメラ、センサー等の認識範囲がノーマル状態と異なり誤動作を起こす可能性も考えられます(各自動車メーカーの安全装置・衝突回避支援装置・運転支援装置装着車など誤動作の発生やそれに伴う事故などの損害についてメーカーではその責任を負うことができません)<br>DAMPER ZZ-Rシリーズ取り付け時、特にストラット式サスペンションの場合、純正ホイール・タイヤでもショックアブソーバーと干渉する可能性があります<br>B.R.A.I.N.接続が「○」の車種でも、年式により適合しない場合があります,197000,129300
トヨタ,ヴェルファイア,AGH30W,15/01～18/01,2AR-FE,2WD<br>サイドリフトアップシート装着車取り付け可,Fr：-110～-20mm<br>Rr：-130～-65mm,109597,,240338,92200-qq-e-109,92200-qq-e-d-109,4959094922001,92200,BLITZ,DAMPER ZZ-R BB,調整式ピロ/強化ゴム,9.0/12.0,180/140,ID62ストレート/樽型orテーパー型(専用形状),-110～-20mm<br>Rr：-130～-65,タイヤハウス内(円盤型),-,付属なし/付属なし,-,リア減衰ダイヤルはホイールハウス内<br>ピロアッパーマウントを採用しているためショック作動音が聞こえやすくなります<br>ホイールベースが3000mmのため最低地上高100mm以上必要になります,リア用減衰延長ダイヤル取り付けにはパネル・スピーカーボードなどに穴あけ加工が必要になります<br>車高調整範囲はロアブラケット側で車高調整を行った場合の調整可能範囲になります(グレード・車両重量・車両誤差などにより調整範囲は変わる場合があります)<br>車高調整範囲内であってもインナーフェンダーなどに干渉する場合があります(最低地上高は各車ご確認の上、車高を設定してください)<br>DAMPER ZZ-Rシリーズを取り付けたことにより各装置の認識に使用されるレーダーやカメラ、センサー等の認識範囲がノーマル状態と異なり誤動作を起こす可能性も考えられます(各自動車メーカーの安全装置・衝突回避支援装置・運転支援装置装着車など誤動作の発生やそれに伴う事故などの損害についてメーカーではその責任を負うことができません)<br>DAMPER ZZ-Rシリーズ取り付け時、特にストラット式サスペンションの場合、純正ホイール・タイヤでもショックアブソーバーと干渉する可能性があります<br>B.R.A.I.N.接続が「○」の車種でも、年式により適合しない場合があります,197000,129300
トヨタ,ヴェルファイア,AGH30W,18/01～,2AR-FE,2WD<br>サイドリフトアップシート装着車取り付け可,Fr：-115～-25mm<br>Rr：-130～-65mm,109597,,240357,92200-qq-e-4k,92200-qq-e-d-4k,4959094922001,92200,BLITZ,DAMPER ZZ-R BB,調整式ピロ/強化ゴム,9.0/12.0,180/140,ID62ストレート/樽型orテーパー型(専用形状),-115～-25mm<br>Rr：-130～-65,タイヤハウス内(円盤型),-,付属なし/付属なし,-,リア減衰ダイヤルはホイールハウス内<br>ピロアッパーマウントを採用しているためショック作動音が聞こえやすくなります<br>ホイールベースが3000mmのため最低地上高100mm以上必要になります,リア用減衰延長ダイヤル取り付けにはパネル・スピーカーボードなどに穴あけ加工が必要になります<br>車高調整範囲はロアブラケット側で車高調整を行った場合の調整可能範囲になります(グレード・車両重量・車両誤差などにより調整範囲は変わる場合があります)<br>車高調整範囲内であってもインナーフェンダーなどに干渉する場合があります(最低地上高は各車ご確認の上、車高を設定してください)<br>DAMPER ZZ-Rシリーズを取り付けたことにより各装置の認識に使用されるレーダーやカメラ、センサー等の認識範囲がノーマル状態と異なり誤動作を起こす可能性も考えられます(各自動車メーカーの安全装置・衝突回避支援装置・運転支援装置装着車など誤動作の発生やそれに伴う事故などの損害についてメーカーではその責任を負うことができません)<br>DAMPER ZZ-Rシリーズ取り付け時、特にストラット式サスペンションの場合、純正ホイール・タイヤでもショックアブソーバーと干渉する可能性があります<br>B.R.A.I.N.接続が「○」の車種でも、年式により適合しない場合があります,197000,129300
トヨタ,ヴェルファイア,AGH35W,15/01～18/01,2AR-FE,4WD<br>サイドリフトアップシート装着車取り付け可,Fr：-120～-30mm<br>Rr：-120～-55mm,109597,,240342,92201-qq-e-112,92201-qq-e-d-112,4959094922018,92201,BLITZ,DAMPER ZZ-R BB,調整式ピロ/強化ゴム,9.0/12.0,180/160,ID62ストレート/樽型orテーパー型(専用形状),-120～-30mm<br>Rr：-120～-55,タイヤハウス内(円盤型),-,付属なし/付属なし,-,リア減衰ダイヤルはホイールハウス内<br>ピロアッパーマウントを採用しているためショック作動音が聞こえやすくなります<br>ホイールベースが3000mmのため最低地上高100mm以上必要になります<br>車高調整範囲はGGH35Wのデータになります,リア用減衰延長ダイヤル取り付けにはパネル・スピーカーボードなどに穴あけ加工が必要になります<br>車高調整範囲はロアブラケット側で車高調整を行った場合の調整可能範囲になります(グレード・車両重量・車両誤差などにより調整範囲は変わる場合があります)<br>車高調整範囲内であってもインナーフェンダーなどに干渉する場合があります(最低地上高は各車ご確認の上、車高を設定してください)<br>DAMPER ZZ-Rシリーズを取り付けたことにより各装置の認識に使用されるレーダーやカメラ、センサー等の認識範囲がノーマル状態と異なり誤動作を起こす可能性も考えられます(各自動車メーカーの安全装置・衝突回避支援装置・運転支援装置装着車など誤動作の発生やそれに伴う事故などの損害についてメーカーではその責任を負うことができません)<br>DAMPER ZZ-Rシリーズ取り付け時、特にストラット式サスペンションの場合、純正ホイール・タイヤでもショックアブソーバーと干渉する可能性があります<br>B.R.A.I.N.接続が「○」の車種でも、年式により適合しない場合があります,197000,129300
トヨタ,ヴェルファイア,AGH35W,18/01～,2AR-FE,4WD<br>サイドリフトアップシート装着車取り付け可,Fr：-125～-35mm<br>Rr：-120～-55mm,109597,,240362,92201-qq-e-9k,92201-qq-e-d-9k,4959094922018,92201,BLITZ,DAMPER ZZ-R BB,調整式ピロ/強化ゴム,9.0/12.0,180/160,ID62ストレート/樽型orテーパー型(専用形状),-125～-35mm<br>Rr：-120～-55,タイヤハウス内(円盤型),-,付属なし/付属なし,-,リア減衰ダイヤルはホイールハウス内<br>ピロアッパーマウントを採用しているためショック作動音が聞こえやすくなります<br>ホイールベースが3000mmのため最低地上高100mm以上必要になります,リア用減衰延長ダイヤル取り付けにはパネル・スピーカーボードなどに穴あけ加工が必要になります<br>車高調整範囲はロアブラケット側で車高調整を行った場合の調整可能範囲になります(グレード・車両重量・車両誤差などにより調整範囲は変わる場合があります)<br>車高調整範囲内であってもインナーフェンダーなどに干渉する場合があります(最低地上高は各車ご確認の上、車高を設定してください)<br>DAMPER ZZ-Rシリーズを取り付けたことにより各装置の認識に使用されるレーダーやカメラ、センサー等の認識範囲がノーマル状態と異なり誤動作を起こす可能性も考えられます(各自動車メーカーの安全装置・衝突回避支援装置・運転支援装置装着車など誤動作の発生やそれに伴う事故などの損害についてメーカーではその責任を負うことができません)<br>DAMPER ZZ-Rシリーズ取り付け時、特にストラット式サスペンションの場合、純正ホイール・タイヤでもショックアブソーバーと干渉する可能性があります<br>B.R.A.I.N.接続が「○」の車種でも、年式により適合しない場合があります,197000,129300
トヨタ,ヴェルファイア,ANH20W/GGH20W,08/05～15/01,2AZ-FE/2GR-FE,2WD,Fr：-115～-10mm<br>Rr：-117～-45mm,109597,,240380,92203-qq-e-27k,92203-qq-e-d-27k,4959094922032,92203,BLITZ,DAMPER ZZ-R BB,調整式ピロ/純正,9.0/10.0,160/180,ID62ストレート/樽型orテーパー型(専用形状),-115～-10mm<br>Rr：-117～-45,アッパーマウント上側,-,付属なし/付属なし,-,ピロアッパーマウントを採用しているためショック作動音が聞こえやすくなります<br>車高調整範囲はGGH20Wのデータになります,リア用減衰延長ダイヤル取り付けにはパネル・スピーカーボードなどに穴あけ加工が必要になります<br>車高調整範囲はロアブラケット側で車高調整を行った場合の調整可能範囲になります(グレード・車両重量・車両誤差などにより調整範囲は変わる場合があります)<br>車高調整範囲内であってもインナーフェンダーなどに干渉する場合があります(最低地上高は各車ご確認の上、車高を設定してください)<br>DAMPER ZZ-Rシリーズを取り付けたことにより各装置の認識に使用されるレーダーやカメラ、センサー等の認識範囲がノーマル状態と異なり誤動作を起こす可能性も考えられます(各自動車メーカーの安全装置・衝突回避支援装置・運転支援装置装着車など誤動作の発生やそれに伴う事故などの損害についてメーカーではその責任を負うことができません)<br>DAMPER ZZ-Rシリーズ取り付け時、特にストラット式サスペンションの場合、純正ホイール・タイヤでもショックアブソーバーと干渉する可能性があります<br>B.R.A.I.N.接続が「○」の車種でも、年式により適合しない場合があります,197000,129300
トヨタ,ヴェルファイア,ANH25W/GGH25W,08/05～15/01,2AZ-FE/2GR-FE,4WD,Fr：-135～-25mm<br>Rr：-144～-59mm,109597,,240381,92203-qq-e-28k,92203-qq-e-d-28k,4959094922032,92203,BLITZ,DAMPER ZZ-R BB,調整式ピロ/純正,9.0/10.0,160/180,ID62ストレート/樽型orテーパー型(専用形状),-135～-25mm<br>Rr：-144～-59,アッパーマウント上側,-,付属なし/付属なし,-,ピロアッパーマウントを採用しているためショック作動音が聞こえやすくなります<br>車高調整範囲はATH20Wのデータになります,リア用減衰延長ダイヤル取り付けにはパネル・スピーカーボードなどに穴あけ加工が必要になります<br>車高調整範囲はロアブラケット側で車高調整を行った場合の調整可能範囲になります(グレード・車両重量・車両誤差などにより調整範囲は変わる場合があります)<br>車高調整範囲内であってもインナーフェンダーなどに干渉する場合があります(最低地上高は各車ご確認の上、車高を設定してください)<br>DAMPER ZZ-Rシリーズを取り付けたことにより各装置の認識に使用されるレーダーやカメラ、センサー等の認識範囲がノーマル状態と異なり誤動作を起こす可能性も考えられます(各自動車メーカーの安全装置・衝突回避支援装置・運転支援装置装着車など誤動作の発生やそれに伴う事故などの損害についてメーカーではその責任を負うことができません)<br>DAMPER ZZ-Rシリーズ取り付け時、特にストラット式サスペンションの場合、純正ホイール・タイヤでもショックアブソーバーと干渉する可能性があります<br>B.R.A.I.N.接続が「○」の車種でも、年式により適合しない場合があります,197000,129300
トヨタ,ヴェルファイア,GGH30W,15/01～18/01,2GR-FE,2WD<br>サイドリフトアップシート装着車取り付け可,Fr：-110～-20mm<br>Rr：-115～-50mm,109597,,240339,92200-qq-e-115,92200-qq-e-d-115,4959094922001,92200,BLITZ,DAMPER ZZ-R BB,調整式ピロ/強化ゴム,9.0/12.0,180/140,ID62ストレート/樽型orテーパー型(専用形状),-110～-20mm<br>Rr：-115～-50,タイヤハウス内(円盤型),-,付属なし/付属なし,-,リア減衰ダイヤルはホイールハウス内<br>ピロアッパーマウントを採用しているためショック作動音が聞こえやすくなります<br>ホイールベースが3000mmのため最低地上高100mm以上必要になります,リア用減衰延長ダイヤル取り付けにはパネル・スピーカーボードなどに穴あけ加工が必要になります<br>車高調整範囲はロアブラケット側で車高調整を行った場合の調整可能範囲になります(グレード・車両重量・車両誤差などにより調整範囲は変わる場合があります)<br>車高調整範囲内であってもインナーフェンダーなどに干渉する場合があります(最低地上高は各車ご確認の上、車高を設定してください)<br>DAMPER ZZ-Rシリーズを取り付けたことにより各装置の認識に使用されるレーダーやカメラ、センサー等の認識範囲がノーマル状態と異なり誤動作を起こす可能性も考えられます(各自動車メーカーの安全装置・衝突回避支援装置・運転支援装置装着車など誤動作の発生やそれに伴う事故などの損害についてメーカーではその責任を負うことができません)<br>DAMPER ZZ-Rシリーズ取り付け時、特にストラット式サスペンションの場合、純正ホイール・タイヤでもショックアブソーバーと干渉する可能性があります<br>B.R.A.I.N.接続が「○」の車種でも、年式により適合しない場合があります,197000,129300
トヨタ,ヴェルファイア,GGH30W,18/01～,2GR-FKS,2WD<br>サイドリフトアップシート装着車取り付け可,Fr：-115～-25mm<br>Rr：-130～-65mm,109597,,240358,92200-qq-e-5k,92200-qq-e-d-5k,4959094922001,92200,BLITZ,DAMPER ZZ-R BB,調整式ピロ/強化ゴム,9.0/12.0,180/140,ID62ストレート/樽型orテーパー型(専用形状),-115～-25mm<br>Rr：-130～-65,タイヤハウス内(円盤型),-,付属なし/付属なし,-,リア減衰ダイヤルはホイールハウス内<br>ピロアッパーマウントを採用しているためショック作動音が聞こえやすくなります<br>ホイールベースが3000mmのため最低地上高100mm以上必要になります,リア用減衰延長ダイヤル取り付けにはパネル・スピーカーボードなどに穴あけ加工が必要になります<br>車高調整範囲はロアブラケット側で車高調整を行った場合の調整可能範囲になります(グレード・車両重量・車両誤差などにより調整範囲は変わる場合があります)<br>車高調整範囲内であってもインナーフェンダーなどに干渉する場合があります(最低地上高は各車ご確認の上、車高を設定してください)<br>DAMPER ZZ-Rシリーズを取り付けたことにより各装置の認識に使用されるレーダーやカメラ、センサー等の認識範囲がノーマル状態と異なり誤動作を起こす可能性も考えられます(各自動車メーカーの安全装置・衝突回避支援装置・運転支援装置装着車など誤動作の発生やそれに伴う事故などの損害についてメーカーではその責任を負うことができません)<br>DAMPER ZZ-Rシリーズ取り付け時、特にストラット式サスペンションの場合、純正ホイール・タイヤでもショックアブソーバーと干渉する可能性があります<br>B.R.A.I.N.接続が「○」の車種でも、年式により適合しない場合があります,197000,129300
トヨタ,ヴェルファイア,GGH35W,15/01～18/01,2GR-FE,4WD<br>サイドリフトアップシート装着車取り付け可,Fr：-120～-30mm<br>Rr：-120～-55mm,109597,,240343,92201-qq-e-118,92201-qq-e-d-118,4959094922018,92201,BLITZ,DAMPER ZZ-R BB,調整式ピロ/強化ゴム,9.0/12.0,180/160,ID62ストレート/樽型orテーパー型(専用形状),-120～-30mm<br>Rr：-120～-55,タイヤハウス内(円盤型),-,付属なし/付属なし,-,リア減衰ダイヤルはホイールハウス内<br>ピロアッパーマウントを採用しているためショック作動音が聞こえやすくなります<br>ホイールベースが3000mmのため最低地上高100mm以上必要になります,リア用減衰延長ダイヤル取り付けにはパネル・スピーカーボードなどに穴あけ加工が必要になります<br>車高調整範囲はロアブラケット側で車高調整を行った場合の調整可能範囲になります(グレード・車両重量・車両誤差などにより調整範囲は変わる場合があります)<br>車高調整範囲内であってもインナーフェンダーなどに干渉する場合があります(最低地上高は各車ご確認の上、車高を設定してください)<br>DAMPER ZZ-Rシリーズを取り付けたことにより各装置の認識に使用されるレーダーやカメラ、センサー等の認識範囲がノーマル状態と異なり誤動作を起こす可能性も考えられます(各自動車メーカーの安全装置・衝突回避支援装置・運転支援装置装着車など誤動作の発生やそれに伴う事故などの損害についてメーカーではその責任を負うことができません)<br>DAMPER ZZ-Rシリーズ取り付け時、特にストラット式サスペンションの場合、純正ホイール・タイヤでもショックアブソーバーと干渉する可能性があります<br>B.R.A.I.N.接続が「○」の車種でも、年式により適合しない場合があります,197000,129300
トヨタ,ヴェルファイア,GGH35W,18/01～,2GR-FKS,4WD<br>サイドリフトアップシート装着車取り付け可,Fr：-125～-35mm<br>Rr：-120～-55mm,109597,,240363,92201-qq-e-10k,92201-qq-e-d-10k,4959094922018,92201,BLITZ,DAMPER ZZ-R BB,調整式ピロ/強化ゴム,9.0/12.0,180/160,ID62ストレート/樽型orテーパー型(専用形状),-125～-35mm<br>Rr：-120～-55,タイヤハウス内(円盤型),-,付属なし/付属なし,-,リア減衰ダイヤルはホイールハウス内<br>ピロアッパーマウントを採用しているためショック作動音が聞こえやすくなります<br>ホイールベースが3000mmのため最低地上高100mm以上必要になります,リア用減衰延長ダイヤル取り付けにはパネル・スピーカーボードなどに穴あけ加工が必要になります<br>車高調整範囲はロアブラケット側で車高調整を行った場合の調整可能範囲になります(グレード・車両重量・車両誤差などにより調整範囲は変わる場合があります)<br>車高調整範囲内であってもインナーフェンダーなどに干渉する場合があります(最低地上高は各車ご確認の上、車高を設定してください)<br>DAMPER ZZ-Rシリーズを取り付けたことにより各装置の認識に使用されるレーダーやカメラ、センサー等の認識範囲がノーマル状態と異なり誤動作を起こす可能性も考えられます(各自動車メーカーの安全装置・衝突回避支援装置・運転支援装置装着車など誤動作の発生やそれに伴う事故などの損害についてメーカーではその責任を負うことができません)<br>DAMPER ZZ-Rシリーズ取り付け時、特にストラット式サスペンションの場合、純正ホイール・タイヤでもショックアブソーバーと干渉する可能性があります<br>B.R.A.I.N.接続が「○」の車種でも、年式により適合しない場合があります,197000,129300
トヨタ,ヴェルファイアG's,ANH20W,12/11～15/01,2AZ-FE,2.4Z G's,Fr：-115～-10mm<br>Rr：-117～-45mm,109597,,240382,92203-qq-e-29k,92203-qq-e-d-29k,4959094922032,92203,BLITZ,DAMPER ZZ-R BB,調整式ピロ/純正,9.0/10.0,160/180,ID62ストレート/樽型orテーパー型(専用形状),-115～-10mm<br>Rr：-117～-45,アッパーマウント上側,-,付属なし/付属なし,-,ピロアッパーマウントを採用しているためショック作動音が聞こえやすくなります<br>車高調整範囲はGGH20Wのデータになります,リア用減衰延長ダイヤル取り付けにはパネル・スピーカーボードなどに穴あけ加工が必要になります<br>車高調整範囲はロアブラケット側で車高調整を行った場合の調整可能範囲になります(グレード・車両重量・車両誤差などにより調整範囲は変わる場合があります)<br>車高調整範囲内であってもインナーフェンダーなどに干渉する場合があります(最低地上高は各車ご確認の上、車高を設定してください)<br>DAMPER ZZ-Rシリーズを取り付けたことにより各装置の認識に使用されるレーダーやカメラ、センサー等の認識範囲がノーマル状態と異なり誤動作を起こす可能性も考えられます(各自動車メーカーの安全装置・衝突回避支援装置・運転支援装置装着車など誤動作の発生やそれに伴う事故などの損害についてメーカーではその責任を負うことができません)<br>DAMPER ZZ-Rシリーズ取り付け時、特にストラット式サスペンションの場合、純正ホイール・タイヤでもショックアブソーバーと干渉する可能性があります<br>B.R.A.I.N.接続が「○」の車種でも、年式により適合しない場合があります,197000,129300
トヨタ,ヴェルファイアG's,GGH20W,12/11～15/01,2GR-FE,3.5Z G's,Fr：-115～-10mm<br>Rr：-117～-45mm,109597,,240383,92203-qq-e-30k,92203-qq-e-d-30k,4959094922032,92203,BLITZ,DAMPER ZZ-R BB,調整式ピロ/純正,9.0/10.0,160/180,ID62ストレート/樽型orテーパー型(専用形状),-115～-10mm<br>Rr：-117～-45,アッパーマウント上側,-,付属なし/付属なし,-,ピロアッパーマウントを採用しているためショック作動音が聞こえやすくなります,リア用減衰延長ダイヤル取り付けにはパネル・スピーカーボードなどに穴あけ加工が必要になります<br>車高調整範囲はロアブラケット側で車高調整を行った場合の調整可能範囲になります(グレード・車両重量・車両誤差などにより調整範囲は変わる場合があります)<br>車高調整範囲内であってもインナーフェンダーなどに干渉する場合があります(最低地上高は各車ご確認の上、車高を設定してください)<br>DAMPER ZZ-Rシリーズを取り付けたことにより各装置の認識に使用されるレーダーやカメラ、センサー等の認識範囲がノーマル状態と異なり誤動作を起こす可能性も考えられます(各自動車メーカーの安全装置・衝突回避支援装置・運転支援装置装着車など誤動作の発生やそれに伴う事故などの損害についてメーカーではその責任を負うことができません)<br>DAMPER ZZ-Rシリーズ取り付け時、特にストラット式サスペンションの場合、純正ホイール・タイヤでもショックアブソーバーと干渉する可能性があります<br>B.R.A.I.N.接続が「○」の車種でも、年式により適合しない場合があります,197000,129300
トヨタ,ヴェルファイアハイブリッド,ATH20W,11/11～15/01,2AZ-FXE,,Fr：-135～-25mm<br>Rr：-144～-59mm,109597,,240384,92203-qq-e-31k,92203-qq-e-d-31k,4959094922032,92203,BLITZ,DAMPER ZZ-R BB,調整式ピロ/純正,9.0/10.0,160/180,ID62ストレート/樽型orテーパー型(専用形状),-135～-25mm<br>Rr：-144～-59,アッパーマウント上側,-,付属なし/付属なし,-,ピロアッパーマウントを採用しているためショック作動音が聞こえやすくなります,リア用減衰延長ダイヤル取り付けにはパネル・スピーカーボードなどに穴あけ加工が必要になります<br>車高調整範囲はロアブラケット側で車高調整を行った場合の調整可能範囲になります(グレード・車両重量・車両誤差などにより調整範囲は変わる場合があります)<br>車高調整範囲内であってもインナーフェンダーなどに干渉する場合があります(最低地上高は各車ご確認の上、車高を設定してください)<br>DAMPER ZZ-Rシリーズを取り付けたことにより各装置の認識に使用されるレーダーやカメラ、センサー等の認識範囲がノーマル状態と異なり誤動作を起こす可能性も考えられます(各自動車メーカーの安全装置・衝突回避支援装置・運転支援装置装着車など誤動作の発生やそれに伴う事故などの損害についてメーカーではその責任を負うことができません)<br>DAMPER ZZ-Rシリーズ取り付け時、特にストラット式サスペンションの場合、純正ホイール・タイヤでもショックアブソーバーと干渉する可能性があります<br>B.R.A.I.N.接続が「○」の車種でも、年式により適合しない場合があります,197000,129300
トヨタ,ヴェルファイアハイブリッド,AYH30W,15/01～18/01,2AR-FXE,サイドリフトアップシート装着車取り付け可,Fr：-120～-30mm<br>Rr：-120～-55mm,109597,,240364,92201-qq-e-11k,92201-qq-e-d-11k,4959094922018,92201,BLITZ,DAMPER ZZ-R BB,調整式ピロ/強化ゴム,9.0/12.0,180/160,ID62ストレート/樽型orテーパー型(専用形状),-120～-30mm<br>Rr：-120～-55,タイヤハウス内(円盤型),-,付属なし/付属なし,-,リア減衰ダイヤルはホイールハウス内<br>ピロアッパーマウントを採用しているためショック作動音が聞こえやすくなります<br>ホイールベースが3000mmのため最低地上高100mm以上必要になります<br>車高調整範囲はGGH35Wのデータになります,リア用減衰延長ダイヤル取り付けにはパネル・スピーカーボードなどに穴あけ加工が必要になります<br>車高調整範囲はロアブラケット側で車高調整を行った場合の調整可能範囲になります(グレード・車両重量・車両誤差などにより調整範囲は変わる場合があります)<br>車高調整範囲内であってもインナーフェンダーなどに干渉する場合があります(最低地上高は各車ご確認の上、車高を設定してください)<br>DAMPER ZZ-Rシリーズを取り付けたことにより各装置の認識に使用されるレーダーやカメラ、センサー等の認識範囲がノーマル状態と異なり誤動作を起こす可能性も考えられます(各自動車メーカーの安全装置・衝突回避支援装置・運転支援装置装着車など誤動作の発生やそれに伴う事故などの損害についてメーカーではその責任を負うことができません)<br>DAMPER ZZ-Rシリーズ取り付け時、特にストラット式サスペンションの場合、純正ホイール・タイヤでもショックアブソーバーと干渉する可能性があります<br>B.R.A.I.N.接続が「○」の車種でも、年式により適合しない場合があります,197000,129300
トヨタ,ヴェルファイアハイブリッド,AYH30W,18/01～,2AR-FXE,サイドリフトアップシート装着車取り付け可,Fr：-125～-35mm<br>Rr：-120～-55mm,109597,,240344,92201-qq-e-127,92201-qq-e-d-127,4959094922018,92201,BLITZ,DAMPER ZZ-R BB,調整式ピロ/強化ゴム,9.0/12.0,180/160,ID62ストレート/樽型orテーパー型(専用形状),-125～-35mm<br>Rr：-120～-55,タイヤハウス内(円盤型),-,付属なし/付属なし,-,リア減衰ダイヤルはホイールハウス内<br>ピロアッパーマウントを採用しているためショック作動音が聞こえやすくなります<br>ホイールベースが3000mmのため最低地上高100mm以上必要になります,リア用減衰延長ダイヤル取り付けにはパネル・スピーカーボードなどに穴あけ加工が必要になります<br>車高調整範囲はロアブラケット側で車高調整を行った場合の調整可能範囲になります(グレード・車両重量・車両誤差などにより調整範囲は変わる場合があります)<br>車高調整範囲内であってもインナーフェンダーなどに干渉する場合があります(最低地上高は各車ご確認の上、車高を設定してください)<br>DAMPER ZZ-Rシリーズを取り付けたことにより各装置の認識に使用されるレーダーやカメラ、センサー等の認識範囲がノーマル状態と異なり誤動作を起こす可能性も考えられます(各自動車メーカーの安全装置・衝突回避支援装置・運転支援装置装着車など誤動作の発生やそれに伴う事故などの損害についてメーカーではその責任を負うことができません)<br>DAMPER ZZ-Rシリーズ取り付け時、特にストラット式サスペンションの場合、純正ホイール・タイヤでもショックアブソーバーと干渉する可能性があります<br>B.R.A.I.N.接続が「○」の車種でも、年式により適合しない場合があります,197000,129300
トヨタ,ヴォクシー,ZRR80G/ZRR80W,14/01～17/07,3ZR-FAE,2WD,Fr：-123～-43mm<br>Rr：-105～-35mm,109597,,240348,92202-qq-e-140,92202-qq-e-d-140,4959094922025,92202,BLITZ,DAMPER ZZ-R BB,調整式ピロ/純正,8.0/8.0,160/150,ID62ストレート/樽型orテーパー型(専用形状),-123～-43mm<br>Rr：-105～-35,アッパーマウント上側,-,付属なし/付属なし,-,ピロアッパーマウントを採用しているためショック作動音が聞こえやすくなります<br>車高調整範囲はZRR80Wのデータになります,リア用減衰延長ダイヤル取り付けにはパネル・スピーカーボードなどに穴あけ加工が必要になります<br>車高調整範囲はロアブラケット側で車高調整を行った場合の調整可能範囲になります(グレード・車両重量・車両誤差などにより調整範囲は変わる場合があります)<br>車高調整範囲内であってもインナーフェンダーなどに干渉する場合があります(最低地上高は各車ご確認の上、車高を設定してください)<br>DAMPER ZZ-Rシリーズを取り付けたことにより各装置の認識に使用されるレーダーやカメラ、センサー等の認識範囲がノーマル状態と異なり誤動作を起こす可能性も考えられます(各自動車メーカーの安全装置・衝突回避支援装置・運転支援装置装着車など誤動作の発生やそれに伴う事故などの損害についてメーカーではその責任を負うことができません)<br>DAMPER ZZ-Rシリーズ取り付け時、特にストラット式サスペンションの場合、純正ホイール・タイヤでもショックアブソーバーと干渉する可能性があります<br>B.R.A.I.N.接続が「○」の車種でも、年式により適合しない場合があります,197000,129300
トヨタ,ヴォクシー,ZRR80G/ZRR80W,17/07～,3ZR-FAE,2WD,Fr：-123～-43mm<br>Rr：-105～-35mm,109597,,240349,92202-qq-e-145,92202-qq-e-d-145,4959094922025,92202,BLITZ,DAMPER ZZ-R BB,調整式ピロ/純正,8.0/8.0,160/150,ID62ストレート/樽型orテーパー型(専用形状),-123～-43mm<br>Rr：-105～-35,アッパーマウント上側,-,付属なし/付属なし,-,ピロアッパーマウントを採用しているためショック作動音が聞こえやすくなります<br>車高調整範囲はZRR80Wのデータになります,リア用減衰延長ダイヤル取り付けにはパネル・スピーカーボードなどに穴あけ加工が必要になります<br>車高調整範囲はロアブラケット側で車高調整を行った場合の調整可能範囲になります(グレード・車両重量・車両誤差などにより調整範囲は変わる場合があります)<br>車高調整範囲内であってもインナーフェンダーなどに干渉する場合があります(最低地上高は各車ご確認の上、車高を設定してください)<br>DAMPER ZZ-Rシリーズを取り付けたことにより各装置の認識に使用されるレーダーやカメラ、センサー等の認識範囲がノーマル状態と異なり誤動作を起こす可能性も考えられます(各自動車メーカーの安全装置・衝突回避支援装置・運転支援装置装着車など誤動作の発生やそれに伴う事故などの損害についてメーカーではその責任を負うことができません)<br>DAMPER ZZ-Rシリーズ取り付け時、特にストラット式サスペンションの場合、純正ホイール・タイヤでもショックアブソーバーと干渉する可能性があります<br>B.R.A.I.N.接続が「○」の車種でも、年式により適合しない場合があります,197000,129300
トヨタ,ヴォクシー GRスポーツ,ZRR80W,17/09～,3ZR-FAE,GR SPORT,Fr：-135～-50mm<br>Rr：-110～-45mm,109597,,240365,92202-qq-e-12k,92202-qq-e-d-12k,4959094922025,92202,BLITZ,DAMPER ZZ-R BB,調整式ピロ/純正,8.0/8.0,160/150,ID62ストレート/樽型orテーパー型(専用形状),-135～-50mm<br>Rr：-110～-45,アッパーマウント上側,-,付属なし/付属なし,-,ピロアッパーマウントを採用しているためショック作動音が聞こえやすくなります<br>車高調整範囲はZWR80Gのデータになります,リア用減衰延長ダイヤル取り付けにはパネル・スピーカーボードなどに穴あけ加工が必要になります<br>車高調整範囲はロアブラケット側で車高調整を行った場合の調整可能範囲になります(グレード・車両重量・車両誤差などにより調整範囲は変わる場合があります)<br>車高調整範囲内であってもインナーフェンダーなどに干渉する場合があります(最低地上高は各車ご確認の上、車高を設定してください)<br>DAMPER ZZ-Rシリーズを取り付けたことにより各装置の認識に使用されるレーダーやカメラ、センサー等の認識範囲がノーマル状態と異なり誤動作を起こす可能性も考えられます(各自動車メーカーの安全装置・衝突回避支援装置・運転支援装置装着車など誤動作の発生やそれに伴う事故などの損害についてメーカーではその責任を負うことができません)<br>DAMPER ZZ-Rシリーズ取り付け時、特にストラット式サスペンションの場合、純正ホイール・タイヤでもショックアブソーバーと干渉する可能性があります<br>B.R.A.I.N.接続が「○」の車種でも、年式により適合しない場合があります,197000,129300
トヨタ,ヴォクシーG's,ZRR80W,16/04～,3ZR-FAE,ZS G's,Fr：-105～-35mm<br>Rr：-75～-5mm,109597,,240366,92202-qq-e-13k,92202-qq-e-d-13k,4959094922025,92202,BLITZ,DAMPER ZZ-R BB,調整式ピロ/純正,8.0/8.0,160/150,ID62ストレート/樽型orテーパー型(専用形状),-105～-35mm<br>Rr：-75～-5,アッパーマウント上側,-,付属なし/付属なし,-,ピロアッパーマウントを採用しているためショック作動音が聞こえやすくなります<br>車高調整範囲はZRR80Wのデータになります,リア用減衰延長ダイヤル取り付けにはパネル・スピーカーボードなどに穴あけ加工が必要になります<br>車高調整範囲はロアブラケット側で車高調整を行った場合の調整可能範囲になります(グレード・車両重量・車両誤差などにより調整範囲は変わる場合があります)<br>車高調整範囲内であってもインナーフェンダーなどに干渉する場合があります(最低地上高は各車ご確認の上、車高を設定してください)<br>DAMPER ZZ-Rシリーズを取り付けたことにより各装置の認識に使用されるレーダーやカメラ、センサー等の認識範囲がノーマル状態と異なり誤動作を起こす可能性も考えられます(各自動車メーカーの安全装置・衝突回避支援装置・運転支援装置装着車など誤動作の発生やそれに伴う事故などの損害についてメーカーではその責任を負うことができません)<br>DAMPER ZZ-Rシリーズ取り付け時、特にストラット式サスペンションの場合、純正ホイール・タイヤでもショックアブソーバーと干渉する可能性があります<br>B.R.A.I.N.接続が「○」の車種でも、年式により適合しない場合があります,197000,129300
トヨタ,ヴォクシーハイブリッド,ZWR80G/ZWR80W,14/02～17/07,2ZR-FXE,,Fr：-135～-50mm<br>Rr：-110～-45mm,109597,,240367,92202-qq-e-14k,92202-qq-e-d-14k,4959094922025,92202,BLITZ,DAMPER ZZ-R BB,調整式ピロ/純正,8.0/8.0,160/150,ID62ストレート/樽型orテーパー型(専用形状),-135～-50mm<br>Rr：-110～-45,アッパーマウント上側,-,付属なし/付属なし,-,ピロアッパーマウントを採用しているためショック作動音が聞こえやすくなります<br>車高調整範囲はZWR80Gのデータになります,リア用減衰延長ダイヤル取り付けにはパネル・スピーカーボードなどに穴あけ加工が必要になります<br>車高調整範囲はロアブラケット側で車高調整を行った場合の調整可能範囲になります(グレード・車両重量・車両誤差などにより調整範囲は変わる場合があります)<br>車高調整範囲内であってもインナーフェンダーなどに干渉する場合があります(最低地上高は各車ご確認の上、車高を設定してください)<br>DAMPER ZZ-Rシリーズを取り付けたことにより各装置の認識に使用されるレーダーやカメラ、センサー等の認識範囲がノーマル状態と異なり誤動作を起こす可能性も考えられます(各自動車メーカーの安全装置・衝突回避支援装置・運転支援装置装着車など誤動作の発生やそれに伴う事故などの損害についてメーカーではその責任を負うことができません)<br>DAMPER ZZ-Rシリーズ取り付け時、特にストラット式サスペンションの場合、純正ホイール・タイヤでもショックアブソーバーと干渉する可能性があります<br>B.R.A.I.N.接続が「○」の車種でも、年式により適合しない場合があります,197000,129300
トヨタ,ヴォクシーハイブリッド,ZWR80G/ZWR80W,17/07～,2ZR-FXE,,Fr：-135～-50mm<br>Rr：-110～-45mm,109597,,240368,92202-qq-e-15k,92202-qq-e-d-15k,4959094922025,92202,BLITZ,DAMPER ZZ-R BB,調整式ピロ/純正,8.0/8.0,160/150,ID62ストレート/樽型orテーパー型(専用形状),-135～-50mm<br>Rr：-110～-45,アッパーマウント上側,-,付属なし/付属なし,-,ピロアッパーマウントを採用しているためショック作動音が聞こえやすくなります<br>車高調整範囲はZWR80Gのデータになります,リア用減衰延長ダイヤル取り付けにはパネル・スピーカーボードなどに穴あけ加工が必要になります<br>車高調整範囲はロアブラケット側で車高調整を行った場合の調整可能範囲になります(グレード・車両重量・車両誤差などにより調整範囲は変わる場合があります)<br>車高調整範囲内であってもインナーフェンダーなどに干渉する場合があります(最低地上高は各車ご確認の上、車高を設定してください)<br>DAMPER ZZ-Rシリーズを取り付けたことにより各装置の認識に使用されるレーダーやカメラ、センサー等の認識範囲がノーマル状態と異なり誤動作を起こす可能性も考えられます(各自動車メーカーの安全装置・衝突回避支援装置・運転支援装置装着車など誤動作の発生やそれに伴う事故などの損害についてメーカーではその責任を負うことができません)<br>DAMPER ZZ-Rシリーズ取り付け時、特にストラット式サスペンションの場合、純正ホイール・タイヤでもショックアブソーバーと干渉する可能性があります<br>B.R.A.I.N.接続が「○」の車種でも、年式により適合しない場合があります,197000,129300
トヨタ,エスクァイア,ZRR80G,14/10～17/07,3ZR-FAE,2WD,Fr：-123～-43mm<br>Rr：-105～-35mm,109597,,240350,92202-qq-e-148,92202-qq-e-d-148,4959094922025,92202,BLITZ,DAMPER ZZ-R BB,調整式ピロ/純正,8.0/8.0,160/150,ID62ストレート/樽型orテーパー型(専用形状),-123～-43mm<br>Rr：-105～-35,アッパーマウント上側,-,付属なし/付属なし,-,ピロアッパーマウントを採用しているためショック作動音が聞こえやすくなります<br>車高調整範囲はZRR80Wのデータになります,リア用減衰延長ダイヤル取り付けにはパネル・スピーカーボードなどに穴あけ加工が必要になります<br>車高調整範囲はロアブラケット側で車高調整を行った場合の調整可能範囲になります(グレード・車両重量・車両誤差などにより調整範囲は変わる場合があります)<br>車高調整範囲内であってもインナーフェンダーなどに干渉する場合があります(最低地上高は各車ご確認の上、車高を設定してください)<br>DAMPER ZZ-Rシリーズを取り付けたことにより各装置の認識に使用されるレーダーやカメラ、センサー等の認識範囲がノーマル状態と異なり誤動作を起こす可能性も考えられます(各自動車メーカーの安全装置・衝突回避支援装置・運転支援装置装着車など誤動作の発生やそれに伴う事故などの損害についてメーカーではその責任を負うことができません)<br>DAMPER ZZ-Rシリーズ取り付け時、特にストラット式サスペンションの場合、純正ホイール・タイヤでもショックアブソーバーと干渉する可能性があります<br>B.R.A.I.N.接続が「○」の車種でも、年式により適合しない場合があります,197000,129300
トヨタ,エスクァイア,ZRR80G,17/07～,3ZR-FAE,2WD,Fr：-123～-43mm<br>Rr：-105～-35mm,109597,,240351,92202-qq-e-153,92202-qq-e-d-153,4959094922025,92202,BLITZ,DAMPER ZZ-R BB,調整式ピロ/純正,8.0/8.0,160/150,ID62ストレート/樽型orテーパー型(専用形状),-123～-43mm<br>Rr：-105～-35,アッパーマウント上側,-,付属なし/付属なし,-,ピロアッパーマウントを採用しているためショック作動音が聞こえやすくなります<br>車高調整範囲はZRR80Wのデータになります,リア用減衰延長ダイヤル取り付けにはパネル・スピーカーボードなどに穴あけ加工が必要になります<br>車高調整範囲はロアブラケット側で車高調整を行った場合の調整可能範囲になります(グレード・車両重量・車両誤差などにより調整範囲は変わる場合があります)<br>車高調整範囲内であってもインナーフェンダーなどに干渉する場合があります(最低地上高は各車ご確認の上、車高を設定してください)<br>DAMPER ZZ-Rシリーズを取り付けたことにより各装置の認識に使用されるレーダーやカメラ、センサー等の認識範囲がノーマル状態と異なり誤動作を起こす可能性も考えられます(各自動車メーカーの安全装置・衝突回避支援装置・運転支援装置装着車など誤動作の発生やそれに伴う事故などの損害についてメーカーではその責任を負うことができません)<br>DAMPER ZZ-Rシリーズ取り付け時、特にストラット式サスペンションの場合、純正ホイール・タイヤでもショックアブソーバーと干渉する可能性があります<br>B.R.A.I.N.接続が「○」の車種でも、年式により適合しない場合があります,197000,129300
トヨタ,エスクァイアハイブリッド,ZWR80G,14/10～17/07,2ZR-FXE,,Fr：-135～-50mm<br>Rr：-110～-45mm,109597,,240369,92202-qq-e-16k,92202-qq-e-d-16k,4959094922025,92202,BLITZ,DAMPER ZZ-R BB,調整式ピロ/純正,8.0/8.0,160/150,ID62ストレート/樽型orテーパー型(専用形状),-135～-50mm<br>Rr：-110～-45,アッパーマウント上側,-,付属なし/付属なし,-,ピロアッパーマウントを採用しているためショック作動音が聞こえやすくなります,リア用減衰延長ダイヤル取り付けにはパネル・スピーカーボードなどに穴あけ加工が必要になります<br>車高調整範囲はロアブラケット側で車高調整を行った場合の調整可能範囲になります(グレード・車両重量・車両誤差などにより調整範囲は変わる場合があります)<br>車高調整範囲内であってもインナーフェンダーなどに干渉する場合があります(最低地上高は各車ご確認の上、車高を設定してください)<br>DAMPER ZZ-Rシリーズを取り付けたことにより各装置の認識に使用されるレーダーやカメラ、センサー等の認識範囲がノーマル状態と異なり誤動作を起こす可能性も考えられます(各自動車メーカーの安全装置・衝突回避支援装置・運転支援装置装着車など誤動作の発生やそれに伴う事故などの損害についてメーカーではその責任を負うことができません)<br>DAMPER ZZ-Rシリーズ取り付け時、特にストラット式サスペンションの場合、純正ホイール・タイヤでもショックアブソーバーと干渉する可能性があります<br>B.R.A.I.N.接続が「○」の車種でも、年式により適合しない場合があります,197000,129300
トヨタ,エスクァイアハイブリッド,ZWR80G,17/07～,2ZR-FXE,,Fr：-135～-50mm<br>Rr：-110～-45mm,109597,,240370,92202-qq-e-17k,92202-qq-e-d-17k,4959094922025,92202,BLITZ,DAMPER ZZ-R BB,調整式ピロ/純正,8.0/8.0,160/150,ID62ストレート/樽型orテーパー型(専用形状),-135～-50mm<br>Rr：-110～-45,アッパーマウント上側,-,付属なし/付属なし,-,ピロアッパーマウントを採用しているためショック作動音が聞こえやすくなります,リア用減衰延長ダイヤル取り付けにはパネル・スピーカーボードなどに穴あけ加工が必要になります<br>車高調整範囲はロアブラケット側で車高調整を行った場合の調整可能範囲になります(グレード・車両重量・車両誤差などにより調整範囲は変わる場合があります)<br>車高調整範囲内であってもインナーフェンダーなどに干渉する場合があります(最低地上高は各車ご確認の上、車高を設定してください)<br>DAMPER ZZ-Rシリーズを取り付けたことにより各装置の認識に使用されるレーダーやカメラ、センサー等の認識範囲がノーマル状態と異なり誤動作を起こす可能性も考えられます(各自動車メーカーの安全装置・衝突回避支援装置・運転支援装置装着車など誤動作の発生やそれに伴う事故などの損害についてメーカーではその責任を負うことができません)<br>DAMPER ZZ-Rシリーズ取り付け時、特にストラット式サスペンションの場合、純正ホイール・タイヤでもショックアブソーバーと干渉する可能性があります<br>B.R.A.I.N.接続が「○」の車種でも、年式により適合しない場合があります,197000,129300
トヨタ,エスティマ,ACR50W,16/06～,2AZ-FE,2WD,Fr：-100～0mm<br>Rr：-80～-30mm,109597,,240387,92203-qq-e-34k,92203-qq-e-d-34k,4959094922032,92203,BLITZ,DAMPER ZZ-R BB,調整式ピロ/純正,9.0/10.0,160/180,ID62ストレート/樽型orテーパー型(専用形状),-100～0mm<br>Rr：-80～-30,-,-,付属なし/付属なし,-,ピロアッパーマウントを採用しているためショック作動音が聞こえやすくなります<br>車高調整範囲はGSR50Wのデータになります,リア用減衰延長ダイヤル取り付けにはパネル・スピーカーボードなどに穴あけ加工が必要になります<br>車高調整範囲はロアブラケット側で車高調整を行った場合の調整可能範囲になります(グレード・車両重量・車両誤差などにより調整範囲は変わる場合があります)<br>車高調整範囲内であってもインナーフェンダーなどに干渉する場合があります(最低地上高は各車ご確認の上、車高を設定してください)<br>DAMPER ZZ-Rシリーズを取り付けたことにより各装置の認識に使用されるレーダーやカメラ、センサー等の認識範囲がノーマル状態と異なり誤動作を起こす可能性も考えられます(各自動車メーカーの安全装置・衝突回避支援装置・運転支援装置装着車など誤動作の発生やそれに伴う事故などの損害についてメーカーではその責任を負うことができません)<br>DAMPER ZZ-Rシリーズ取り付け時、特にストラット式サスペンションの場合、純正ホイール・タイヤでもショックアブソーバーと干渉する可能性があります<br>B.R.A.I.N.接続が「○」の車種でも、年式により適合しない場合があります,197000,129300
トヨタ,エスティマ,ACR50W/GSR50W,06/01～16/06,2AZ-FE/2GR-FE,2WD,Fr：-100～0mm<br>Rr：-80～-30mm,109597,,240385,92203-qq-e-32k,92203-qq-e-d-32k,4959094922032,92203,BLITZ,DAMPER ZZ-R BB,調整式ピロ/純正,9.0/10.0,160/180,ID62ストレート/樽型orテーパー型(専用形状),-100～0mm<br>Rr：-80～-30,-,-,付属なし/付属なし,-,ピロアッパーマウントを採用しているためショック作動音が聞こえやすくなります<br>車高調整範囲はGSR50Wのデータになります,リア用減衰延長ダイヤル取り付けにはパネル・スピーカーボードなどに穴あけ加工が必要になります<br>車高調整範囲はロアブラケット側で車高調整を行った場合の調整可能範囲になります(グレード・車両重量・車両誤差などにより調整範囲は変わる場合があります)<br>車高調整範囲内であってもインナーフェンダーなどに干渉する場合があります(最低地上高は各車ご確認の上、車高を設定してください)<br>DAMPER ZZ-Rシリーズを取り付けたことにより各装置の認識に使用されるレーダーやカメラ、センサー等の認識範囲がノーマル状態と異なり誤動作を起こす可能性も考えられます(各自動車メーカーの安全装置・衝突回避支援装置・運転支援装置装着車など誤動作の発生やそれに伴う事故などの損害についてメーカーではその責任を負うことができません)<br>DAMPER ZZ-Rシリーズ取り付け時、特にストラット式サスペンションの場合、純正ホイール・タイヤでもショックアブソーバーと干渉する可能性があります<br>B.R.A.I.N.接続が「○」の車種でも、年式により適合しない場合があります,197000,129300
トヨタ,エスティマ,ACR55W,16/06～,2AZ-FE,4WD,Fr：-100～0mm<br>Rr：-80～-30mm,109597,,240388,92203-qq-e-35k,92203-qq-e-d-35k,4959094922032,92203,BLITZ,DAMPER ZZ-R BB,調整式ピロ/純正,9.0/10.0,160/180,ID62ストレート/樽型orテーパー型(専用形状),-100～0mm<br>Rr：-80～-30,-,-,付属なし/付属なし,-,ピロアッパーマウントを採用しているためショック作動音が聞こえやすくなります<br>車高調整範囲はGSR50Wのデータになります,リア用減衰延長ダイヤル取り付けにはパネル・スピーカーボードなどに穴あけ加工が必要になります<br>車高調整範囲はロアブラケット側で車高調整を行った場合の調整可能範囲になります(グレード・車両重量・車両誤差などにより調整範囲は変わる場合があります)<br>車高調整範囲内であってもインナーフェンダーなどに干渉する場合があります(最低地上高は各車ご確認の上、車高を設定してください)<br>DAMPER ZZ-Rシリーズを取り付けたことにより各装置の認識に使用されるレーダーやカメラ、センサー等の認識範囲がノーマル状態と異なり誤動作を起こす可能性も考えられます(各自動車メーカーの安全装置・衝突回避支援装置・運転支援装置装着車など誤動作の発生やそれに伴う事故などの損害についてメーカーではその責任を負うことができません)<br>DAMPER ZZ-Rシリーズ取り付け時、特にストラット式サスペンションの場合、純正ホイール・タイヤでもショックアブソーバーと干渉する可能性があります<br>B.R.A.I.N.接続が「○」の車種でも、年式により適合しない場合があります,197000,129300
トヨタ,エスティマ,ACR55W/GSR55W,06/01～16/06,2AZ-FE/2GR-FE,4WD,Fr：-100～0mm<br>Rr：-80～-30mm,109597,,240386,92203-qq-e-33k,92203-qq-e-d-33k,4959094922032,92203,BLITZ,DAMPER ZZ-R BB,調整式ピロ/純正,9.0/10.0,160/180,ID62ストレート/樽型orテーパー型(専用形状),-100～0mm<br>Rr：-80～-30,-,-,付属なし/付属なし,-,ピロアッパーマウントを採用しているためショック作動音が聞こえやすくなります<br>車高調整範囲はGSR50Wのデータになります,リア用減衰延長ダイヤル取り付けにはパネル・スピーカーボードなどに穴あけ加工が必要になります<br>車高調整範囲はロアブラケット側で車高調整を行った場合の調整可能範囲になります(グレード・車両重量・車両誤差などにより調整範囲は変わる場合があります)<br>車高調整範囲内であってもインナーフェンダーなどに干渉する場合があります(最低地上高は各車ご確認の上、車高を設定してください)<br>DAMPER ZZ-Rシリーズを取り付けたことにより各装置の認識に使用されるレーダーやカメラ、センサー等の認識範囲がノーマル状態と異なり誤動作を起こす可能性も考えられます(各自動車メーカーの安全装置・衝突回避支援装置・運転支援装置装着車など誤動作の発生やそれに伴う事故などの損害についてメーカーではその責任を負うことができません)<br>DAMPER ZZ-Rシリーズ取り付け時、特にストラット式サスペンションの場合、純正ホイール・タイヤでもショックアブソーバーと干渉する可能性があります<br>B.R.A.I.N.接続が「○」の車種でも、年式により適合しない場合があります,197000,129300
トヨタ,エスティマハイブリッド,AHR20W,06/06～16/06,2AZ-FXE,,Fr：-100～0mm<br>Rr：-80～-30mm,109597,,240389,92203-qq-e-36k,92203-qq-e-d-36k,4959094922032,92203,BLITZ,DAMPER ZZ-R BB,調整式ピロ/純正,9.0/10.0,160/180,ID62ストレート/樽型orテーパー型(専用形状),-100～0mm<br>Rr：-80～-30,-,-,付属なし/付属なし,-,ピロアッパーマウントを採用しているためショック作動音が聞こえやすくなります<br>車高調整範囲はGSR50Wのデータになります,リア用減衰延長ダイヤル取り付けにはパネル・スピーカーボードなどに穴あけ加工が必要になります<br>車高調整範囲はロアブラケット側で車高調整を行った場合の調整可能範囲になります(グレード・車両重量・車両誤差などにより調整範囲は変わる場合があります)<br>車高調整範囲内であってもインナーフェンダーなどに干渉する場合があります(最低地上高は各車ご確認の上、車高を設定してください)<br>DAMPER ZZ-Rシリーズを取り付けたことにより各装置の認識に使用されるレーダーやカメラ、センサー等の認識範囲がノーマル状態と異なり誤動作を起こす可能性も考えられます(各自動車メーカーの安全装置・衝突回避支援装置・運転支援装置装着車など誤動作の発生やそれに伴う事故などの損害についてメーカーではその責任を負うことができません)<br>DAMPER ZZ-Rシリーズ取り付け時、特にストラット式サスペンションの場合、純正ホイール・タイヤでもショックアブソーバーと干渉する可能性があります<br>B.R.A.I.N.接続が「○」の車種でも、年式により適合しない場合があります,197000,129300
トヨタ,エスティマハイブリッド,AHR20W,16/06～,2AZ-FXE,,Fr：-100～0mm<br>Rr：-80～-30mm,109597,,240390,92203-qq-e-37k,92203-qq-e-d-37k,4959094922032,92203,BLITZ,DAMPER ZZ-R BB,調整式ピロ/純正,9.0/10.0,160/180,ID62ストレート/樽型orテーパー型(専用形状),-100～0mm<br>Rr：-80～-30,-,-,付属なし/付属なし,-,ピロアッパーマウントを採用しているためショック作動音が聞こえやすくなります<br>車高調整範囲はGSR50Wのデータになります,リア用減衰延長ダイヤル取り付けにはパネル・スピーカーボードなどに穴あけ加工が必要になります<br>車高調整範囲はロアブラケット側で車高調整を行った場合の調整可能範囲になります(グレード・車両重量・車両誤差などにより調整範囲は変わる場合があります)<br>車高調整範囲内であってもインナーフェンダーなどに干渉する場合があります(最低地上高は各車ご確認の上、車高を設定してください)<br>DAMPER ZZ-Rシリーズを取り付けたことにより各装置の認識に使用されるレーダーやカメラ、センサー等の認識範囲がノーマル状態と異なり誤動作を起こす可能性も考えられます(各自動車メーカーの安全装置・衝突回避支援装置・運転支援装置装着車など誤動作の発生やそれに伴う事故などの損害についてメーカーではその責任を負うことができません)<br>DAMPER ZZ-Rシリーズ取り付け時、特にストラット式サスペンションの場合、純正ホイール・タイヤでもショックアブソーバーと干渉する可能性があります<br>B.R.A.I.N.接続が「○」の車種でも、年式により適合しない場合があります,197000,129300
トヨタ,クラウン,ARS210/GRS210/GRS214,15/10～18/06,8AR-FTS/4GR-FSE/2GR-FSE,,Fr：-100～-10mm<br>Rr：-120～-10mm,104169,,240397,92205-qq-e-44k,92205-qq-e-d-44k,4959094922056,92205,BLITZ,DAMPER ZZ-R BB,固定式ピロ/固定式ピロ,18.0/16.0,180/180,ID62ストレート/ID62ストレート,-100～-10mm<br>Rr：-120～-10,アッパーマウント上側,200mm,付属なし/付属なし,-,延長ダイヤル取り付けに要内装穴あけ加工または取り外し<br>ピロアッパーマウントを採用しているためショック作動音が聞こえやすくなります<br>車高調整範囲はARS210のデータになります,リア用減衰延長ダイヤル取り付けにはパネル・スピーカーボードなどに穴あけ加工が必要になります<br>車高調整範囲はロアブラケット側で車高調整を行った場合の調整可能範囲になります(グレード・車両重量・車両誤差などにより調整範囲は変わる場合があります)<br>車高調整範囲内であってもインナーフェンダーなどに干渉する場合があります(最低地上高は各車ご確認の上、車高を設定してください)<br>DAMPER ZZ-Rシリーズを取り付けたことにより各装置の認識に使用されるレーダーやカメラ、センサー等の認識範囲がノーマル状態と異なり誤動作を起こす可能性も考えられます(各自動車メーカーの安全装置・衝突回避支援装置・運転支援装置装着車など誤動作の発生やそれに伴う事故などの損害についてメーカーではその責任を負うことができません)<br>DAMPER ZZ-Rシリーズ取り付け時、特にストラット式サスペンションの場合、純正ホイール・タイヤでもショックアブソーバーと干渉する可能性があります<br>B.R.A.I.N.接続が「○」の車種でも、年式により適合しない場合があります,187000,123500
トヨタ,クラウン,GRS180/GRS182,03/12～08/02,4GR-FSE/3GR-FSE,,Fr：-100～-10mm<br>Rr：-120～-10mm,104169,,240393,92205-qq-e-40k,92205-qq-e-d-40k,4959094922056,92205,BLITZ,DAMPER ZZ-R BB,固定式ピロ/固定式ピロ,18.0/16.0,180/180,ID62ストレート/ID62ストレート,-100～-10mm<br>Rr：-120～-10,アッパーマウント上側,200mm,付属なし/付属なし,-,延長ダイヤル取り付けに要内装穴あけ加工または取り外し,2006年1月以降に生産された車両においては、前部霧灯(フォグランプ)下縁高さが地上より250mm以上になるよう注意してください<br>リア用減衰延長ダイヤル取り付けにはパネル・スピーカーボードなどに穴あけ加工が必要になります<br>車高調整範囲はロアブラケット側で車高調整を行った場合の調整可能範囲になります(グレード・車両重量・車両誤差などにより調整範囲は変わる場合があります)<br>車高調整範囲内であってもインナーフェンダーなどに干渉する場合があります(最低地上高は各車ご確認の上、車高を設定してください)<br>DAMPER ZZ-Rシリーズを取り付けたことにより各装置の認識に使用されるレーダーやカメラ、センサー等の認識範囲がノーマル状態と異なり誤動作を起こす可能性も考えられます(各自動車メーカーの安全装置・衝突回避支援装置・運転支援装置装着車など誤動作の発生やそれに伴う事故などの損害についてメーカーではその責任を負うことができません)<br>DAMPER ZZ-Rシリーズ取り付け時、特にストラット式サスペンションの場合、純正ホイール・タイヤでもショックアブソーバーと干渉する可能性があります<br>B.R.A.I.N.接続が「○」の車種でも、年式により適合しない場合があります,187000,123500
トヨタ,クラウン,GRS184,05/10～08/02,2GR-FSE,,Fr：-100～-10mm<br>Rr：-120～-10mm,104169,,240394,92205-qq-e-41k,92205-qq-e-d-41k,4959094922056,92205,BLITZ,DAMPER ZZ-R BB,固定式ピロ/固定式ピロ,18.0/16.0,180/180,ID62ストレート/ID62ストレート,-100～-10mm<br>Rr：-120～-10,アッパーマウント上側,200mm,付属なし/付属なし,-,延長ダイヤル取り付けに要内装穴あけ加工または取り外し,2006年1月以降に生産された車両においては、前部霧灯(フォグランプ)下縁高さが地上より250mm以上になるよう注意してください<br>リア用減衰延長ダイヤル取り付けにはパネル・スピーカーボードなどに穴あけ加工が必要になります<br>車高調整範囲はロアブラケット側で車高調整を行った場合の調整可能範囲になります(グレード・車両重量・車両誤差などにより調整範囲は変わる場合があります)<br>車高調整範囲内であってもインナーフェンダーなどに干渉する場合があります(最低地上高は各車ご確認の上、車高を設定してください)<br>DAMPER ZZ-Rシリーズを取り付けたことにより各装置の認識に使用されるレーダーやカメラ、センサー等の認識範囲がノーマル状態と異なり誤動作を起こす可能性も考えられます(各自動車メーカーの安全装置・衝突回避支援装置・運転支援装置装着車など誤動作の発生やそれに伴う事故などの損害についてメーカーではその責任を負うことができません)<br>DAMPER ZZ-Rシリーズ取り付け時、特にストラット式サスペンションの場合、純正ホイール・タイヤでもショックアブソーバーと干渉する可能性があります<br>B.R.A.I.N.接続が「○」の車種でも、年式により適合しない場合があります,187000,123500
トヨタ,クラウン,GRS200/GRS202/GRS204,08/02～12/12,4GR-FSE/3GR-FSE/2GR-FSE,,Fr：-100～-10mm<br>Rr：-120～-10mm,104169,,240395,92205-qq-e-42k,92205-qq-e-d-42k,4959094922056,92205,BLITZ,DAMPER ZZ-R BB,固定式ピロ/固定式ピロ,18.0/16.0,180/180,ID62ストレート/ID62ストレート,-100～-10mm<br>Rr：-120～-10,アッパーマウント上側,200mm,付属なし/付属なし,-,延長ダイヤル取り付けに要内装穴あけ加工または取り外し<br>ピロアッパーマウントを採用しているためショック作動音が聞こえやすくなります,リア用減衰延長ダイヤル取り付けにはパネル・スピーカーボードなどに穴あけ加工が必要になります<br>車高調整範囲はロアブラケット側で車高調整を行った場合の調整可能範囲になります(グレード・車両重量・車両誤差などにより調整範囲は変わる場合があります)<br>車高調整範囲内であってもインナーフェンダーなどに干渉する場合があります(最低地上高は各車ご確認の上、車高を設定してください)<br>DAMPER ZZ-Rシリーズを取り付けたことにより各装置の認識に使用されるレーダーやカメラ、センサー等の認識範囲がノーマル状態と異なり誤動作を起こす可能性も考えられます(各自動車メーカーの安全装置・衝突回避支援装置・運転支援装置装着車など誤動作の発生やそれに伴う事故などの損害についてメーカーではその責任を負うことができません)<br>DAMPER ZZ-Rシリーズ取り付け時、特にストラット式サスペンションの場合、純正ホイール・タイヤでもショックアブソーバーと干渉する可能性があります<br>B.R.A.I.N.接続が「○」の車種でも、年式により適合しない場合があります,187000,123500
トヨタ,クラウン,GRS210/GRS214,12/12～15/10,4GR-FSE/2GR-FSE,,Fr：-100～-10mm<br>Rr：-120～-10mm,104169,,240396,92205-qq-e-43k,92205-qq-e-d-43k,4959094922056,92205,BLITZ,DAMPER ZZ-R BB,固定式ピロ/固定式ピロ,18.0/16.0,180/180,ID62ストレート/ID62ストレート,-100～-10mm<br>Rr：-120～-10,アッパーマウント上側,200mm,付属なし/付属なし,-,延長ダイヤル取り付けに要内装穴あけ加工または取り外し<br>ピロアッパーマウントを採用しているためショック作動音が聞こえやすくなります,リア用減衰延長ダイヤル取り付けにはパネル・スピーカーボードなどに穴あけ加工が必要になります<br>車高調整範囲はロアブラケット側で車高調整を行った場合の調整可能範囲になります(グレード・車両重量・車両誤差などにより調整範囲は変わる場合があります)<br>車高調整範囲内であってもインナーフェンダーなどに干渉する場合があります(最低地上高は各車ご確認の上、車高を設定してください)<br>DAMPER ZZ-Rシリーズを取り付けたことにより各装置の認識に使用されるレーダーやカメラ、センサー等の認識範囲がノーマル状態と異なり誤動作を起こす可能性も考えられます(各自動車メーカーの安全装置・衝突回避支援装置・運転支援装置装着車など誤動作の発生やそれに伴う事故などの損害についてメーカーではその責任を負うことができません)<br>DAMPER ZZ-Rシリーズ取り付け時、特にストラット式サスペンションの場合、純正ホイール・タイヤでもショックアブソーバーと干渉する可能性があります<br>B.R.A.I.N.接続が「○」の車種でも、年式により適合しない場合があります,187000,123500
トヨタ,クラウンハイブリッド,AWS210,13/01～15/10,2AR-FSE,,Fr：-110～-30mm<br>Rr：-130～-20mm,104169,,240399,92205-qq-e-46k,92205-qq-e-d-46k,4959094922056,92205,BLITZ,DAMPER ZZ-R BB,固定式ピロ/固定式ピロ,18.0/16.0,180/180,ID62ストレート/ID62ストレート,-110～-30mm<br>Rr：-130～-20,アッパーマウント上側,200mm,付属なし/付属なし,-,延長ダイヤル取り付けに要内装穴あけ加工または取り外し<br>ピロアッパーマウントを採用しているためショック作動音が聞こえやすくなります,リア用減衰延長ダイヤル取り付けにはパネル・スピーカーボードなどに穴あけ加工が必要になります<br>車高調整範囲はロアブラケット側で車高調整を行った場合の調整可能範囲になります(グレード・車両重量・車両誤差などにより調整範囲は変わる場合があります)<br>車高調整範囲内であってもインナーフェンダーなどに干渉する場合があります(最低地上高は各車ご確認の上、車高を設定してください)<br>DAMPER ZZ-Rシリーズを取り付けたことにより各装置の認識に使用されるレーダーやカメラ、センサー等の認識範囲がノーマル状態と異なり誤動作を起こす可能性も考えられます(各自動車メーカーの安全装置・衝突回避支援装置・運転支援装置装着車など誤動作の発生やそれに伴う事故などの損害についてメーカーではその責任を負うことができません)<br>DAMPER ZZ-Rシリーズ取り付け時、特にストラット式サスペンションの場合、純正ホイール・タイヤでもショックアブソーバーと干渉する可能性があります<br>B.R.A.I.N.接続が「○」の車種でも、年式により適合しない場合があります,187000,123500
トヨタ,クラウンハイブリッド,AWS210,15/10～18/06,2AR-FSE,,Fr：-110～-30mm<br>Rr：-130～-20mm,104169,,240400,92205-qq-e-47k,92205-qq-e-d-47k,4959094922056,92205,BLITZ,DAMPER ZZ-R BB,固定式ピロ/固定式ピロ,18.0/16.0,180/180,ID62ストレート/ID62ストレート,-110～-30mm<br>Rr：-130～-20,アッパーマウント上側,200mm,付属なし/付属なし,-,延長ダイヤル取り付けに要内装穴あけ加工または取り外し<br>ピロアッパーマウントを採用しているためショック作動音が聞こえやすくなります,リア用減衰延長ダイヤル取り付けにはパネル・スピーカーボードなどに穴あけ加工が必要になります<br>車高調整範囲はロアブラケット側で車高調整を行った場合の調整可能範囲になります(グレード・車両重量・車両誤差などにより調整範囲は変わる場合があります)<br>車高調整範囲内であってもインナーフェンダーなどに干渉する場合があります(最低地上高は各車ご確認の上、車高を設定してください)<br>DAMPER ZZ-Rシリーズを取り付けたことにより各装置の認識に使用されるレーダーやカメラ、センサー等の認識範囲がノーマル状態と異なり誤動作を起こす可能性も考えられます(各自動車メーカーの安全装置・衝突回避支援装置・運転支援装置装着車など誤動作の発生やそれに伴う事故などの損害についてメーカーではその責任を負うことができません)<br>DAMPER ZZ-Rシリーズ取り付け時、特にストラット式サスペンションの場合、純正ホイール・タイヤでもショックアブソーバーと干渉する可能性があります<br>B.R.A.I.N.接続が「○」の車種でも、年式により適合しない場合があります,187000,123500
トヨタ,クラウンハイブリッド,GWS204,08/05～13/01,2GR-FSE,,Fr：-100～-10mm<br>Rr：-120～-10mm,104169,,240398,92205-qq-e-45k,92205-qq-e-d-45k,4959094922056,92205,BLITZ,DAMPER ZZ-R BB,固定式ピロ/固定式ピロ,18.0/16.0,180/180,ID62ストレート/ID62ストレート,-100～-10mm<br>Rr：-120～-10,アッパーマウント上側,200mm,付属なし/付属なし,-,延長ダイヤル取り付けに要内装穴あけ加工または取り外し<br>ピロアッパーマウントを採用しているためショック作動音が聞こえやすくなります<br>車高調整範囲はARS210のデータになります,リア用減衰延長ダイヤル取り付けにはパネル・スピーカーボードなどに穴あけ加工が必要になります<br>車高調整範囲はロアブラケット側で車高調整を行った場合の調整可能範囲になります(グレード・車両重量・車両誤差などにより調整範囲は変わる場合があります)<br>車高調整範囲内であってもインナーフェンダーなどに干渉する場合があります(最低地上高は各車ご確認の上、車高を設定してください)<br>DAMPER ZZ-Rシリーズを取り付けたことにより各装置の認識に使用されるレーダーやカメラ、センサー等の認識範囲がノーマル状態と異なり誤動作を起こす可能性も考えられます(各自動車メーカーの安全装置・衝突回避支援装置・運転支援装置装着車など誤動作の発生やそれに伴う事故などの損害についてメーカーではその責任を負うことができません)<br>DAMPER ZZ-Rシリーズ取り付け時、特にストラット式サスペンションの場合、純正ホイール・タイヤでもショックアブソーバーと干渉する可能性があります<br>B.R.A.I.N.接続が「○」の車種でも、年式により適合しない場合があります,187000,123500
トヨタ,ノア,ZRR80G/ZRR80W,14/01～17/07,3ZR-FAE,2WD,Fr：-123～-43mm<br>Rr：-105～-35mm,109597,,240352,92202-qq-e-234,92202-qq-e-d-234,4959094922025,92202,BLITZ,DAMPER ZZ-R BB,調整式ピロ/純正,8.0/8.0,160/150,ID62ストレート/樽型orテーパー型(専用形状),-123～-43mm<br>Rr：-105～-35,アッパーマウント上側,-,付属なし/付属なし,-,ピロアッパーマウントを採用しているためショック作動音が聞こえやすくなります<br>車高調整範囲はZRR80Wのデータになります,リア用減衰延長ダイヤル取り付けにはパネル・スピーカーボードなどに穴あけ加工が必要になります<br>車高調整範囲はロアブラケット側で車高調整を行った場合の調整可能範囲になります(グレード・車両重量・車両誤差などにより調整範囲は変わる場合があります)<br>車高調整範囲内であってもインナーフェンダーなどに干渉する場合があります(最低地上高は各車ご確認の上、車高を設定してください)<br>DAMPER ZZ-Rシリーズを取り付けたことにより各装置の認識に使用されるレーダーやカメラ、センサー等の認識範囲がノーマル状態と異なり誤動作を起こす可能性も考えられます(各自動車メーカーの安全装置・衝突回避支援装置・運転支援装置装着車など誤動作の発生やそれに伴う事故などの損害についてメーカーではその責任を負うことができません)<br>DAMPER ZZ-Rシリーズ取り付け時、特にストラット式サスペンションの場合、純正ホイール・タイヤでもショックアブソーバーと干渉する可能性があります<br>B.R.A.I.N.接続が「○」の車種でも、年式により適合しない場合があります,197000,129300
トヨタ,ノア,ZRR80G/ZRR80W,17/07～,3ZR-FAE,2WD,Fr：-123～-43mm<br>Rr：-105～-35mm,109597,,240353,92202-qq-e-239,92202-qq-e-d-239,4959094922025,92202,BLITZ,DAMPER ZZ-R BB,調整式ピロ/純正,8.0/8.0,160/150,ID62ストレート/樽型orテーパー型(専用形状),-123～-43mm<br>Rr：-105～-35,アッパーマウント上側,-,付属なし/付属なし,-,ピロアッパーマウントを採用しているためショック作動音が聞こえやすくなります<br>車高調整範囲はZRR80Wのデータになります,リア用減衰延長ダイヤル取り付けにはパネル・スピーカーボードなどに穴あけ加工が必要になります<br>車高調整範囲はロアブラケット側で車高調整を行った場合の調整可能範囲になります(グレード・車両重量・車両誤差などにより調整範囲は変わる場合があります)<br>車高調整範囲内であってもインナーフェンダーなどに干渉する場合があります(最低地上高は各車ご確認の上、車高を設定してください)<br>DAMPER ZZ-Rシリーズを取り付けたことにより各装置の認識に使用されるレーダーやカメラ、センサー等の認識範囲がノーマル状態と異なり誤動作を起こす可能性も考えられます(各自動車メーカーの安全装置・衝突回避支援装置・運転支援装置装着車など誤動作の発生やそれに伴う事故などの損害についてメーカーではその責任を負うことができません)<br>DAMPER ZZ-Rシリーズ取り付け時、特にストラット式サスペンションの場合、純正ホイール・タイヤでもショックアブソーバーと干渉する可能性があります<br>B.R.A.I.N.接続が「○」の車種でも、年式により適合しない場合があります,197000,129300
トヨタ,ノア GRスポーツ,ZRR80W,17/09～,3ZR-FAE,GR SPORT,Fr：-135～-50mm<br>Rr：-110～-45mm,109597,,240371,92202-qq-e-18k,92202-qq-e-d-18k,4959094922025,92202,BLITZ,DAMPER ZZ-R BB,調整式ピロ/純正,8.0/8.0,160/150,ID62ストレート/樽型orテーパー型(専用形状),-135～-50mm<br>Rr：-110～-45,アッパーマウント上側,-,付属なし/付属なし,-,ピロアッパーマウントを採用しているためショック作動音が聞こえやすくなります<br>車高調整範囲はZWR80Gのデータになります,リア用減衰延長ダイヤル取り付けにはパネル・スピーカーボードなどに穴あけ加工が必要になります<br>車高調整範囲はロアブラケット側で車高調整を行った場合の調整可能範囲になります(グレード・車両重量・車両誤差などにより調整範囲は変わる場合があります)<br>車高調整範囲内であってもインナーフェンダーなどに干渉する場合があります(最低地上高は各車ご確認の上、車高を設定してください)<br>DAMPER ZZ-Rシリーズを取り付けたことにより各装置の認識に使用されるレーダーやカメラ、センサー等の認識範囲がノーマル状態と異なり誤動作を起こす可能性も考えられます(各自動車メーカーの安全装置・衝突回避支援装置・運転支援装置装着車など誤動作の発生やそれに伴う事故などの損害についてメーカーではその責任を負うことができません)<br>DAMPER ZZ-Rシリーズ取り付け時、特にストラット式サスペンションの場合、純正ホイール・タイヤでもショックアブソーバーと干渉する可能性があります<br>B.R.A.I.N.接続が「○」の車種でも、年式により適合しない場合があります,197000,129300
トヨタ,ノアG's,ZRR80W,16/04～,3ZR-FAE,Si G's,Fr：-105～-35mm<br>Rr：-75～-5mm,109597,,240372,92202-qq-e-19k,92202-qq-e-d-19k,4959094922025,92202,BLITZ,DAMPER ZZ-R BB,調整式ピロ/純正,8.0/8.0,160/150,ID62ストレート/樽型orテーパー型(専用形状),-105～-35mm<br>Rr：-75～-5,アッパーマウント上側,-,付属なし/付属なし,-,ピロアッパーマウントを採用しているためショック作動音が聞こえやすくなります<br>車高調整範囲はZRR80Wのデータになります,リア用減衰延長ダイヤル取り付けにはパネル・スピーカーボードなどに穴あけ加工が必要になります<br>車高調整範囲はロアブラケット側で車高調整を行った場合の調整可能範囲になります(グレード・車両重量・車両誤差などにより調整範囲は変わる場合があります)<br>車高調整範囲内であってもインナーフェンダーなどに干渉する場合があります(最低地上高は各車ご確認の上、車高を設定してください)<br>DAMPER ZZ-Rシリーズを取り付けたことにより各装置の認識に使用されるレーダーやカメラ、センサー等の認識範囲がノーマル状態と異なり誤動作を起こす可能性も考えられます(各自動車メーカーの安全装置・衝突回避支援装置・運転支援装置装着車など誤動作の発生やそれに伴う事故などの損害についてメーカーではその責任を負うことができません)<br>DAMPER ZZ-Rシリーズ取り付け時、特にストラット式サスペンションの場合、純正ホイール・タイヤでもショックアブソーバーと干渉する可能性があります<br>B.R.A.I.N.接続が「○」の車種でも、年式により適合しない場合があります,197000,129300
トヨタ,ノアハイブリッド,ZWR80G/ZWR80W,14/02～17/07,2ZR-FXE,,Fr：-135～-50mm<br>Rr：-110～-45mm,109597,,240373,92202-qq-e-20k,92202-qq-e-d-20k,4959094922025,92202,BLITZ,DAMPER ZZ-R BB,調整式ピロ/純正,8.0/8.0,160/150,ID62ストレート/樽型orテーパー型(専用形状),-135～-50mm<br>Rr：-110～-45,アッパーマウント上側,-,付属なし/付属なし,-,ピロアッパーマウントを採用しているためショック作動音が聞こえやすくなります<br>車高調整範囲はZWR80Gのデータになります,リア用減衰延長ダイヤル取り付けにはパネル・スピーカーボードなどに穴あけ加工が必要になります<br>車高調整範囲はロアブラケット側で車高調整を行った場合の調整可能範囲になります(グレード・車両重量・車両誤差などにより調整範囲は変わる場合があります)<br>車高調整範囲内であってもインナーフェンダーなどに干渉する場合があります(最低地上高は各車ご確認の上、車高を設定してください)<br>DAMPER ZZ-Rシリーズを取り付けたことにより各装置の認識に使用されるレーダーやカメラ、センサー等の認識範囲がノーマル状態と異なり誤動作を起こす可能性も考えられます(各自動車メーカーの安全装置・衝突回避支援装置・運転支援装置装着車など誤動作の発生やそれに伴う事故などの損害についてメーカーではその責任を負うことができません)<br>DAMPER ZZ-Rシリーズ取り付け時、特にストラット式サスペンションの場合、純正ホイール・タイヤでもショックアブソーバーと干渉する可能性があります<br>B.R.A.I.N.接続が「○」の車種でも、年式により適合しない場合があります,197000,129300
トヨタ,ノアハイブリッド,ZWR80G/ZWR80W,17/07～,2ZR-FXE,,Fr：-135～-50mm<br>Rr：-110～-45mm,109597,,240374,92202-qq-e-21k,92202-qq-e-d-21k,4959094922025,92202,BLITZ,DAMPER ZZ-R BB,調整式ピロ/純正,8.0/8.0,160/150,ID62ストレート/樽型orテーパー型(専用形状),-135～-50mm<br>Rr：-110～-45,アッパーマウント上側,-,付属なし/付属なし,-,ピロアッパーマウントを採用しているためショック作動音が聞こえやすくなります<br>車高調整範囲はZWR80Gのデータになります,リア用減衰延長ダイヤル取り付けにはパネル・スピーカーボードなどに穴あけ加工が必要になります<br>車高調整範囲はロアブラケット側で車高調整を行った場合の調整可能範囲になります(グレード・車両重量・車両誤差などにより調整範囲は変わる場合があります)<br>車高調整範囲内であってもインナーフェンダーなどに干渉する場合があります(最低地上高は各車ご確認の上、車高を設定してください)<br>DAMPER ZZ-Rシリーズを取り付けたことにより各装置の認識に使用されるレーダーやカメラ、センサー等の認識範囲がノーマル状態と異なり誤動作を起こす可能性も考えられます(各自動車メーカーの安全装置・衝突回避支援装置・運転支援装置装着車など誤動作の発生やそれに伴う事故などの損害についてメーカーではその責任を負うことができません)<br>DAMPER ZZ-Rシリーズ取り付け時、特にストラット式サスペンションの場合、純正ホイール・タイヤでもショックアブソーバーと干渉する可能性があります<br>B.R.A.I.N.接続が「○」の車種でも、年式により適合しない場合があります,197000,129300
ホンダ,オデッセイ,RB1,03/10～08/10,K24A,AFS付取り付け可,Fr：-130～-23mm<br>Rr：-125～-39mm,104169,,240401,92206-qq-e-48k,92206-qq-e-d-48k,4959094922063,92206,BLITZ,DAMPER ZZ-R BB,固定式ピロ/固定式ピロ,16.0/20.0,180/140,ID62ストレート/ID62ストレート,-130～-23mm<br>Rr：-125～-39,-,300mm,付属なし/付属なし,-,リア減衰延長ダイヤル取り付けにアッパーマウント上部鉄製カバー要穴あけ加工<br>ピロアッパーマウントを採用しているためショック作動音が聞こえやすくなります<br>車高調整範囲はRB3のデータになります,リア用減衰延長ダイヤル取り付けにはパネル・スピーカーボードなどに穴あけ加工が必要になります<br>車高調整範囲はロアブラケット側で車高調整を行った場合の調整可能範囲になります(グレード・車両重量・車両誤差などにより調整範囲は変わる場合があります)<br>車高調整範囲内であってもインナーフェンダーなどに干渉する場合があります(最低地上高は各車ご確認の上、車高を設定してください)<br>DAMPER ZZ-Rシリーズを取り付けたことにより各装置の認識に使用されるレーダーやカメラ、センサー等の認識範囲がノーマル状態と異なり誤動作を起こす可能性も考えられます(各自動車メーカーの安全装置・衝突回避支援装置・運転支援装置装着車など誤動作の発生やそれに伴う事故などの損害についてメーカーではその責任を負うことができません)<br>DAMPER ZZ-Rシリーズ取り付け時、特にストラット式サスペンションの場合、純正ホイール・タイヤでもショックアブソーバーと干渉する可能性があります<br>B.R.A.I.N.接続が「○」の車種でも、年式により適合しない場合があります,187000,123500
ホンダ,オデッセイ,RB3,08/10～13/11,K24A,,Fr：-130～-23mm<br>Rr：-125～-39mm,104169,,240402,92206-qq-e-49k,92206-qq-e-d-49k,4959094922063,92206,BLITZ,DAMPER ZZ-R BB,固定式ピロ/固定式ピロ,16.0/20.0,180/140,ID62ストレート/ID62ストレート,-130～-23mm<br>Rr：-125～-39,-,300mm,付属なし/付属なし,-,リア減衰延長ダイヤル取り付けにアッパーマウント上部鉄製カバー要穴あけ加工<br>ピロアッパーマウントを採用しているためショック作動音が聞こえやすくなります,リア用減衰延長ダイヤル取り付けにはパネル・スピーカーボードなどに穴あけ加工が必要になります<br>車高調整範囲はロアブラケット側で車高調整を行った場合の調整可能範囲になります(グレード・車両重量・車両誤差などにより調整範囲は変わる場合があります)<br>車高調整範囲内であってもインナーフェンダーなどに干渉する場合があります(最低地上高は各車ご確認の上、車高を設定してください)<br>DAMPER ZZ-Rシリーズを取り付けたことにより各装置の認識に使用されるレーダーやカメラ、センサー等の認識範囲がノーマル状態と異なり誤動作を起こす可能性も考えられます(各自動車メーカーの安全装置・衝突回避支援装置・運転支援装置装着車など誤動作の発生やそれに伴う事故などの損害についてメーカーではその責任を負うことができません)<br>DAMPER ZZ-Rシリーズ取り付け時、特にストラット式サスペンションの場合、純正ホイール・タイヤでもショックアブソーバーと干渉する可能性があります<br>B.R.A.I.N.接続が「○」の車種でも、年式により適合しない場合があります,187000,123500
レクサス,GS350,GRS191,05/08～12/01,2GR-FSE,,Fr：-100～-10mm<br>Rr：-120～-10mm,104169,,240391,92205-qq-e-38k,92205-qq-e-d-38k,4959094922056,92205,BLITZ,DAMPER ZZ-R BB,固定式ピロ/固定式ピロ,18.0/16.0,180/180,ID62ストレート/ID62ストレート,-100～-10mm<br>Rr：-120～-10,アッパーマウント上側,200mm,付属なし/付属なし,-,延長ダイヤル取り付けに要内装穴あけ加工または取り外し<br>ピロアッパーマウントを採用しているためショック作動音が聞こえやすくなります<br>車高調整範囲はARS210のデータになります,リア用減衰延長ダイヤル取り付けにはパネル・スピーカーボードなどに穴あけ加工が必要になります<br>車高調整範囲はロアブラケット側で車高調整を行った場合の調整可能範囲になります(グレード・車両重量・車両誤差などにより調整範囲は変わる場合があります)<br>車高調整範囲内であってもインナーフェンダーなどに干渉する場合があります(最低地上高は各車ご確認の上、車高を設定してください)<br>DAMPER ZZ-Rシリーズを取り付けたことにより各装置の認識に使用されるレーダーやカメラ、センサー等の認識範囲がノーマル状態と異なり誤動作を起こす可能性も考えられます(各自動車メーカーの安全装置・衝突回避支援装置・運転支援装置装着車など誤動作の発生やそれに伴う事故などの損害についてメーカーではその責任を負うことができません)<br>DAMPER ZZ-Rシリーズ取り付け時、特にストラット式サスペンションの場合、純正ホイール・タイヤでもショックアブソーバーと干渉する可能性があります<br>B.R.A.I.N.接続が「○」の車種でも、年式により適合しない場合があります,187000,123500
レクサス,GS430,UZS190,05/08～07/10,3UZ-FE,,Fr：-100～-10mm<br>Rr：-120～-10mm,104169,,240392,92205-qq-e-39k,92205-qq-e-d-39k,4959094922056,92205,BLITZ,DAMPER ZZ-R BB,固定式ピロ/固定式ピロ,18.0/16.0,180/180,ID62ストレート/ID62ストレート,-100～-10mm<br>Rr：-120～-10,アッパーマウント上側,200mm,付属なし/付属なし,-,延長ダイヤル取り付けに要内装穴あけ加工または取り外し<br>ピロアッパーマウントを採用しているためショック作動音が聞こえやすくなります<br>車高調整範囲はARS210のデータになります,リア用減衰延長ダイヤル取り付けにはパネル・スピーカーボードなどに穴あけ加工が必要になります<br>車高調整範囲はロアブラケット側で車高調整を行った場合の調整可能範囲になります(グレード・車両重量・車両誤差などにより調整範囲は変わる場合があります)<br>車高調整範囲内であってもインナーフェンダーなどに干渉する場合があります(最低地上高は各車ご確認の上、車高を設定してください)<br>DAMPER ZZ-Rシリーズを取り付けたことにより各装置の認識に使用されるレーダーやカメラ、センサー等の認識範囲がノーマル状態と異なり誤動作を起こす可能性も考えられます(各自動車メーカーの安全装置・衝突回避支援装置・運転支援装置装着車など誤動作の発生やそれに伴う事故などの損害についてメーカーではその責任を負うことができません)<br>DAMPER ZZ-Rシリーズ取り付け時、特にストラット式サスペンションの場合、純正ホイール・タイヤでもショックアブソーバーと干渉する可能性があります<br>B.R.A.I.N.接続が「○」の車種でも、年式により適合しない場合があります,187000,123500
