自動車メーカー,車種,型式,年式,エンジン型式,適合詳細,タイプ,販売価格,Camp価格,商品ID,物販コード,取付コード,JANコード,メーカー品番,メーカー名,商品名,仕様,備考,注意事項,定価,SET価格
スズキ,アルトターボRS,HA36S,15/03～,R06A,ターボ,Release,23929,,260130,70694-qq-e-183k,70694-qq-e-d-183k,4.95909E+12,70694,BLITZ,SUPER SOUND BLOW OFF VALVE BR,大気開放タイプ<br>アクセルオフ時に逆流した過給圧を大気へ開放するタイプ,,,29800,27400
スズキ,アルトワークス,HA22S,98/10～,K6A,,Release,23929,,260131,70660-qq-e-184k,70660-qq-e-d-184k,4.95909E+12,70660,BLITZ,SUPER SOUND BLOW OFF VALVE BR,大気開放タイプ<br>アクセルオフ時に逆流した過給圧を大気へ開放するタイプ,,,29800,27400
スズキ,アルトワークス,HA36S,15/12～,R06A,ターボ,Release,23929,,260132,70694-qq-e-185k,70694-qq-e-d-185k,4.95909E+12,70694,BLITZ,SUPER SOUND BLOW OFF VALVE BR,大気開放タイプ<br>アクセルオフ時に逆流した過給圧を大気へ開放するタイプ,,,29800,27400
スズキ,エブリイワゴン,DA17V/DA17W,15/02～,R06A,ターボ,Release,26256,,260133,70696-qq-e-186k,70696-qq-e-d-186k,4.95909E+12,70696,BLITZ,SUPER SOUND BLOW OFF VALVE BR,大気開放タイプ<br>アクセルオフ時に逆流した過給圧を大気へ開放するタイプ,,,32800,29600
スズキ,エブリイワゴン,DA17V/DA17W,15/02～,R06A,ターボ,Return,30727,,260134,70796-qq-e-187k,70796-qq-e-d-187k,4.95909E+12,70796,BLITZ,SUPER SOUND BLOW OFF VALVE BR,サクションリターンタイプ<br>アクセルオフ時に逆流した過給圧をホースを通じて純正同様にサクション側へリターンさせるタイプ<br>車検時も問題なし,,,38800,34100
スズキ,カプチーノ,EA11R/EA21R,91/11～,F6A/K6A,,Release,23929,,260135,70661-qq-e-188k,70661-qq-e-d-188k,4.95909E+12,70661,BLITZ,SUPER SOUND BLOW OFF VALVE BR,大気開放タイプ<br>アクセルオフ時に逆流した過給圧を大気へ開放するタイプ,,,29800,27400
スズキ,スイフトスポーツ,ZC33S,17/09～,K14C,ターボ,Release,26256,,260136,70678-qq-e-189k,70678-qq-e-d-189k,4.95909E+12,70678,BLITZ,SUPER SOUND BLOW OFF VALVE BR,大気開放タイプ<br>アクセルオフ時に逆流した過給圧を大気へ開放するタイプ,,,32800,29600
スズキ,スペーシアカスタム,MK53S,17/12～,R06A,ターボ,Release,26256,,260137,70679-qq-e-190k,70679-qq-e-d-190k,4.95909E+12,70679,BLITZ,SUPER SOUND BLOW OFF VALVE BR,大気開放タイプ<br>アクセルオフ時に逆流した過給圧を大気へ開放するタイプ,,,32800,29600
スズキ,スペーシアカスタム,MK53S,17/12～,R06A,ターボ,Return,30727,,260138,70779-qq-e-191k,70779-qq-e-d-191k,4.95909E+12,70779,BLITZ,SUPER SOUND BLOW OFF VALVE BR,サクションリターンタイプ<br>アクセルオフ時に逆流した過給圧をホースを通じて純正同様にサクション側へリターンさせるタイプ<br>車検時も問題なし,,,38800,34100
スズキ,スペーシアギア,MK53S,18/12～,R06A,ターボ,Release,26256,,260139,70677-qq-e-192k,70677-qq-e-d-192k,4.95909E+12,70677,BLITZ,SUPER SOUND BLOW OFF VALVE BR,大気開放タイプ<br>アクセルオフ時に逆流した過給圧を大気へ開放するタイプ,,,32800,29600
スズキ,スペーシアギア,MK53S,18/12～,R06A,ターボ,Return,30727,,260140,70777-qq-e-193k,70777-qq-e-d-193k,4.95909E+12,70777,BLITZ,SUPER SOUND BLOW OFF VALVE BR,サクションリターンタイプ<br>アクセルオフ時に逆流した過給圧をホースを通じて純正同様にサクション側へリターンさせるタイプ<br>車検時も問題なし,,,38800,34100
スズキ,ワゴンR,MC21S,98/10～00/12,K6A,ターボ<br>ABS装着車不可,Release,23929,,260141,70660-qq-e-194k,70660-qq-e-d-194k,4.95909E+12,70660,BLITZ,SUPER SOUND BLOW OFF VALVE BR,大気開放タイプ<br>アクセルオフ時に逆流した過給圧を大気へ開放するタイプ,,,29800,27400
スズキ,ワゴンR,MH21S,03/09～07/05,K6A,ターボ<br>Mターボ装着不可,Release,23929,,260142,70669-qq-e-195k,70669-qq-e-d-195k,4.95909E+12,70669,BLITZ,SUPER SOUND BLOW OFF VALVE BR,大気開放タイプ<br>アクセルオフ時に逆流した過給圧を大気へ開放するタイプ,,,29800,27400
スズキ,ワゴンR,MH21S,03/09～07/05,K6A,ターボ<br>Mターボ装着不可,Return,27758,,260143,70769-qq-e-196k,70769-qq-e-d-196k,4.95909E+12,70769,BLITZ,SUPER SOUND BLOW OFF VALVE BR,サクションリターンタイプ<br>アクセルオフ時に逆流した過給圧をホースを通じて純正同様にサクション側へリターンさせるタイプ<br>車検時も問題なし,,,34800,31100
スズキ,ワゴンRスティングレー,MH22S,07/02～08/09,K6A,ターボ<br>スティングレーDI専用,Release,23929,,260144,70669-qq-e-197k,70669-qq-e-d-197k,4.95909E+12,70669,BLITZ,SUPER SOUND BLOW OFF VALVE BR,大気開放タイプ<br>アクセルオフ時に逆流した過給圧を大気へ開放するタイプ,,,29800,27400
スズキ,ワゴンRスティングレー,MH22S,07/02～08/09,K6A,ターボ<br>スティングレーDI専用,Return,27758,,260145,70769-qq-e-198k,70769-qq-e-d-198k,4.95909E+12,70769,BLITZ,SUPER SOUND BLOW OFF VALVE BR,サクションリターンタイプ<br>アクセルオフ時に逆流した過給圧をホースを通じて純正同様にサクション側へリターンさせるタイプ<br>車検時も問題なし,,,34800,31100
スズキ,ワゴンRスティングレー,MH23S,08/09～12/09,K6A,ターボ,Release,23929,,260146,70669-qq-e-199k,70669-qq-e-d-199k,4.95909E+12,70669,BLITZ,SUPER SOUND BLOW OFF VALVE BR,大気開放タイプ<br>アクセルオフ時に逆流した過給圧を大気へ開放するタイプ,,,29800,27400
スズキ,ワゴンRスティングレー,MH23S,08/09～12/09,K6A,ターボ,Return,27758,,260147,70769-qq-e-200k,70769-qq-e-d-200k,4.95909E+12,70769,BLITZ,SUPER SOUND BLOW OFF VALVE BR,サクションリターンタイプ<br>アクセルオフ時に逆流した過給圧をホースを通じて純正同様にサクション側へリターンさせるタイプ<br>車検時も問題なし,,,34800,31100
スズキ,ワゴンRスティングレー,MH34S,12/09～14/08,R06A,ターボ,Release,26256,,260148,70670-qq-e-201k,70670-qq-e-d-201k,4.95909E+12,70670,BLITZ,SUPER SOUND BLOW OFF VALVE BR,大気開放タイプ<br>アクセルオフ時に逆流した過給圧を大気へ開放するタイプ,,,32800,29600
スズキ,ワゴンRスティングレー,MH44S,15/08～17/02,R06A,ターボ,Release,26256,,260149,70670-qq-e-202k,70670-qq-e-d-202k,4.95909E+12,70670,BLITZ,SUPER SOUND BLOW OFF VALVE BR,大気開放タイプ<br>アクセルオフ時に逆流した過給圧を大気へ開放するタイプ,,,32800,29600
スズキ,ワゴンRスティングレー,MH55S,17/02～,R06A,ターボ,Release,23929,,260150,70694-qq-e-203k,70694-qq-e-d-203k,4.95909E+12,70694,BLITZ,SUPER SOUND BLOW OFF VALVE BR,大気開放タイプ<br>アクセルオフ時に逆流した過給圧を大気へ開放するタイプ,,,29800,27400
スバル,WRX STI,VAB,14/08～,EJ20,,Release,23929,,260066,70681-qq-e-119k,70681-qq-e-d-119k,4.95909E+12,70681,BLITZ,SUPER SOUND BLOW OFF VALVE BR,大気開放タイプ<br>アクセルオフ時に逆流した過給圧を大気へ開放するタイプ,,,29800,27400
スバル,WRX STI,VAB,14/08～,EJ20,,Return,26256,,260067,70781-qq-e-120k,70781-qq-e-d-120k,4.95909E+12,70781,BLITZ,SUPER SOUND BLOW OFF VALVE BR,サクションリターンタイプ<br>アクセルオフ時に逆流した過給圧をホースを通じて純正同様にサクション側へリターンさせるタイプ<br>車検時も問題なし,リターンタイプ装着時は一部純正部品を併用,,32800,29600
スバル,WRX STI,VAF,14～,EJ25,USAモデル,Release,23929,,260068,70681-qq-e-121k,70681-qq-e-d-121k,4.95909E+12,70681,BLITZ,SUPER SOUND BLOW OFF VALVE BR,大気開放タイプ<br>アクセルオフ時に逆流した過給圧を大気へ開放するタイプ,,,29800,27400
スバル,WRX STI,VAF,14～,EJ25,USAモデル,Return,26256,,260069,70781-qq-e-122k,70781-qq-e-d-122k,4.95909E+12,70781,BLITZ,SUPER SOUND BLOW OFF VALVE BR,サクションリターンタイプ<br>アクセルオフ時に逆流した過給圧をホースを通じて純正同様にサクション側へリターンさせるタイプ<br>車検時も問題なし,リターンタイプ装着時は一部純正部品を併用,,32800,29600
スバル,インプレッサ,GC8,92/11～96/09,EJ20,Ver.1-2,Release,26256,,260070,70683-qq-e-123k,70683-qq-e-d-123k,4.95909E+12,70683,BLITZ,SUPER SOUND BLOW OFF VALVE BR,大気開放タイプ<br>アクセルオフ時に逆流した過給圧を大気へ開放するタイプ,,,32800,29600
スバル,インプレッサ,GC8,96/09～98/09,EJ20,Ver.3-4,Release,23929,,260071,70684-qq-e-124k,70684-qq-e-d-124k,4.95909E+12,70684,BLITZ,SUPER SOUND BLOW OFF VALVE BR,大気開放タイプ<br>アクセルオフ時に逆流した過給圧を大気へ開放するタイプ,,,29800,27400
スバル,インプレッサ,GC8,98/09～00/08,EJ20,Ver.5-6,Release,23929,,260072,70682-qq-e-125k,70682-qq-e-d-125k,4.95909E+12,70682,BLITZ,SUPER SOUND BLOW OFF VALVE BR,大気開放タイプ<br>アクセルオフ時に逆流した過給圧を大気へ開放するタイプ,,,29800,27400
スバル,インプレッサ,GC8,98/09～00/08,EJ20,Ver.5-6,Return,26256,,260073,70782-qq-e-126k,70782-qq-e-d-126k,4.95909E+12,70782,BLITZ,SUPER SOUND BLOW OFF VALVE BR,サクションリターンタイプ<br>アクセルオフ時に逆流した過給圧をホースを通じて純正同様にサクション側へリターンさせるタイプ<br>車検時も問題なし,リターンタイプ装着時は一部純正部品を併用,,32800,29600
スバル,インプレッサ,GDA/GDB,00/08～07/06,EJ20,,Release,23929,,260074,70681-qq-e-127k,70681-qq-e-d-127k,4.95909E+12,70681,BLITZ,SUPER SOUND BLOW OFF VALVE BR,大気開放タイプ<br>アクセルオフ時に逆流した過給圧を大気へ開放するタイプ,,,29800,27400
スバル,インプレッサ,GH8,07/06～,EJ20,,Release,23929,,260075,70687-qq-e-128k,70687-qq-e-d-128k,4.95909E+12,70687,BLITZ,SUPER SOUND BLOW OFF VALVE BR,大気開放タイプ<br>アクセルオフ時に逆流した過給圧を大気へ開放するタイプ,,,29800,27400
スバル,インプレッサ,GH8,07/06～,EJ20,,Return,29243,,260076,70787-qq-e-129k,70787-qq-e-d-129k,4.95909E+12,70787,BLITZ,SUPER SOUND BLOW OFF VALVE BR,サクションリターンタイプ<br>アクセルオフ時に逆流した過給圧をホースを通じて純正同様にサクション側へリターンさせるタイプ<br>車検時も問題なし,リターンタイプ装着時は一部純正部品を併用,,36800,32600
スバル,インプレッサ,GRB,07/10～,EJ20,,Release,23929,,260077,70681-qq-e-130k,70681-qq-e-d-130k,4.95909E+12,70681,BLITZ,SUPER SOUND BLOW OFF VALVE BR,大気開放タイプ<br>アクセルオフ時に逆流した過給圧を大気へ開放するタイプ,,,29800,27400
スバル,インプレッサ,GRB,07/10～,EJ20,,Return,26256,,260078,70781-qq-e-131k,70781-qq-e-d-131k,4.95909E+12,70781,BLITZ,SUPER SOUND BLOW OFF VALVE BR,サクションリターンタイプ<br>アクセルオフ時に逆流した過給圧をホースを通じて純正同様にサクション側へリターンさせるタイプ<br>車検時も問題なし,リターンタイプ装着時は一部純正部品を併用,,32800,29600
スバル,インプレッサ,GRF,09/02～,EJ25,,Release,23929,,260079,70681-qq-e-132k,70681-qq-e-d-132k,4.95909E+12,70681,BLITZ,SUPER SOUND BLOW OFF VALVE BR,大気開放タイプ<br>アクセルオフ時に逆流した過給圧を大気へ開放するタイプ,,,29800,27400
スバル,インプレッサ,GRF,09/02～,EJ25,,Return,26256,,260080,70781-qq-e-133k,70781-qq-e-d-133k,4.95909E+12,70781,BLITZ,SUPER SOUND BLOW OFF VALVE BR,サクションリターンタイプ<br>アクセルオフ時に逆流した過給圧をホースを通じて純正同様にサクション側へリターンさせるタイプ<br>車検時も問題なし,リターンタイプ装着時は一部純正部品を併用,,32800,29600
スバル,インプレッサ,GVB,10/06～,EJ20,,Release,23929,,260081,70681-qq-e-134k,70681-qq-e-d-134k,4.95909E+12,70681,BLITZ,SUPER SOUND BLOW OFF VALVE BR,大気開放タイプ<br>アクセルオフ時に逆流した過給圧を大気へ開放するタイプ,,,29800,27400
スバル,インプレッサ,GVB,10/06～,EJ20,,Return,26256,,260082,70781-qq-e-135k,70781-qq-e-d-135k,4.95909E+12,70781,BLITZ,SUPER SOUND BLOW OFF VALVE BR,サクションリターンタイプ<br>アクセルオフ時に逆流した過給圧をホースを通じて純正同様にサクション側へリターンさせるタイプ<br>車検時も問題なし,リターンタイプ装着時は一部純正部品を併用,,32800,29600
スバル,インプレッサ,GVF,10/06～,EJ25,,Release,23929,,260083,70681-qq-e-136k,70681-qq-e-d-136k,4.95909E+12,70681,BLITZ,SUPER SOUND BLOW OFF VALVE BR,大気開放タイプ<br>アクセルオフ時に逆流した過給圧を大気へ開放するタイプ,,,29800,27400
スバル,インプレッサ,GVF,10/06～,EJ25,,Return,26256,,260084,70781-qq-e-137k,70781-qq-e-d-137k,4.95909E+12,70781,BLITZ,SUPER SOUND BLOW OFF VALVE BR,サクションリターンタイプ<br>アクセルオフ時に逆流した過給圧をホースを通じて純正同様にサクション側へリターンさせるタイプ<br>車検時も問題なし,リターンタイプ装着時は一部純正部品を併用,,32800,29600
スバル,インプレッサスポーツワゴン,GF8,92/11～96/09,EJ20,Ver.1-2,Release,26256,,260085,70683-qq-e-138k,70683-qq-e-d-138k,4.95909E+12,70683,BLITZ,SUPER SOUND BLOW OFF VALVE BR,大気開放タイプ<br>アクセルオフ時に逆流した過給圧を大気へ開放するタイプ,,,32800,29600
スバル,インプレッサスポーツワゴン,GF8,96/09～98/09,EJ20,Ver.3-4,Release,23929,,260086,70684-qq-e-139k,70684-qq-e-d-139k,4.95909E+12,70684,BLITZ,SUPER SOUND BLOW OFF VALVE BR,大気開放タイプ<br>アクセルオフ時に逆流した過給圧を大気へ開放するタイプ,,,29800,27400
スバル,インプレッサスポーツワゴン,GF8,98/09～00/08,EJ20,Ver.5-6,Release,23929,,260087,70682-qq-e-140k,70682-qq-e-d-140k,4.95909E+12,70682,BLITZ,SUPER SOUND BLOW OFF VALVE BR,大気開放タイプ<br>アクセルオフ時に逆流した過給圧を大気へ開放するタイプ,,,29800,27400
スバル,インプレッサスポーツワゴン,GF8,98/09～00/08,EJ20,Ver.5-6,Return,26256,,260088,70782-qq-e-141k,70782-qq-e-d-141k,4.95909E+12,70782,BLITZ,SUPER SOUND BLOW OFF VALVE BR,サクションリターンタイプ<br>アクセルオフ時に逆流した過給圧をホースを通じて純正同様にサクション側へリターンさせるタイプ<br>車検時も問題なし,リターンタイプ装着時は一部純正部品を併用,,32800,29600
スバル,インプレッサスポーツワゴン,GGA/GGB,00/08～04/06,EJ20,,Release,23929,,260089,70681-qq-e-142k,70681-qq-e-d-142k,4.95909E+12,70681,BLITZ,SUPER SOUND BLOW OFF VALVE BR,大気開放タイプ<br>アクセルオフ時に逆流した過給圧を大気へ開放するタイプ,,,29800,27400
スバル,エクシーガ,YA5,08/06～10/04,EJ20,,Release,23929,,260090,70687-qq-e-143k,70687-qq-e-d-143k,4.95909E+12,70687,BLITZ,SUPER SOUND BLOW OFF VALVE BR,大気開放タイプ<br>アクセルオフ時に逆流した過給圧を大気へ開放するタイプ,,,29800,27400
スバル,エクシーガ,YA5,08/06～10/04,EJ20,,Return,29243,,260091,70787-qq-e-144k,70787-qq-e-d-144k,4.95909E+12,70787,BLITZ,SUPER SOUND BLOW OFF VALVE BR,サクションリターンタイプ<br>アクセルオフ時に逆流した過給圧をホースを通じて純正同様にサクション側へリターンさせるタイプ<br>車検時も問題なし,リターンタイプ装着時は一部純正部品を併用,,36800,32600
スバル,ジャスティ,M900F,16/11～,1KR-VET,,Release,26256,,260092,70692-qq-e-145k,70692-qq-e-d-145k,4.95909E+12,70692,BLITZ,SUPER SOUND BLOW OFF VALVE BR,大気開放タイプ<br>アクセルオフ時に逆流した過給圧を大気へ開放するタイプ,,,32800,29600
スバル,ジャスティ,M900F,16/11～,1KR-VET,,Return,29243,,260093,70792-qq-e-146k,70792-qq-e-d-146k,4.95909E+12,70792,BLITZ,SUPER SOUND BLOW OFF VALVE BR,サクションリターンタイプ<br>アクセルオフ時に逆流した過給圧をホースを通じて純正同様にサクション側へリターンさせるタイプ<br>車検時も問題なし,,,36800,32600
スバル,ジャスティカスタム,M900F,16/11～,1KR-VET,,Release,26256,,260094,70692-qq-e-147k,70692-qq-e-d-147k,4.95909E+12,70692,BLITZ,SUPER SOUND BLOW OFF VALVE BR,大気開放タイプ<br>アクセルオフ時に逆流した過給圧を大気へ開放するタイプ,,,32800,29600
スバル,ジャスティカスタム,M900F,16/11～,1KR-VET,,Return,29243,,260095,70792-qq-e-148k,70792-qq-e-d-148k,4.95909E+12,70792,BLITZ,SUPER SOUND BLOW OFF VALVE BR,サクションリターンタイプ<br>アクセルオフ時に逆流した過給圧をホースを通じて純正同様にサクション側へリターンさせるタイプ<br>車検時も問題なし,,,36800,32600
スバル,フォレスター,SF5,97/02～98/09,EJ20,TRC付不可,Release,23929,,260096,70684-qq-e-149k,70684-qq-e-d-149k,4.95909E+12,70684,BLITZ,SUPER SOUND BLOW OFF VALVE BR,大気開放タイプ<br>アクセルオフ時に逆流した過給圧を大気へ開放するタイプ,,,29800,27400
スバル,フォレスター,SF5,98/09～02/02,EJ20,TRC付不可,Release,23929,,260097,70682-qq-e-150k,70682-qq-e-d-150k,4.95909E+12,70682,BLITZ,SUPER SOUND BLOW OFF VALVE BR,大気開放タイプ<br>アクセルオフ時に逆流した過給圧を大気へ開放するタイプ,,,29800,27400
スバル,フォレスター,SF5,98/09～02/02,EJ20,TRC付不可,Return,26256,,260098,70782-qq-e-151k,70782-qq-e-d-151k,4.95909E+12,70782,BLITZ,SUPER SOUND BLOW OFF VALVE BR,サクションリターンタイプ<br>アクセルオフ時に逆流した過給圧をホースを通じて純正同様にサクション側へリターンさせるタイプ<br>車検時も問題なし,リターンタイプ装着時は一部純正部品を併用,,32800,29600
スバル,フォレスター,SG9,04/02～07/12,EJ25,全年式共通,Release,23929,,260099,70681-qq-e-152k,70681-qq-e-d-152k,4.95909E+12,70681,BLITZ,SUPER SOUND BLOW OFF VALVE BR,大気開放タイプ<br>アクセルオフ時に逆流した過給圧を大気へ開放するタイプ,,,29800,27400
スバル,フォレスター,SH5,07/12～,EJ20,,Release,23929,,260100,70687-qq-e-153k,70687-qq-e-d-153k,4.95909E+12,70687,BLITZ,SUPER SOUND BLOW OFF VALVE BR,大気開放タイプ<br>アクセルオフ時に逆流した過給圧を大気へ開放するタイプ,,,29800,27400
スバル,フォレスター,SH5,07/12～,EJ20,,Return,29243,,260101,70787-qq-e-154k,70787-qq-e-d-154k,4.95909E+12,70787,BLITZ,SUPER SOUND BLOW OFF VALVE BR,サクションリターンタイプ<br>アクセルオフ時に逆流した過給圧をホースを通じて純正同様にサクション側へリターンさせるタイプ<br>車検時も問題なし,リターンタイプ装着時は一部純正部品を併用,,36800,32600
スバル,レガシィ,BD5,93/10～98/12,EJ20,,Release,26256,,260102,70680-qq-e-155k,70680-qq-e-d-155k,4.95909E+12,70680,BLITZ,SUPER SOUND BLOW OFF VALVE BR,大気開放タイプ<br>アクセルオフ時に逆流した過給圧を大気へ開放するタイプ,,,32800,29600
スバル,レガシィB4,BE5,98/12～03/06,EJ20,VDC付き車両装着不可,Release,23929,,260103,70682-qq-e-156k,70682-qq-e-d-156k,4.95909E+12,70682,BLITZ,SUPER SOUND BLOW OFF VALVE BR,大気開放タイプ<br>アクセルオフ時に逆流した過給圧を大気へ開放するタイプ,,,29800,27400
スバル,レガシィB4,BE5,98/12～03/06,EJ20,VDC付き車両装着不可,Return,26256,,260104,70782-qq-e-157k,70782-qq-e-d-157k,4.95909E+12,70782,BLITZ,SUPER SOUND BLOW OFF VALVE BR,サクションリターンタイプ<br>アクセルオフ時に逆流した過給圧をホースを通じて純正同様にサクション側へリターンさせるタイプ<br>車検時も問題なし,リターンタイプ装着時は一部純正部品を併用,,32800,29600
スバル,レガシィB4,BL5,03/06～09/05,EJ20,A型-F型共通,Release,23929,,260105,70687-qq-e-158k,70687-qq-e-d-158k,4.95909E+12,70687,BLITZ,SUPER SOUND BLOW OFF VALVE BR,大気開放タイプ<br>アクセルオフ時に逆流した過給圧を大気へ開放するタイプ,エンジンカバー加工有,,29800,27400
スバル,レガシィB4,BL5,03/06～09/05,EJ20,A型-F型共通,Return,29243,,260106,70787-qq-e-159k,70787-qq-e-d-159k,4.95909E+12,70787,BLITZ,SUPER SOUND BLOW OFF VALVE BR,サクションリターンタイプ<br>アクセルオフ時に逆流した過給圧をホースを通じて純正同様にサクション側へリターンさせるタイプ<br>車検時も問題なし,リターンタイプ装着時は一部純正部品を併用<br>エンジンカバー加工有,,36800,32600
スバル,レガシィツーリングワゴン,BG5,93/10～98/06,EJ20,,Release,26256,,260107,70680-qq-e-160k,70680-qq-e-d-160k,4.95909E+12,70680,BLITZ,SUPER SOUND BLOW OFF VALVE BR,大気開放タイプ<br>アクセルオフ時に逆流した過給圧を大気へ開放するタイプ,,,32800,29600
スバル,レガシィツーリングワゴン,BH5,98/06～03/05,EJ20,VDC付き車両装着不可,Release,23929,,260108,70682-qq-e-161k,70682-qq-e-d-161k,4.95909E+12,70682,BLITZ,SUPER SOUND BLOW OFF VALVE BR,大気開放タイプ<br>アクセルオフ時に逆流した過給圧を大気へ開放するタイプ,,,29800,27400
スバル,レガシィツーリングワゴン,BH5,98/06～03/05,EJ20,VDC付き車両装着不可,Return,26256,,260109,70782-qq-e-162k,70782-qq-e-d-162k,4.95909E+12,70782,BLITZ,SUPER SOUND BLOW OFF VALVE BR,サクションリターンタイプ<br>アクセルオフ時に逆流した過給圧をホースを通じて純正同様にサクション側へリターンさせるタイプ<br>車検時も問題なし,リターンタイプ装着時は一部純正部品を併用,,32800,29600
スバル,レガシィツーリングワゴン,BP5,03/05～09/05,EJ20,A型-F型共通,Release,23929,,260110,70687-qq-e-163k,70687-qq-e-d-163k,4.95909E+12,70687,BLITZ,SUPER SOUND BLOW OFF VALVE BR,大気開放タイプ<br>アクセルオフ時に逆流した過給圧を大気へ開放するタイプ,エンジンカバー加工有,,29800,27400
スバル,レガシィツーリングワゴン,BP5,03/05～09/05,EJ20,A型-F型共通,Return,29243,,260111,70787-qq-e-164k,70787-qq-e-d-164k,4.95909E+12,70787,BLITZ,SUPER SOUND BLOW OFF VALVE BR,サクションリターンタイプ<br>アクセルオフ時に逆流した過給圧をホースを通じて純正同様にサクション側へリターンさせるタイプ<br>車検時も問題なし,リターンタイプ装着時は一部純正部品を併用<br>エンジンカバー加工有,,36800,32600
ダイハツ,YRV,M201G/M211G,00/08～,K3-VET,,Release,26256,,260151,70668-qq-e-204k,70668-qq-e-d-204k,4.95909E+12,70668,BLITZ,SUPER SOUND BLOW OFF VALVE BR,大気開放タイプ<br>アクセルオフ時に逆流した過給圧を大気へ開放するタイプ,,,32800,29600
ダイハツ,キャストアクティバ,LA250S/LA260S,15/09～,KF,ターボ,Release,26256,,260152,70693-qq-e-205k,70693-qq-e-d-205k,4.95909E+12,70693,BLITZ,SUPER SOUND BLOW OFF VALVE BR,大気開放タイプ<br>アクセルオフ時に逆流した過給圧を大気へ開放するタイプ,,,32800,29600
ダイハツ,キャストアクティバ,LA250S/LA260S,15/09～,KF,ターボ,Return,29243,,260153,70793-qq-e-206k,70793-qq-e-d-206k,4.95909E+12,70793,BLITZ,SUPER SOUND BLOW OFF VALVE BR,サクションリターンタイプ<br>アクセルオフ時に逆流した過給圧をホースを通じて純正同様にサクション側へリターンさせるタイプ<br>車検時も問題なし,リターンタイプ装着時は一部純正部品を併用,,36800,32600
ダイハツ,キャストスタイル,LA250S/LA260S,15/09～,KF,ターボ,Release,26256,,260154,70693-qq-e-207k,70693-qq-e-d-207k,4.95909E+12,70693,BLITZ,SUPER SOUND BLOW OFF VALVE BR,大気開放タイプ<br>アクセルオフ時に逆流した過給圧を大気へ開放するタイプ,,,32800,29600
ダイハツ,キャストスタイル,LA250S/LA260S,15/09～,KF,ターボ,Return,29243,,260155,70793-qq-e-208k,70793-qq-e-d-208k,4.95909E+12,70793,BLITZ,SUPER SOUND BLOW OFF VALVE BR,サクションリターンタイプ<br>アクセルオフ時に逆流した過給圧をホースを通じて純正同様にサクション側へリターンさせるタイプ<br>車検時も問題なし,リターンタイプ装着時は一部純正部品を併用,,36800,32600
ダイハツ,キャストスポーツ,LA250S/LA260S,15/10～,KF,ターボ,Release,26256,,260156,70693-qq-e-209k,70693-qq-e-d-209k,4.95909E+12,70693,BLITZ,SUPER SOUND BLOW OFF VALVE BR,大気開放タイプ<br>アクセルオフ時に逆流した過給圧を大気へ開放するタイプ,,,32800,29600
ダイハツ,キャストスポーツ,LA250S/LA260S,15/10～,KF,ターボ,Return,29243,,260157,70793-qq-e-210k,70793-qq-e-d-210k,4.95909E+12,70793,BLITZ,SUPER SOUND BLOW OFF VALVE BR,サクションリターンタイプ<br>アクセルオフ時に逆流した過給圧をホースを通じて純正同様にサクション側へリターンさせるタイプ<br>車検時も問題なし,リターンタイプ装着時は一部純正部品を併用,,36800,32600
ダイハツ,コペンエクスプレイ,LA400K,14/11～,KF,ターボ,Release,23929,,260160,70689-qq-e-213k,70689-qq-e-d-213k,4.95909E+12,70689,BLITZ,SUPER SOUND BLOW OFF VALVE BR,大気開放タイプ<br>アクセルオフ時に逆流した過給圧を大気へ開放するタイプ,,,29800,27400
ダイハツ,コペンエクスプレイ,LA400K,14/11～,KF,ターボ,Return,23929,,260161,70789-qq-e-214k,70789-qq-e-d-214k,4.95909E+12,70789,BLITZ,SUPER SOUND BLOW OFF VALVE BR,サクションリターンタイプ<br>アクセルオフ時に逆流した過給圧をホースを通じて純正同様にサクション側へリターンさせるタイプ<br>車検時も問題なし,リターンタイプ装着時は一部純正部品を併用,,29800,27400
ダイハツ,コペンセロ,LA400K,15/06～,KF,ターボ,Release,23929,,260162,70689-qq-e-215k,70689-qq-e-d-215k,4.95909E+12,70689,BLITZ,SUPER SOUND BLOW OFF VALVE BR,大気開放タイプ<br>アクセルオフ時に逆流した過給圧を大気へ開放するタイプ,,,29800,27400
ダイハツ,コペンセロ,LA400K,15/06～,KF,ターボ,Return,23929,,260163,70789-qq-e-216k,70789-qq-e-d-216k,4.95909E+12,70789,BLITZ,SUPER SOUND BLOW OFF VALVE BR,サクションリターンタイプ<br>アクセルオフ時に逆流した過給圧をホースを通じて純正同様にサクション側へリターンさせるタイプ<br>車検時も問題なし,リターンタイプ装着時は一部純正部品を併用,,29800,27400
ダイハツ,コペンローブ,LA400K,14/06～,KF,ターボ,Release,23929,,260158,70689-qq-e-211k,70689-qq-e-d-211k,4.95909E+12,70689,BLITZ,SUPER SOUND BLOW OFF VALVE BR,大気開放タイプ<br>アクセルオフ時に逆流した過給圧を大気へ開放するタイプ,,,29800,27400
ダイハツ,コペンローブ,LA400K,14/06～,KF,ターボ,Return,23929,,260159,70789-qq-e-212k,70789-qq-e-d-212k,4.95909E+12,70789,BLITZ,SUPER SOUND BLOW OFF VALVE BR,サクションリターンタイプ<br>アクセルオフ時に逆流した過給圧をホースを通じて純正同様にサクション側へリターンさせるタイプ<br>車検時も問題なし,リターンタイプ装着時は一部純正部品を併用,,29800,27400
ダイハツ,タント,LA600S/LA610S,13/10～,KF,ターボ,Release,26256,,260164,70693-qq-e-217k,70693-qq-e-d-217k,4.95909E+12,70693,BLITZ,SUPER SOUND BLOW OFF VALVE BR,大気開放タイプ<br>アクセルオフ時に逆流した過給圧を大気へ開放するタイプ,,,32800,29600
ダイハツ,タント,LA600S/LA610S,13/10～,KF,ターボ,Return,29243,,260165,70793-qq-e-218k,70793-qq-e-d-218k,4.95909E+12,70793,BLITZ,SUPER SOUND BLOW OFF VALVE BR,サクションリターンタイプ<br>アクセルオフ時に逆流した過給圧をホースを通じて純正同様にサクション側へリターンさせるタイプ<br>車検時も問題なし,リターンタイプ装着時は一部純正部品を併用,,36800,32600
ダイハツ,タントカスタム,LA600S/LA610S,13/10～,KF,ターボ,Release,26256,,260166,70693-qq-e-219k,70693-qq-e-d-219k,4.95909E+12,70693,BLITZ,SUPER SOUND BLOW OFF VALVE BR,大気開放タイプ<br>アクセルオフ時に逆流した過給圧を大気へ開放するタイプ,,,32800,29600
ダイハツ,タントカスタム,LA600S/LA610S,13/10～,KF,ターボ,Return,29243,,260167,70793-qq-e-220k,70793-qq-e-d-220k,4.95909E+12,70793,BLITZ,SUPER SOUND BLOW OFF VALVE BR,サクションリターンタイプ<br>アクセルオフ時に逆流した過給圧をホースを通じて純正同様にサクション側へリターンさせるタイプ<br>車検時も問題なし,リターンタイプ装着時は一部純正部品を併用,,36800,32600
ダイハツ,トール,M900S,16/11～,1KR-VET,,Release,26256,,260168,70692-qq-e-221k,70692-qq-e-d-221k,4.95909E+12,70692,BLITZ,SUPER SOUND BLOW OFF VALVE BR,大気開放タイプ<br>アクセルオフ時に逆流した過給圧を大気へ開放するタイプ,,,32800,29600
ダイハツ,トール,M900S,16/11～,1KR-VET,,Return,29243,,260169,70792-qq-e-222k,70792-qq-e-d-222k,4.95909E+12,70792,BLITZ,SUPER SOUND BLOW OFF VALVE BR,サクションリターンタイプ<br>アクセルオフ時に逆流した過給圧をホースを通じて純正同様にサクション側へリターンさせるタイプ<br>車検時も問題なし,,,36800,32600
ダイハツ,トールカスタム,M900S,16/11～,1KR-VET,,Release,26256,,260170,70692-qq-e-223k,70692-qq-e-d-223k,4.95909E+12,70692,BLITZ,SUPER SOUND BLOW OFF VALVE BR,大気開放タイプ<br>アクセルオフ時に逆流した過給圧を大気へ開放するタイプ,,,32800,29600
ダイハツ,トールカスタム,M900S,16/11～,1KR-VET,,Return,29243,,260171,70792-qq-e-224k,70792-qq-e-d-224k,4.95909E+12,70792,BLITZ,SUPER SOUND BLOW OFF VALVE BR,サクションリターンタイプ<br>アクセルオフ時に逆流した過給圧をホースを通じて純正同様にサクション側へリターンさせるタイプ<br>車検時も問題なし,,,36800,32600
ダイハツ,ムーヴ,L152S,02/10～06/10,JB-DET,,Release,26256,,260173,70667-qq-e-226k,70667-qq-e-d-226k,4.95909E+12,70667,BLITZ,SUPER SOUND BLOW OFF VALVE BR,大気開放タイプ<br>アクセルオフ時に逆流した過給圧を大気へ開放するタイプ,,,32800,29600
ダイハツ,ムーヴ,L175S,06/10～10/12,KF-DET,,Release,23929,,260174,70662-qq-e-227k,70662-qq-e-d-227k,4.95909E+12,70662,BLITZ,SUPER SOUND BLOW OFF VALVE BR,大気開放タイプ<br>アクセルオフ時に逆流した過給圧を大気へ開放するタイプ,,,29800,27400
ダイハツ,ムーヴ,L175S,06/10～10/12,KF-DET,,Return,26256,,260175,70762-qq-e-228k,70762-qq-e-d-228k,4.95909E+12,70762,BLITZ,SUPER SOUND BLOW OFF VALVE BR,サクションリターンタイプ<br>アクセルオフ時に逆流した過給圧をホースを通じて純正同様にサクション側へリターンさせるタイプ<br>車検時も問題なし,,,32800,29600
ダイハツ,ムーヴ,L902S,98/10～02/10,JB-DET,,Release,26256,,260172,70666-qq-e-225k,70666-qq-e-d-225k,4.95909E+12,70666,BLITZ,SUPER SOUND BLOW OFF VALVE BR,大気開放タイプ<br>アクセルオフ時に逆流した過給圧を大気へ開放するタイプ,,,32800,29600
ダイハツ,ムーヴ,LA100S,10/12～,KF,ターボ,Release,26256,,260176,70688-qq-e-229k,70688-qq-e-d-229k,4.95909E+12,70688,BLITZ,SUPER SOUND BLOW OFF VALVE BR,大気開放タイプ<br>アクセルオフ時に逆流した過給圧を大気へ開放するタイプ,,,32800,29600
ダイハツ,ムーヴ,LA100S,10/12～,KF,ターボ,Release,30727,,260177,70788-qq-e-230k,70788-qq-e-d-230k,4.95909E+12,70788,BLITZ,SUPER SOUND BLOW OFF VALVE BR,大気開放タイプ<br>アクセルオフ時に逆流した過給圧を大気へ開放するタイプ,,,38800,34100
トヨタ,MR2,SW20,89/10～,3S-GTE,,Release,23929,,259953,70647-qq-e-1k,70647-qq-e-d-1k,4.95909E+12,70647,BLITZ,SUPER SOUND BLOW OFF VALVE BR,大気開放タイプ<br>アクセルオフ時に逆流した過給圧を大気へ開放するタイプ,,,29800,27400
トヨタ,アリスト,JZS147,91/10～97/08,2JZ-GTE,,Release,26256,,259954,70640-qq-e-2k,70640-qq-e-d-2k,4.95909E+12,70640,BLITZ,SUPER SOUND BLOW OFF VALVE BR,大気開放タイプ<br>アクセルオフ時に逆流した過給圧を大気へ開放するタイプ,,,32800,29600
トヨタ,アリスト,JZS161,00/07～,2JZ-GTE,MC前取り付け不可,Release,23929,,259955,70644-qq-e-3k,70644-qq-e-d-3k,4.95909E+12,70644,BLITZ,SUPER SOUND BLOW OFF VALVE BR,大気開放タイプ<br>アクセルオフ時に逆流した過給圧を大気へ開放するタイプ,,,29800,27400
トヨタ,ヴェロッサ,JZX110,01/07～,1JZ-GTE,,Release,23929,,259956,70646-qq-e-4k,70646-qq-e-d-4k,4.95909E+12,70646,BLITZ,SUPER SOUND BLOW OFF VALVE BR,大気開放タイプ<br>アクセルオフ時に逆流した過給圧を大気へ開放するタイプ,,,29800,27400
トヨタ,ヴェロッサ,JZX110,01/07～,1JZ-GTE,,Return,29243,,259957,70746-qq-e-5k,70746-qq-e-d-5k,4.95909E+12,70746,BLITZ,SUPER SOUND BLOW OFF VALVE BR,サクションリターンタイプ<br>アクセルオフ時に逆流した過給圧をホースを通じて純正同様にサクション側へリターンさせるタイプ<br>車検時も問題なし,,,36800,32600
トヨタ,カルディナ,ST215W,97/09～02/09,3S-GTE,,Release,26256,,259958,70649-qq-e-6k,70649-qq-e-d-6k,4.95909E+12,70649,BLITZ,SUPER SOUND BLOW OFF VALVE BR,大気開放タイプ<br>アクセルオフ時に逆流した過給圧を大気へ開放するタイプ,BLITZ製コアタイプエアークリーナーシリーズとの併用不可,,32800,29600
トヨタ,カルディナ,ST246W,02/09～05/01,3S-GTE,,Release,26256,,259959,70649-qq-e-7k,70649-qq-e-d-7k,4.95909E+12,70649,BLITZ,SUPER SOUND BLOW OFF VALVE BR,大気開放タイプ<br>アクセルオフ時に逆流した過給圧を大気へ開放するタイプ,BLITZ製コアタイプエアークリーナーシリーズとの併用不可,,32800,29600
トヨタ,カルディナ,ST246W,05/01～,3S-GTE,ストラットタワーバー装着車不可,Release,26256,,259960,70649-qq-e-8k,70649-qq-e-d-8k,4.95909E+12,70649,BLITZ,SUPER SOUND BLOW OFF VALVE BR,大気開放タイプ<br>アクセルオフ時に逆流した過給圧を大気へ開放するタイプ,BLITZ製コアタイプエアークリーナーシリーズとの併用不可,,32800,29600
トヨタ,クレスタ,JZX100,96/09～,1JZ-GTE,,Release,23929,,259963,70646-qq-e-11k,70646-qq-e-d-11k,4.95909E+12,70646,BLITZ,SUPER SOUND BLOW OFF VALVE BR,大気開放タイプ<br>アクセルオフ時に逆流した過給圧を大気へ開放するタイプ,,,29800,27400
トヨタ,クレスタ,JZX100,96/09～,1JZ-GTE,,Return,29243,,259964,70746-qq-e-12k,70746-qq-e-d-12k,4.95909E+12,70746,BLITZ,SUPER SOUND BLOW OFF VALVE BR,サクションリターンタイプ<br>アクセルオフ時に逆流した過給圧をホースを通じて純正同様にサクション側へリターンさせるタイプ<br>車検時も問題なし,,,36800,32600
トヨタ,クレスタ,JZX81,90/08～92/10,1JZ-GTE,,Release,26256,,259961,70645-qq-e-9k,70645-qq-e-d-9k,4.95909E+12,70645,BLITZ,SUPER SOUND BLOW OFF VALVE BR,大気開放タイプ<br>アクセルオフ時に逆流した過給圧を大気へ開放するタイプ,,,32800,29600
トヨタ,クレスタ,JZX90,92/10～96/09,1JZ-GTE,,Release,26256,,259962,70645-qq-e-10k,70645-qq-e-d-10k,4.95909E+12,70645,BLITZ,SUPER SOUND BLOW OFF VALVE BR,大気開放タイプ<br>アクセルオフ時に逆流した過給圧を大気へ開放するタイプ,,,32800,29600
トヨタ,スープラ,JZA70,90/08～93/05,1JZ-GTE,,Release,26256,,259966,70645-qq-e-14k,70645-qq-e-d-14k,4.95909E+12,70645,BLITZ,SUPER SOUND BLOW OFF VALVE BR,大気開放タイプ<br>アクセルオフ時に逆流した過給圧を大気へ開放するタイプ,,,32800,29600
トヨタ,スープラ,JZA80,93/05～,2JZ-GTE,全年式共通,Release,23929,,259967,70644-qq-e-15k,70644-qq-e-d-15k,4.95909E+12,70644,BLITZ,SUPER SOUND BLOW OFF VALVE BR,大気開放タイプ<br>アクセルオフ時に逆流した過給圧を大気へ開放するタイプ,,,29800,27400
トヨタ,スープラ,MA70,86/02～90/08,7M-GTEU,,Release,26256,,259965,70641-qq-e-13k,70641-qq-e-d-13k,4.95909E+12,70641,BLITZ,SUPER SOUND BLOW OFF VALVE BR,大気開放タイプ<br>アクセルオフ時に逆流した過給圧を大気へ開放するタイプ,,,32800,29600
トヨタ,セリカ,ST205,94/02～99/09,3S-GTE,,Release,26256,,259970,70649-qq-e-18k,70649-qq-e-d-18k,4.95909E+12,70649,BLITZ,SUPER SOUND BLOW OFF VALVE BR,大気開放タイプ<br>アクセルオフ時に逆流した過給圧を大気へ開放するタイプ,BLITZ製コアタイプエアークリーナーシリーズとの併用不可,,32800,29600
トヨタ,ソアラ,JZZ30,91/05～96/08,1JZ-GTE,ツインターボ(MC前),Release,26256,,259972,70645-qq-e-20k,70645-qq-e-d-20k,4.95909E+12,70645,BLITZ,SUPER SOUND BLOW OFF VALVE BR,大気開放タイプ<br>アクセルオフ時に逆流した過給圧を大気へ開放するタイプ,,,32800,29600
トヨタ,ソアラ,JZZ30,96/08～01/04,1JZ-GTE,シングルターボ(VVT-i搭載車)<br>MC後,Release,23929,,259973,70646-qq-e-21k,70646-qq-e-d-21k,4.95909E+12,70646,BLITZ,SUPER SOUND BLOW OFF VALVE BR,大気開放タイプ<br>アクセルオフ時に逆流した過給圧を大気へ開放するタイプ,,,29800,27400
トヨタ,ソアラ,JZZ30,96/08～01/04,1JZ-GTE,シングルターボ(VVT-i搭載車)<br>MC後,Return,29243,,259974,70746-qq-e-22k,70746-qq-e-d-22k,4.95909E+12,70746,BLITZ,SUPER SOUND BLOW OFF VALVE BR,サクションリターンタイプ<br>アクセルオフ時に逆流した過給圧をホースを通じて純正同様にサクション側へリターンさせるタイプ<br>車検時も問題なし,,,36800,32600
トヨタ,ソアラ,MZ20/MZ21,86/02～91/05,7M-GTEU,,Release,26256,,259971,70641-qq-e-19k,70641-qq-e-d-19k,4.95909E+12,70641,BLITZ,SUPER SOUND BLOW OFF VALVE BR,大気開放タイプ<br>アクセルオフ時に逆流した過給圧を大気へ開放するタイプ,,,32800,29600
トヨタ,タンク,M900A,16/11～,1KR-VET,,Release,26256,,259975,70692-qq-e-23k,70692-qq-e-d-23k,4.95909E+12,70692,BLITZ,SUPER SOUND BLOW OFF VALVE BR,大気開放タイプ<br>アクセルオフ時に逆流した過給圧を大気へ開放するタイプ,,,32800,29600
トヨタ,タンク,M900A,16/11～,1KR-VET,,Return,29243,,259976,70792-qq-e-24k,70792-qq-e-d-24k,4.95909E+12,70792,BLITZ,SUPER SOUND BLOW OFF VALVE BR,サクションリターンタイプ<br>アクセルオフ時に逆流した過給圧をホースを通じて純正同様にサクション側へリターンさせるタイプ<br>車検時も問題なし,,,36800,32600
トヨタ,チェイサー,JZX100,96/09～,1JZ-GTE,,Release,23929,,259979,70646-qq-e-27k,70646-qq-e-d-27k,4.95909E+12,70646,BLITZ,SUPER SOUND BLOW OFF VALVE BR,大気開放タイプ<br>アクセルオフ時に逆流した過給圧を大気へ開放するタイプ,,,29800,27400
トヨタ,チェイサー,JZX100,96/09～,1JZ-GTE,,Return,29243,,259980,70746-qq-e-28k,70746-qq-e-d-28k,4.95909E+12,70746,BLITZ,SUPER SOUND BLOW OFF VALVE BR,サクションリターンタイプ<br>アクセルオフ時に逆流した過給圧をホースを通じて純正同様にサクション側へリターンさせるタイプ<br>車検時も問題なし,,,36800,32600
トヨタ,チェイサー,JZX81,90/08～92/10,1JZ-GTE,,Release,26256,,259977,70645-qq-e-25k,70645-qq-e-d-25k,4.95909E+12,70645,BLITZ,SUPER SOUND BLOW OFF VALVE BR,大気開放タイプ<br>アクセルオフ時に逆流した過給圧を大気へ開放するタイプ,,,32800,29600
トヨタ,チェイサー,JZX90,92/10～96/09,1JZ-GTE,,Release,26256,,259978,70645-qq-e-26k,70645-qq-e-d-26k,4.95909E+12,70645,BLITZ,SUPER SOUND BLOW OFF VALVE BR,大気開放タイプ<br>アクセルオフ時に逆流した過給圧を大気へ開放するタイプ,,,32800,29600
トヨタ,マークII,JZX100,96/09～00/10,1JZ-GTE,,Release,23929,,259983,70646-qq-e-31k,70646-qq-e-d-31k,4.95909E+12,70646,BLITZ,SUPER SOUND BLOW OFF VALVE BR,大気開放タイプ<br>アクセルオフ時に逆流した過給圧を大気へ開放するタイプ,,,29800,27400
トヨタ,マークII,JZX100,96/09～00/10,1JZ-GTE,,Return,29243,,259984,70746-qq-e-32k,70746-qq-e-d-32k,4.95909E+12,70746,BLITZ,SUPER SOUND BLOW OFF VALVE BR,サクションリターンタイプ<br>アクセルオフ時に逆流した過給圧をホースを通じて純正同様にサクション側へリターンさせるタイプ<br>車検時も問題なし,,,36800,32600
トヨタ,マークII,JZX110,00/10～,1JZ-GTE,,Release,23929,,259985,70646-qq-e-33k,70646-qq-e-d-33k,4.95909E+12,70646,BLITZ,SUPER SOUND BLOW OFF VALVE BR,大気開放タイプ<br>アクセルオフ時に逆流した過給圧を大気へ開放するタイプ,,,29800,27400
トヨタ,マークII,JZX110,00/10～,1JZ-GTE,,Return,29243,,259986,70746-qq-e-34k,70746-qq-e-d-34k,4.95909E+12,70746,BLITZ,SUPER SOUND BLOW OFF VALVE BR,サクションリターンタイプ<br>アクセルオフ時に逆流した過給圧をホースを通じて純正同様にサクション側へリターンさせるタイプ<br>車検時も問題なし,,,36800,32600
トヨタ,マークII,JZX81,90/08～92/10,1JZ-GTE,,Release,26256,,259981,70645-qq-e-29k,70645-qq-e-d-29k,4.95909E+12,70645,BLITZ,SUPER SOUND BLOW OFF VALVE BR,大気開放タイプ<br>アクセルオフ時に逆流した過給圧を大気へ開放するタイプ,,,32800,29600
トヨタ,マークII,JZX90,92/10～96/09,1JZ-GTE,,Release,26256,,259982,70645-qq-e-30k,70645-qq-e-d-30k,4.95909E+12,70645,BLITZ,SUPER SOUND BLOW OFF VALVE BR,大気開放タイプ<br>アクセルオフ時に逆流した過給圧を大気へ開放するタイプ,,,32800,29600
トヨタ,マークIIブリット,JZX110W,02/01～,1JZ-GTE,,Release,23929,,259987,70646-qq-e-35k,70646-qq-e-d-35k,4.95909E+12,70646,BLITZ,SUPER SOUND BLOW OFF VALVE BR,大気開放タイプ<br>アクセルオフ時に逆流した過給圧を大気へ開放するタイプ,,,29800,27400
トヨタ,マークIIブリット,JZX110W,02/01～,1JZ-GTE,,Return,29243,,259988,70746-qq-e-36k,70746-qq-e-d-36k,4.95909E+12,70746,BLITZ,SUPER SOUND BLOW OFF VALVE BR,サクションリターンタイプ<br>アクセルオフ時に逆流した過給圧をホースを通じて純正同様にサクション側へリターンさせるタイプ<br>車検時も問題なし,,,36800,32600
トヨタ,ルーミー,M900A,16/11～,1KR-VET,,Release,26256,,259989,70692-qq-e-37k,70692-qq-e-d-37k,4.95909E+12,70692,BLITZ,SUPER SOUND BLOW OFF VALVE BR,大気開放タイプ<br>アクセルオフ時に逆流した過給圧を大気へ開放するタイプ,,,32800,29600
トヨタ,ルーミー,M900A,16/11～,1KR-VET,,Return,29243,,259990,70792-qq-e-38k,70792-qq-e-d-38k,4.95909E+12,70792,BLITZ,SUPER SOUND BLOW OFF VALVE BR,サクションリターンタイプ<br>アクセルオフ時に逆流した過給圧をホースを通じて純正同様にサクション側へリターンさせるタイプ<br>車検時も問題なし,,,36800,32600
日産,180SX,RPS13,91/01～,SR20DET,,Release,23929,,259992,70610-qq-e-40k,70610-qq-e-d-40k,4.95909E+12,70610,BLITZ,SUPER SOUND BLOW OFF VALVE BR,大気開放タイプ<br>アクセルオフ時に逆流した過給圧を大気へ開放するタイプ,,,29800,27400
日産,180SX,RS13,89/03～91/01,CA18DET,,Release,23929,,259991,70610-qq-e-39k,70610-qq-e-d-39k,4.95909E+12,70610,BLITZ,SUPER SOUND BLOW OFF VALVE BR,大気開放タイプ<br>アクセルオフ時に逆流した過給圧を大気へ開放するタイプ,,,29800,27400
日産,GT-R,R35,07/12～,VR38DETT,,Release,40377,,260181,70627-qq-e-41k,出さない,4.95909E+12,70627,BLITZ,SUPER SOUND BLOW OFF VALVE BR,大気開放タイプ<br>アクセルオフ時に逆流した過給圧を大気へ開放するタイプ,,,51800,出さない
日産,GT-R,R35,07/12～,VR38DETT,,Return,40377,,260182,70727-qq-e-42k,出さない,4.95909E+12,70727,BLITZ,SUPER SOUND BLOW OFF VALVE BR,サクションリターンタイプ<br>アクセルオフ時に逆流した過給圧をホースを通じて純正同様にサクション側へリターンさせるタイプ<br>車検時も問題なし,,,51800,出さない
日産,NV100クリッパー,DR17V,15/03～,R06A,ターボ,Release,26256,,259993,70696-qq-e-43k,70696-qq-e-d-43k,4.95909E+12,70696,BLITZ,SUPER SOUND BLOW OFF VALVE BR,大気開放タイプ<br>アクセルオフ時に逆流した過給圧を大気へ開放するタイプ,,,32800,29600
日産,NV100クリッパー,DR17V,15/03～,R06A,ターボ,Return,30727,,259994,70796-qq-e-44k,70796-qq-e-d-44k,4.95909E+12,70796,BLITZ,SUPER SOUND BLOW OFF VALVE BR,サクションリターンタイプ<br>アクセルオフ時に逆流した過給圧をホースを通じて純正同様にサクション側へリターンさせるタイプ<br>車検時も問題なし,,,38800,34100
日産,NV100クリッパーリオ,DR17W,15/03～,R06A,ターボ,Release,26256,,259995,70696-qq-e-45k,70696-qq-e-d-45k,4.95909E+12,70696,BLITZ,SUPER SOUND BLOW OFF VALVE BR,大気開放タイプ<br>アクセルオフ時に逆流した過給圧を大気へ開放するタイプ,,,32800,29600
日産,NV100クリッパーリオ,DR17W,15/03～,R06A,ターボ,Return,30727,,259996,70796-qq-e-46k,70796-qq-e-d-46k,4.95909E+12,70796,BLITZ,SUPER SOUND BLOW OFF VALVE BR,サクションリターンタイプ<br>アクセルオフ時に逆流した過給圧をホースを通じて純正同様にサクション側へリターンさせるタイプ<br>車検時も問題なし,,,38800,34100
日産,アベニールサリュー,PNW10,95/08～,SR20DET,,Release,26256,,259997,70626-qq-e-47k,70626-qq-e-d-47k,4.95909E+12,70626,BLITZ,SUPER SOUND BLOW OFF VALVE BR,大気開放タイプ<br>アクセルオフ時に逆流した過給圧を大気へ開放するタイプ,,,32800,29600
日産,グロリア,HY33,95/06～99/06,VQ30DET,,Release,26256,,259999,70618-qq-e-49k,70618-qq-e-d-49k,4.95909E+12,70618,BLITZ,SUPER SOUND BLOW OFF VALVE BR,大気開放タイプ<br>アクセルオフ時に逆流した過給圧を大気へ開放するタイプ,,,32800,29600
日産,グロリア,HY34,99/06～,VQ30DET,,Release,26256,,260000,70618-qq-e-50k,70618-qq-e-d-50k,4.95909E+12,70618,BLITZ,SUPER SOUND BLOW OFF VALVE BR,大気開放タイプ<br>アクセルオフ時に逆流した過給圧を大気へ開放するタイプ,,,32800,29600
日産,グロリア,PY32/PBY32,91/06～95/06,VG30DET,,Release,26256,,259998,70618-qq-e-48k,70618-qq-e-d-48k,4.95909E+12,70618,BLITZ,SUPER SOUND BLOW OFF VALVE BR,大気開放タイプ<br>アクセルオフ時に逆流した過給圧を大気へ開放するタイプ,,,32800,29600
日産,シルビア,PS13,91/01～93/10,SR20DET,,Release,23929,,260002,70610-qq-e-52k,70610-qq-e-d-52k,4.95909E+12,70610,BLITZ,SUPER SOUND BLOW OFF VALVE BR,大気開放タイプ<br>アクセルオフ時に逆流した過給圧を大気へ開放するタイプ,,,29800,27400
日産,シルビア,S13,88/05～91/01,CA18DET,,Release,23929,,260001,70610-qq-e-51k,70610-qq-e-d-51k,4.95909E+12,70610,BLITZ,SUPER SOUND BLOW OFF VALVE BR,大気開放タイプ<br>アクセルオフ時に逆流した過給圧を大気へ開放するタイプ,,,29800,27400
日産,シルビア,S14,93/10～99/01,SR20DET,,Release,23929,,260003,70623-qq-e-53k,70623-qq-e-d-53k,4.95909E+12,70623,BLITZ,SUPER SOUND BLOW OFF VALVE BR,大気開放タイプ<br>アクセルオフ時に逆流した過給圧を大気へ開放するタイプ,,,29800,27400
日産,シルビア,S15,99/01～,SR20DET,,Release,23929,,260004,70623-qq-e-54k,70623-qq-e-d-54k,4.95909E+12,70623,BLITZ,SUPER SOUND BLOW OFF VALVE BR,大気開放タイプ<br>アクセルオフ時に逆流した過給圧を大気へ開放するタイプ,,,29800,27400
日産,スカイライン,ECR33,93/08～98/05,RB25DET,,Release,23929,,260007,70620-qq-e-57k,70620-qq-e-d-57k,4.95909E+12,70620,BLITZ,SUPER SOUND BLOW OFF VALVE BR,大気開放タイプ<br>アクセルオフ時に逆流した過給圧を大気へ開放するタイプ,,,29800,27400
日産,スカイライン,ECR33,93/08～98/05,RB25DET,,Return,29243,,260008,70720-qq-e-58k,70720-qq-e-d-58k,4.95909E+12,70720,BLITZ,SUPER SOUND BLOW OFF VALVE BR,サクションリターンタイプ<br>アクセルオフ時に逆流した過給圧をホースを通じて純正同様にサクション側へリターンさせるタイプ<br>車検時も問題なし,リターンタイプ装着時は一部純正部品を併用,,36800,32600
日産,スカイライン,ER34,98/05～01/06,RB25DET,,Release,23929,,260009,70620-qq-e-59k,70620-qq-e-d-59k,4.95909E+12,70620,BLITZ,SUPER SOUND BLOW OFF VALVE BR,大気開放タイプ<br>アクセルオフ時に逆流した過給圧を大気へ開放するタイプ,,,29800,27400
日産,スカイライン,ER34,98/05～01/06,RB25DET,,Return,29243,,260010,70720-qq-e-60k,70720-qq-e-d-60k,4.95909E+12,70720,BLITZ,SUPER SOUND BLOW OFF VALVE BR,サクションリターンタイプ<br>アクセルオフ時に逆流した過給圧をホースを通じて純正同様にサクション側へリターンさせるタイプ<br>車検時も問題なし,リターンタイプ装着時は一部純正部品を併用,,36800,32600
日産,スカイライン,HCR32,89/05～93/08,RB20DET,,Release,23929,,260005,70620-qq-e-55k,70620-qq-e-d-55k,4.95909E+12,70620,BLITZ,SUPER SOUND BLOW OFF VALVE BR,大気開放タイプ<br>アクセルオフ時に逆流した過給圧を大気へ開放するタイプ,,,29800,27400
日産,スカイライン,HCR32,89/05～93/08,RB20DET,,Return,29243,,260006,70720-qq-e-56k,70720-qq-e-d-56k,4.95909E+12,70720,BLITZ,SUPER SOUND BLOW OFF VALVE BR,サクションリターンタイプ<br>アクセルオフ時に逆流した過給圧をホースを通じて純正同様にサクション側へリターンさせるタイプ<br>車検時も問題なし,リターンタイプ装着時は一部純正部品を併用,,36800,32600
日産,スカイラインGT-R,BCNR33,95/01～99/01,RB26DETT,,Release,40377,,260179,70624-qq-e-62k,70624-qq-e-d-62k,4.95909E+12,70624,BLITZ,SUPER SOUND BLOW OFF VALVE BR,大気開放タイプ<br>アクセルオフ時に逆流した過給圧を大気へ開放するタイプ,,,51800,48900
日産,スカイラインGT-R,BNR32,89/08～95/01,RB26DETT,,Release,40377,,260178,70624-qq-e-61k,70624-qq-e-d-61k,4.95909E+12,70624,BLITZ,SUPER SOUND BLOW OFF VALVE BR,大気開放タイプ<br>アクセルオフ時に逆流した過給圧を大気へ開放するタイプ,,,51800,48900
日産,スカイラインGT-R,BNR34,99/01～,RB26DETT,,Release,40377,,260180,70624-qq-e-63k,70624-qq-e-d-63k,4.95909E+12,70624,BLITZ,SUPER SOUND BLOW OFF VALVE BR,大気開放タイプ<br>アクセルオフ時に逆流した過給圧を大気へ開放するタイプ,,,51800,48900
日産,ステージア,NM35,01/10～04/08,VQ25DET,,Release,26256,,260013,70622-qq-e-66k,70622-qq-e-d-66k,4.95909E+12,70622,BLITZ,SUPER SOUND BLOW OFF VALVE BR,大気開放タイプ<br>アクセルオフ時に逆流した過給圧を大気へ開放するタイプ,,,32800,29600
日産,ステージア,WGNC34,96/09～01/10,RB25DET,MC前後共通,Release,23929,,260011,70620-qq-e-64k,70620-qq-e-d-64k,4.95909E+12,70620,BLITZ,SUPER SOUND BLOW OFF VALVE BR,大気開放タイプ<br>アクセルオフ時に逆流した過給圧を大気へ開放するタイプ,,,29800,27400
日産,ステージア,WGNC34,96/09～01/10,RB25DET,MC前後共通,Return,29243,,260012,70720-qq-e-65k,70720-qq-e-d-65k,4.95909E+12,70720,BLITZ,SUPER SOUND BLOW OFF VALVE BR,サクションリターンタイプ<br>アクセルオフ時に逆流した過給圧をホースを通じて純正同様にサクション側へリターンさせるタイプ<br>車検時も問題なし,リターンタイプ装着時は一部純正部品を併用,,36800,32600
日産,セドリック,HY33,95/06～99/06,VQ30DET,,Release,26256,,260015,70618-qq-e-68k,70618-qq-e-d-68k,4.95909E+12,70618,BLITZ,SUPER SOUND BLOW OFF VALVE BR,大気開放タイプ<br>アクセルオフ時に逆流した過給圧を大気へ開放するタイプ,,,32800,29600
日産,セドリック,HY34,99/06～,VQ30DET,,Release,26256,,260016,70618-qq-e-69k,70618-qq-e-d-69k,4.95909E+12,70618,BLITZ,SUPER SOUND BLOW OFF VALVE BR,大気開放タイプ<br>アクセルオフ時に逆流した過給圧を大気へ開放するタイプ,,,32800,29600
日産,セドリック,PY32/PBY32,91/06～95/06,VG30DET,,Release,26256,,260014,70618-qq-e-67k,70618-qq-e-d-67k,4.95909E+12,70618,BLITZ,SUPER SOUND BLOW OFF VALVE BR,大気開放タイプ<br>アクセルオフ時に逆流した過給圧を大気へ開放するタイプ,,,32800,29600
日産,セフィーロ,A31/CA31/NA31/LA31/LCA31/LNA31,88/09～94/08,RB20DET,,Release,26256,,260017,70625-qq-e-70k,70625-qq-e-d-70k,4.95909E+12,70625,BLITZ,SUPER SOUND BLOW OFF VALVE BR,大気開放タイプ<br>アクセルオフ時に逆流した過給圧を大気へ開放するタイプ,,,32800,29600
日産,デイズ,B21W,13/08～,3B20,ターボ,Release,26256,,260018,70697-qq-e-71k,70697-qq-e-d-71k,4.95909E+12,70697,BLITZ,SUPER SOUND BLOW OFF VALVE BR,大気開放タイプ<br>アクセルオフ時に逆流した過給圧を大気へ開放するタイプ,,,32800,29600
日産,デイズルークス,B21A,14/02～,3B20,ターボ,Release,26256,,260019,70697-qq-e-72k,70697-qq-e-d-72k,4.95909E+12,70697,BLITZ,SUPER SOUND BLOW OFF VALVE BR,大気開放タイプ<br>アクセルオフ時に逆流した過給圧を大気へ開放するタイプ,,,32800,29600
日産,ローレル,HC33/HCC33,89/01～93/01,RB20DET,,Release,26256,,260020,70625-qq-e-73k,70625-qq-e-d-73k,4.95909E+12,70625,BLITZ,SUPER SOUND BLOW OFF VALVE BR,大気開放タイプ<br>アクセルオフ時に逆流した過給圧を大気へ開放するタイプ,,,32800,29600
ホンダ,N-BOX,JF1/JF2,11/12～17/09,S07A,ターボ,Release,23929,,260112,70699-qq-e-165k,70699-qq-e-d-165k,4.95909E+12,70699,BLITZ,SUPER SOUND BLOW OFF VALVE BR,大気開放タイプ<br>アクセルオフ時に逆流した過給圧を大気へ開放するタイプ,,,29800,27400
ホンダ,N-BOX,JF3/JF4,17/09～,S07B,ターボ,Release,26256,,260113,70685-qq-e-166k,70685-qq-e-d-166k,4.95909E+12,70685,BLITZ,SUPER SOUND BLOW OFF VALVE BR,大気開放タイプ<br>アクセルオフ時に逆流した過給圧を大気へ開放するタイプ,,,32800,29600
ホンダ,N-BOX,JF3/JF4,17/09～,S07B,ターボ,Return,30727,,260114,70785-qq-e-167k,70785-qq-e-d-167k,4.95909E+12,70785,BLITZ,SUPER SOUND BLOW OFF VALVE BR,サクションリターンタイプ<br>アクセルオフ時に逆流した過給圧をホースを通じて純正同様にサクション側へリターンさせるタイプ<br>車検時も問題なし,,,38800,34100
ホンダ,N-BOX+,JF1/JF2,12/07～,S07A,ターボ,Release,23929,,260115,70699-qq-e-168k,70699-qq-e-d-168k,4.95909E+12,70699,BLITZ,SUPER SOUND BLOW OFF VALVE BR,大気開放タイプ<br>アクセルオフ時に逆流した過給圧を大気へ開放するタイプ,,,29800,27400
ホンダ,N-BOX+カスタム,JF1/JF2,11/12～,S07A,ターボ,Release,23929,,260116,70699-qq-e-169k,70699-qq-e-d-169k,4.95909E+12,70699,BLITZ,SUPER SOUND BLOW OFF VALVE BR,大気開放タイプ<br>アクセルオフ時に逆流した過給圧を大気へ開放するタイプ,,,29800,27400
ホンダ,N-BOXカスタム,JF1/JF2,11/12～17/09,S07A,ターボ,Release,23929,,260117,70699-qq-e-170k,70699-qq-e-d-170k,4.95909E+12,70699,BLITZ,SUPER SOUND BLOW OFF VALVE BR,大気開放タイプ<br>アクセルオフ時に逆流した過給圧を大気へ開放するタイプ,,,29800,27400
ホンダ,N-BOXカスタム,JF3/JF4,17/09～,S07B,ターボ,Release,26256,,260118,70685-qq-e-171k,70685-qq-e-d-171k,4.95909E+12,70685,BLITZ,SUPER SOUND BLOW OFF VALVE BR,大気開放タイプ<br>アクセルオフ時に逆流した過給圧を大気へ開放するタイプ,,,32800,29600
ホンダ,N-BOXカスタム,JF3/JF4,17/09～,S07B,ターボ,Return,30727,,260119,70785-qq-e-172k,70785-qq-e-d-172k,4.95909E+12,70785,BLITZ,SUPER SOUND BLOW OFF VALVE BR,サクションリターンタイプ<br>アクセルオフ時に逆流した過給圧をホースを通じて純正同様にサクション側へリターンさせるタイプ<br>車検時も問題なし,,,38800,34100
ホンダ,N-BOXスラッシュ,JF1/JF2,14/12～,S07A,ターボ,Release,23929,,260120,70699-qq-e-173k,70699-qq-e-d-173k,4.95909E+12,70699,BLITZ,SUPER SOUND BLOW OFF VALVE BR,大気開放タイプ<br>アクセルオフ時に逆流した過給圧を大気へ開放するタイプ,,,29800,27400
ホンダ,N-ONE,JG1/JG2,12/11～,S07A,ターボ,Release,23929,,260121,70699-qq-e-174k,70699-qq-e-d-174k,4.95909E+12,70699,BLITZ,SUPER SOUND BLOW OFF VALVE BR,大気開放タイプ<br>アクセルオフ時に逆流した過給圧を大気へ開放するタイプ,,,29800,27400
ホンダ,N-WGN,JH3/JH4,19/08～,S07B,ターボ,Release,26256,,260122,70685-qq-e-175k,70685-qq-e-d-175k,4.95909E+12,70685,BLITZ,SUPER SOUND BLOW OFF VALVE BR,大気開放タイプ<br>アクセルオフ時に逆流した過給圧を大気へ開放するタイプ,,,32800,29600
ホンダ,N-WGN,JH3/JH4,19/08～,S07B,ターボ,Return,30727,,260123,70785-qq-e-176k,70785-qq-e-d-176k,4.95909E+12,70785,BLITZ,SUPER SOUND BLOW OFF VALVE BR,サクションリターンタイプ<br>アクセルオフ時に逆流した過給圧をホースを通じて純正同様にサクション側へリターンさせるタイプ<br>車検時も問題なし,,,38800,34100
ホンダ,N-WGNカスタム,JH3/JH4,19/08～,S07B,ターボ,Release,26256,,260124,70685-qq-e-177k,70685-qq-e-d-177k,4.95909E+12,70685,BLITZ,SUPER SOUND BLOW OFF VALVE BR,大気開放タイプ<br>アクセルオフ時に逆流した過給圧を大気へ開放するタイプ,,,32800,29600
ホンダ,N-WGNカスタム,JH3/JH4,19/08～,S07B,ターボ,Return,30727,,260125,70785-qq-e-178k,70785-qq-e-d-178k,4.95909E+12,70785,BLITZ,SUPER SOUND BLOW OFF VALVE BR,サクションリターンタイプ<br>アクセルオフ時に逆流した過給圧をホースを通じて純正同様にサクション側へリターンさせるタイプ<br>車検時も問題なし,,,38800,34100
ホンダ,S660,JW5,15/04～,S07A,ターボ,Release,23929,,260126,70695-qq-e-179k,70695-qq-e-d-179k,4.95909E+12,70695,BLITZ,SUPER SOUND BLOW OFF VALVE BR,大気開放タイプ<br>アクセルオフ時に逆流した過給圧を大気へ開放するタイプ,,,29800,27400
ホンダ,S660,JW5,15/04～,S07A,ターボ,Return,23929,,260127,70795-qq-e-180k,70795-qq-e-d-180k,4.95909E+12,70795,BLITZ,SUPER SOUND BLOW OFF VALVE BR,サクションリターンタイプ<br>アクセルオフ時に逆流した過給圧をホースを通じて純正同様にサクション側へリターンさせるタイプ<br>車検時も問題なし,,,29800,27400
ホンダ,ゼストスポーツ,JE1/JE2,06/03～08/12,P07A,ターボ,Release,26256,,260128,70653-qq-e-181k,70653-qq-e-d-181k,4.95909E+12,70653,BLITZ,SUPER SOUND BLOW OFF VALVE BR,大気開放タイプ<br>アクセルオフ時に逆流した過給圧を大気へ開放するタイプ,,,32800,29600
ホンダ,ライフ,JB7/JB8,03/10～08/11,P07A,ターボ,Release,26256,,260129,70653-qq-e-182k,70653-qq-e-d-182k,4.95909E+12,70653,BLITZ,SUPER SOUND BLOW OFF VALVE BR,大気開放タイプ<br>アクセルオフ時に逆流した過給圧を大気へ開放するタイプ,,,32800,29600
マツダ,RX-7,FC3S,89/04～91/12,13B,MC後専用,Release,23929,,260021,70690-qq-e-74k,70690-qq-e-d-74k,4.95909E+12,70690,BLITZ,SUPER SOUND BLOW OFF VALVE BR,大気開放タイプ<br>アクセルオフ時に逆流した過給圧を大気へ開放するタイプ,,,29800,27400
マツダ,RX-7,FD3S,91/12～,13B-REW,,Release,26256,,260022,70691-qq-e-75k,70691-qq-e-d-75k,4.95909E+12,70691,BLITZ,SUPER SOUND BLOW OFF VALVE BR,大気開放タイプ<br>アクセルオフ時に逆流した過給圧を大気へ開放するタイプ,,,32800,29600
マツダ,スクラムバン,DG17V,15/03～,R06A,ターボ,Release,26256,,260023,70696-qq-e-76k,70696-qq-e-d-76k,4.95909E+12,70696,BLITZ,SUPER SOUND BLOW OFF VALVE BR,大気開放タイプ<br>アクセルオフ時に逆流した過給圧を大気へ開放するタイプ,,,32800,29600
マツダ,スクラムバン,DG17V,15/03～,R06A,ターボ,Return,30727,,260024,70796-qq-e-77k,70796-qq-e-d-77k,4.95909E+12,70796,BLITZ,SUPER SOUND BLOW OFF VALVE BR,サクションリターンタイプ<br>アクセルオフ時に逆流した過給圧をホースを通じて純正同様にサクション側へリターンさせるタイプ<br>車検時も問題なし,,,38800,34100
マツダ,スクラムワゴン,DG17W,15/03～,R06A,ターボ,Release,26256,,260025,70696-qq-e-78k,70696-qq-e-d-78k,4.95909E+12,70696,BLITZ,SUPER SOUND BLOW OFF VALVE BR,大気開放タイプ<br>アクセルオフ時に逆流した過給圧を大気へ開放するタイプ,,,32800,29600
マツダ,スクラムワゴン,DG17W,15/03～,R06A,ターボ,Return,30727,,260026,70796-qq-e-79k,70796-qq-e-d-79k,4.95909E+12,70796,BLITZ,SUPER SOUND BLOW OFF VALVE BR,サクションリターンタイプ<br>アクセルオフ時に逆流した過給圧をホースを通じて純正同様にサクション側へリターンさせるタイプ<br>車検時も問題なし,,,38800,34100
マツダ,フレアワゴンカスタムスタイル,MM53S,18/02～,R06A,ターボ,Release,26256,,260027,70679-qq-e-80k,70679-qq-e-d-80k,4.95909E+12,70679,BLITZ,SUPER SOUND BLOW OFF VALVE BR,大気開放タイプ<br>アクセルオフ時に逆流した過給圧を大気へ開放するタイプ,,,32800,29600
マツダ,フレアワゴンカスタムスタイル,MM53S,18/02～,R06A,ターボ,Return,30727,,260028,70779-qq-e-81k,70779-qq-e-d-81k,4.95909E+12,70779,BLITZ,SUPER SOUND BLOW OFF VALVE BR,サクションリターンタイプ<br>アクセルオフ時に逆流した過給圧をホースを通じて純正同様にサクション側へリターンさせるタイプ<br>車検時も問題なし,,,38800,34100
マツダ,フレアワゴンタフスタイル,MM53S,18/12～,R06A,ターボ,Release,26256,,260029,70677-qq-e-82k,70677-qq-e-d-82k,4.95909E+12,70677,BLITZ,SUPER SOUND BLOW OFF VALVE BR,大気開放タイプ<br>アクセルオフ時に逆流した過給圧を大気へ開放するタイプ,,,32800,29600
マツダ,フレアワゴンタフスタイル,MM53S,18/12～,R06A,ターボ,Return,30727,,260030,70777-qq-e-83k,70777-qq-e-d-83k,4.95909E+12,70777,BLITZ,SUPER SOUND BLOW OFF VALVE BR,サクションリターンタイプ<br>アクセルオフ時に逆流した過給圧をホースを通じて純正同様にサクション側へリターンさせるタイプ<br>車検時も問題なし,,,38800,34100
三菱,eKカスタム,B11W,13/06～,3B20,ターボ,Release,26256,,260031,70697-qq-e-84k,70697-qq-e-d-84k,4.95909E+12,70697,BLITZ,SUPER SOUND BLOW OFF VALVE BR,大気開放タイプ<br>アクセルオフ時に逆流した過給圧を大気へ開放するタイプ,,,32800,29600
三菱,eKスペースカスタム,B11A,14/02～,3B20,ターボ,Release,26256,,260036,70697-qq-e-89k,70697-qq-e-d-89k,4.95909E+12,70697,BLITZ,SUPER SOUND BLOW OFF VALVE BR,大気開放タイプ<br>アクセルオフ時に逆流した過給圧を大気へ開放するタイプ,,,32800,29600
三菱,eKスポーツ,H81W,02/09～06/09,3G83,eKアクティブ未確認,Release,26256,,260032,70674-qq-e-85k,70674-qq-e-d-85k,4.95909E+12,70674,BLITZ,SUPER SOUND BLOW OFF VALVE BR,大気開放タイプ<br>アクセルオフ時に逆流した過給圧を大気へ開放するタイプ,,,32800,29600
三菱,eKスポーツ,H81W,02/09～06/09,3G83,eKアクティブ未確認,Return,29243,,260033,70774-qq-e-86k,70774-qq-e-d-86k,4.95909E+12,70774,BLITZ,SUPER SOUND BLOW OFF VALVE BR,サクションリターンタイプ<br>アクセルオフ時に逆流した過給圧をホースを通じて純正同様にサクション側へリターンさせるタイプ<br>車検時も問題なし,,,36800,32600
三菱,eKスポーツ,H82W,06/09～08/08,3G83,,Release,26256,,260034,70674-qq-e-87k,70674-qq-e-d-87k,4.95909E+12,70674,BLITZ,SUPER SOUND BLOW OFF VALVE BR,大気開放タイプ<br>アクセルオフ時に逆流した過給圧を大気へ開放するタイプ,,,32800,29600
三菱,eKスポーツ,H82W,06/09～08/08,3G83,,Return,29243,,260035,70774-qq-e-88k,70774-qq-e-d-88k,4.95909E+12,70774,BLITZ,SUPER SOUND BLOW OFF VALVE BR,サクションリターンタイプ<br>アクセルオフ時に逆流した過給圧をホースを通じて純正同様にサクション側へリターンさせるタイプ<br>車検時も問題なし,,,36800,32600
三菱,コルトラリーアート,Z27A,04/10～06/05,4G15,,Release,23929,,260037,70671-qq-e-90k,70671-qq-e-d-90k,4.95909E+12,70671,BLITZ,SUPER SOUND BLOW OFF VALVE BR,大気開放タイプ<br>アクセルオフ時に逆流した過給圧を大気へ開放するタイプ,,,29800,27400
三菱,コルトラリーアート,Z27A,04/10～06/05,4G15,,Return,32955,,260038,70771-qq-e-91k,70771-qq-e-d-91k,4.95909E+12,70771,BLITZ,SUPER SOUND BLOW OFF VALVE BR,サクションリターンタイプ<br>アクセルオフ時に逆流した過給圧をホースを通じて純正同様にサクション側へリターンさせるタイプ<br>車検時も問題なし,,,41800,36400
三菱,コルトラリーアート,Z27AG,06/05～,4G15,,Return,32955,,260039,70771-qq-e-92k,70771-qq-e-d-92k,4.95909E+12,70771,BLITZ,SUPER SOUND BLOW OFF VALVE BR,サクションリターンタイプ<br>アクセルオフ時に逆流した過給圧をホースを通じて純正同様にサクション側へリターンさせるタイプ<br>車検時も問題なし,リリースファンネル装着時の動作保証はできません,,41800,36400
三菱,タウンボックス,DS17W,15/03～,R06A,ターボ,Release,26256,,260040,70696-qq-e-93k,70696-qq-e-d-93k,4.95909E+12,70696,BLITZ,SUPER SOUND BLOW OFF VALVE BR,大気開放タイプ<br>アクセルオフ時に逆流した過給圧を大気へ開放するタイプ,,,32800,29600
三菱,タウンボックス,DS17W,15/03～,R06A,ターボ,Return,30727,,260041,70796-qq-e-94k,70796-qq-e-d-94k,4.95909E+12,70796,BLITZ,SUPER SOUND BLOW OFF VALVE BR,サクションリターンタイプ<br>アクセルオフ時に逆流した過給圧をホースを通じて純正同様にサクション側へリターンさせるタイプ<br>車検時も問題なし,,,38800,34100
三菱,ミニキャブバン,DS17V,15/03～,R06A,ターボ,Release,26256,,260042,70696-qq-e-95k,70696-qq-e-d-95k,4.95909E+12,70696,BLITZ,SUPER SOUND BLOW OFF VALVE BR,大気開放タイプ<br>アクセルオフ時に逆流した過給圧を大気へ開放するタイプ,,,32800,29600
三菱,ミニキャブバン,DS17V,15/03～,R06A,ターボ,Return,30727,,260043,70796-qq-e-96k,70796-qq-e-d-96k,4.95909E+12,70796,BLITZ,SUPER SOUND BLOW OFF VALVE BR,サクションリターンタイプ<br>アクセルオフ時に逆流した過給圧をホースを通じて純正同様にサクション側へリターンさせるタイプ<br>車検時も問題なし,,,38800,34100
三菱,ランサーエボリューション,CD9A,92/11～94/11,4G63,,Release,23929,,260044,70671-qq-e-97k,70671-qq-e-d-97k,4.95909E+12,70671,BLITZ,SUPER SOUND BLOW OFF VALVE BR,大気開放タイプ<br>アクセルオフ時に逆流した過給圧を大気へ開放するタイプ,,,29800,27400
三菱,ランサーエボリューション,CD9A,92/11～94/11,4G63,,Return,32955,,260045,70771-qq-e-98k,70771-qq-e-d-98k,4.95909E+12,70771,BLITZ,SUPER SOUND BLOW OFF VALVE BR,サクションリターンタイプ<br>アクセルオフ時に逆流した過給圧をホースを通じて純正同様にサクション側へリターンさせるタイプ<br>車検時も問題なし,,,41800,36400
三菱,ランサーエボリューションII,CE9A,94/11～95/02,4G63,,Release,23929,,260046,70671-qq-e-99k,70671-qq-e-d-99k,4.95909E+12,70671,BLITZ,SUPER SOUND BLOW OFF VALVE BR,大気開放タイプ<br>アクセルオフ時に逆流した過給圧を大気へ開放するタイプ,,,29800,27400
三菱,ランサーエボリューションII,CE9A,94/11～95/02,4G63,,Return,32955,,260047,70771-qq-e-100k,70771-qq-e-d-100k,4.95909E+12,70771,BLITZ,SUPER SOUND BLOW OFF VALVE BR,サクションリターンタイプ<br>アクセルオフ時に逆流した過給圧をホースを通じて純正同様にサクション側へリターンさせるタイプ<br>車検時も問題なし,,,41800,36400
三菱,ランサーエボリューションIII,CE9A,95/02～96/08,4G63,,Release,23929,,260048,70671-qq-e-101k,70671-qq-e-d-101k,4.95909E+12,70671,BLITZ,SUPER SOUND BLOW OFF VALVE BR,大気開放タイプ<br>アクセルオフ時に逆流した過給圧を大気へ開放するタイプ,,,29800,27400
三菱,ランサーエボリューションIII,CE9A,95/02～96/08,4G63,,Return,32955,,260049,70771-qq-e-102k,70771-qq-e-d-102k,4.95909E+12,70771,BLITZ,SUPER SOUND BLOW OFF VALVE BR,サクションリターンタイプ<br>アクセルオフ時に逆流した過給圧をホースを通じて純正同様にサクション側へリターンさせるタイプ<br>車検時も問題なし,,,41800,36400
三菱,ランサーエボリューションIV,CN9A,96/08～98/01,4G63,,Release,23929,,260050,70671-qq-e-103k,70671-qq-e-d-103k,4.95909E+12,70671,BLITZ,SUPER SOUND BLOW OFF VALVE BR,大気開放タイプ<br>アクセルオフ時に逆流した過給圧を大気へ開放するタイプ,,,29800,27400
三菱,ランサーエボリューションIV,CN9A,96/08～98/01,4G63,,Return,32955,,260051,70771-qq-e-104k,70771-qq-e-d-104k,4.95909E+12,70771,BLITZ,SUPER SOUND BLOW OFF VALVE BR,サクションリターンタイプ<br>アクセルオフ時に逆流した過給圧をホースを通じて純正同様にサクション側へリターンさせるタイプ<br>車検時も問題なし,,,41800,36400
三菱,ランサーエボリューションIX,CT9A,05/03～07/10,4G63 MIVEC,MR共通,Release,23929,,260060,70671-qq-e-113k,70671-qq-e-d-113k,4.95909E+12,70671,BLITZ,SUPER SOUND BLOW OFF VALVE BR,大気開放タイプ<br>アクセルオフ時に逆流した過給圧を大気へ開放するタイプ,,,29800,27400
三菱,ランサーエボリューションIX,CT9A,05/03～07/10,4G63 MIVEC,MR共通,Return,32955,,260061,70771-qq-e-114k,70771-qq-e-d-114k,4.95909E+12,70771,BLITZ,SUPER SOUND BLOW OFF VALVE BR,サクションリターンタイプ<br>アクセルオフ時に逆流した過給圧をホースを通じて純正同様にサクション側へリターンさせるタイプ<br>車検時も問題なし,,,41800,36400
三菱,ランサーエボリューションV,CP9A,98/01～99/01,4G63,,Release,23929,,260052,70671-qq-e-105k,70671-qq-e-d-105k,4.95909E+12,70671,BLITZ,SUPER SOUND BLOW OFF VALVE BR,大気開放タイプ<br>アクセルオフ時に逆流した過給圧を大気へ開放するタイプ,,,29800,27400
三菱,ランサーエボリューションV,CP9A,98/01～99/01,4G63,,Return,32955,,260053,70771-qq-e-106k,70771-qq-e-d-106k,4.95909E+12,70771,BLITZ,SUPER SOUND BLOW OFF VALVE BR,サクションリターンタイプ<br>アクセルオフ時に逆流した過給圧をホースを通じて純正同様にサクション側へリターンさせるタイプ<br>車検時も問題なし,,,41800,36400
三菱,ランサーエボリューションVI,CP9A,99/01～01/02,4G63,,Release,23929,,260054,70671-qq-e-107k,70671-qq-e-d-107k,4.95909E+12,70671,BLITZ,SUPER SOUND BLOW OFF VALVE BR,大気開放タイプ<br>アクセルオフ時に逆流した過給圧を大気へ開放するタイプ,,,29800,27400
三菱,ランサーエボリューションVI,CP9A,99/01～01/02,4G63,,Return,32955,,260055,70771-qq-e-108k,70771-qq-e-d-108k,4.95909E+12,70771,BLITZ,SUPER SOUND BLOW OFF VALVE BR,サクションリターンタイプ<br>アクセルオフ時に逆流した過給圧をホースを通じて純正同様にサクション側へリターンさせるタイプ<br>車検時も問題なし,,,41800,36400
三菱,ランサーエボリューションVII,CT9A,01/02～03/01,4G63,GT-A未確認,Release,23929,,260056,70671-qq-e-109k,70671-qq-e-d-109k,4.95909E+12,70671,BLITZ,SUPER SOUND BLOW OFF VALVE BR,大気開放タイプ<br>アクセルオフ時に逆流した過給圧を大気へ開放するタイプ,,,29800,27400
三菱,ランサーエボリューションVII,CT9A,01/02～03/01,4G63,GT-A未確認,Return,32955,,260057,70771-qq-e-110k,70771-qq-e-d-110k,4.95909E+12,70771,BLITZ,SUPER SOUND BLOW OFF VALVE BR,サクションリターンタイプ<br>アクセルオフ時に逆流した過給圧をホースを通じて純正同様にサクション側へリターンさせるタイプ<br>車検時も問題なし,,,41800,36400
三菱,ランサーエボリューションVIII,CT9A,03/01～05/03,4G63,MR共通,Release,23929,,260058,70671-qq-e-111k,70671-qq-e-d-111k,4.95909E+12,70671,BLITZ,SUPER SOUND BLOW OFF VALVE BR,大気開放タイプ<br>アクセルオフ時に逆流した過給圧を大気へ開放するタイプ,,,29800,27400
三菱,ランサーエボリューションVIII,CT9A,03/01～05/03,4G63,MR共通,Return,32955,,260059,70771-qq-e-112k,70771-qq-e-d-112k,4.95909E+12,70771,BLITZ,SUPER SOUND BLOW OFF VALVE BR,サクションリターンタイプ<br>アクセルオフ時に逆流した過給圧をホースを通じて純正同様にサクション側へリターンさせるタイプ<br>車検時も問題なし,,,41800,36400
三菱,ランサーエボリューションワゴン,CT9W,06/08～,4G63,GT-A未確認,Release,23929,,260062,70671-qq-e-115k,70671-qq-e-d-115k,4.95909E+12,70671,BLITZ,SUPER SOUND BLOW OFF VALVE BR,大気開放タイプ<br>アクセルオフ時に逆流した過給圧を大気へ開放するタイプ,,,29800,27400
三菱,ランサーエボリューションワゴン,CT9W,06/08～,4G63,GT-A未確認,Return,32955,,260063,70771-qq-e-116k,70771-qq-e-d-116k,4.95909E+12,70771,BLITZ,SUPER SOUND BLOW OFF VALVE BR,サクションリターンタイプ<br>アクセルオフ時に逆流した過給圧をホースを通じて純正同様にサクション側へリターンさせるタイプ<br>車検時も問題なし,,,41800,36400
三菱,ランサーセディアワゴン,CS5W,01/06～,4G93,,Release,23929,,260064,70671-qq-e-117k,70671-qq-e-d-117k,4.95909E+12,70671,BLITZ,SUPER SOUND BLOW OFF VALVE BR,大気開放タイプ<br>アクセルオフ時に逆流した過給圧を大気へ開放するタイプ,,,29800,27400
三菱,ランサーセディアワゴン,CS5W,01/06～,4G93,,Return,32955,,260065,70771-qq-e-118k,70771-qq-e-d-118k,4.95909E+12,70771,BLITZ,SUPER SOUND BLOW OFF VALVE BR,サクションリターンタイプ<br>アクセルオフ時に逆流した過給圧をホースを通じて純正同様にサクション側へリターンさせるタイプ<br>車検時も問題なし,,,41800,36400
